{
  "type": "FeatureCollection",
  "properties": {
    "source": "IGN BD TOPO® V3 — couche plan_d_eau",
    "source_url": "https://data.geopf.fr/wfs/ows",
    "license": "Licence Ouverte / Etalab 2.0 — © IGN",
    "filter": "toponyme LIKE '%Vassivi%'"
  },
  "features": [
    {
      "type": "Feature",
      "geometry": {
        "type": "MultiPolygon",
        "coordinates": [
          [
            [
              [
                1.84830005,
                45.78143215
              ],
              [
                1.84818282,
                45.78143726
              ],
              [
                1.84811314,
                45.78144555
              ],
              [
                1.84804706,
                45.78146649
              ],
              [
                1.84798972,
                45.78150013
              ],
              [
                1.84794664,
                45.78152941
              ],
              [
                1.84788082,
                45.78153774
              ],
              [
                1.84781248,
                45.78154335
              ],
              [
                1.84775829,
                45.78155
              ],
              [
                1.84771561,
                45.78155947
              ],
              [
                1.84767807,
                45.78156989
              ],
              [
                1.84764681,
                45.78158759
              ],
              [
                1.8476193,
                45.78161072
              ],
              [
                1.84758971,
                45.78167166
              ],
              [
                1.84757077,
                45.78171559
              ],
              [
                1.84756718,
                45.78176419
              ],
              [
                1.8475715,
                45.78180386
              ],
              [
                1.84758067,
                45.78185799
              ],
              [
                1.84759126,
                45.78190583
              ],
              [
                1.84760979,
                45.78194294
              ],
              [
                1.84765053,
                45.78202621
              ],
              [
                1.84771108,
                45.78208536
              ],
              [
                1.84778088,
                45.78213291
              ],
              [
                1.84790184,
                45.78219628
              ],
              [
                1.84796079,
                45.78220859
              ],
              [
                1.84801728,
                45.78221547
              ],
              [
                1.84807773,
                45.78221789
              ],
              [
                1.84819233,
                45.78221546
              ],
              [
                1.84826707,
                45.78221172
              ],
              [
                1.84837535,
                45.78220382
              ],
              [
                1.84845661,
                45.78219564
              ],
              [
                1.84854545,
                45.78219475
              ],
              [
                1.84862529,
                45.78219286
              ],
              [
                1.84866904,
                45.78219331
              ],
              [
                1.84872693,
                45.7821948
              ],
              [
                1.84883331,
                45.7822166
              ],
              [
                1.84904701,
                45.78221517
              ],
              [
                1.84918502,
                45.78226341
              ],
              [
                1.84942394,
                45.78247208
              ],
              [
                1.84948712,
                45.7825907
              ],
              [
                1.84952819,
                45.78271991
              ],
              [
                1.84952538,
                45.78285496
              ],
              [
                1.84948053,
                45.78296888
              ],
              [
                1.84939476,
                45.78306977
              ],
              [
                1.84930836,
                45.78313914
              ],
              [
                1.84927057,
                45.78322341
              ],
              [
                1.84926194,
                45.78332869
              ],
              [
                1.84929816,
                45.78344343
              ],
              [
                1.84941241,
                45.78364363
              ],
              [
                1.8495591,
                45.78383154
              ],
              [
                1.84966266,
                45.78392716
              ],
              [
                1.84983643,
                45.78411265
              ],
              [
                1.85022506,
                45.78473621
              ],
              [
                1.85054438,
                45.78522668
              ],
              [
                1.85084928,
                45.78572961
              ],
              [
                1.85100129,
                45.78603376
              ],
              [
                1.85127346,
                45.78643999
              ],
              [
                1.851449,
                45.78654084
              ],
              [
                1.85151033,
                45.7867486
              ],
              [
                1.85160775,
                45.78701616
              ],
              [
                1.85166373,
                45.78717163
              ],
              [
                1.85168884,
                45.78732589
              ],
              [
                1.85164271,
                45.78743979
              ],
              [
                1.85157878,
                45.78754271
              ],
              [
                1.85157058,
                45.78762728
              ],
              [
                1.85159911,
                45.78774105
              ],
              [
                1.85171536,
                45.78790794
              ],
              [
                1.85221915,
                45.78844351
              ],
              [
                1.85241867,
                45.78875353
              ],
              [
                1.85255415,
                45.78898636
              ],
              [
                1.85270981,
                45.78923921
              ],
              [
                1.85276815,
                45.78946765
              ],
              [
                1.85282346,
                45.78971767
              ],
              [
                1.85286141,
                45.78987386
              ],
              [
                1.85296213,
                45.79004509
              ],
              [
                1.85319852,
                45.79044015
              ],
              [
                1.85336654,
                45.7906562
              ],
              [
                1.85348794,
                45.79082314
              ],
              [
                1.85356654,
                45.79094371
              ],
              [
                1.85354727,
                45.79112814
              ],
              [
                1.85347591,
                45.79134085
              ],
              [
                1.85353343,
                45.79154677
              ],
              [
                1.85354223,
                45.79174319
              ],
              [
                1.85350049,
                45.79189316
              ],
              [
                1.85341671,
                45.79214627
              ],
              [
                1.85358515,
                45.79221823
              ],
              [
                1.85361656,
                45.79231761
              ],
              [
                1.85360575,
                45.7924661
              ],
              [
                1.85351988,
                45.79263364
              ],
              [
                1.85334673,
                45.79278858
              ],
              [
                1.85313922,
                45.79292426
              ],
              [
                1.8530113,
                45.79307066
              ],
              [
                1.85294205,
                45.79324377
              ],
              [
                1.85290422,
                45.79345322
              ],
              [
                1.85282215,
                45.79368564
              ],
              [
                1.85269546,
                45.79389689
              ],
              [
                1.85265365,
                45.79398832
              ],
              [
                1.8524786,
                45.7942342
              ],
              [
                1.85212199,
                45.79466736
              ],
              [
                1.85174356,
                45.79497331
              ],
              [
                1.85132854,
                45.79530501
              ],
              [
                1.85106956,
                45.79543836
              ],
              [
                1.85090194,
                45.7955123
              ],
              [
                1.85083207,
                45.79559084
              ],
              [
                1.85081769,
                45.79566365
              ],
              [
                1.85067183,
                45.79574321
              ],
              [
                1.85049119,
                45.79582423
              ],
              [
                1.85033706,
                45.79586859
              ],
              [
                1.8501948,
                45.7959608
              ],
              [
                1.85007331,
                45.79604512
              ],
              [
                1.84998245,
                45.79614236
              ],
              [
                1.84988987,
                45.79626029
              ],
              [
                1.84976867,
                45.79645448
              ],
              [
                1.84961356,
                45.79654566
              ],
              [
                1.84847053,
                45.79702753
              ],
              [
                1.84775587,
                45.79721746
              ],
              [
                1.84734575,
                45.79731234
              ],
              [
                1.84678194,
                45.79742996
              ],
              [
                1.84616166,
                45.7975389
              ],
              [
                1.84555017,
                45.79765873
              ],
              [
                1.84465754,
                45.79779999
              ],
              [
                1.84450872,
                45.79783629
              ],
              [
                1.84435092,
                45.7978707
              ],
              [
                1.84419795,
                45.79792047
              ],
              [
                1.84401722,
                45.79800508
              ],
              [
                1.84368478,
                45.79814036
              ],
              [
                1.84357196,
                45.79817883
              ],
              [
                1.84346224,
                45.79819212
              ],
              [
                1.84335778,
                45.79820005
              ],
              [
                1.84328827,
                45.79819934
              ],
              [
                1.84322259,
                45.79820047
              ],
              [
                1.84316572,
                45.79821069
              ],
              [
                1.84310323,
                45.79824337
              ],
              [
                1.84308877,
                45.79825763
              ],
              [
                1.84302126,
                45.7983461
              ],
              [
                1.84295516,
                45.79848952
              ],
              [
                1.84294825,
                45.79851196
              ],
              [
                1.84292673,
                45.79855587
              ],
              [
                1.84291863,
                45.7985738
              ],
              [
                1.84291139,
                45.79861245
              ],
              [
                1.84291152,
                45.79866739
              ],
              [
                1.84292854,
                45.79871529
              ],
              [
                1.84295522,
                45.79879392
              ],
              [
                1.84297609,
                45.79884276
              ],
              [
                1.84298961,
                45.79887352
              ],
              [
                1.84299271,
                45.79890958
              ],
              [
                1.84298511,
                45.79896533
              ],
              [
                1.84297962,
                45.79904273
              ],
              [
                1.84298595,
                45.79910944
              ],
              [
                1.84299639,
                45.79916448
              ],
              [
                1.84303206,
                45.7992441
              ],
              [
                1.84307977,
                45.79930222
              ],
              [
                1.84316924,
                45.799395
              ],
              [
                1.84324822,
                45.79949668
              ],
              [
                1.84329129,
                45.79953044
              ],
              [
                1.84335375,
                45.7995608
              ],
              [
                1.84346639,
                45.79959257
              ],
              [
                1.84361367,
                45.7996301
              ],
              [
                1.84374202,
                45.79964943
              ],
              [
                1.84382433,
                45.79965388
              ],
              [
                1.84389786,
                45.79964742
              ],
              [
                1.84398823,
                45.79963574
              ],
              [
                1.84408773,
                45.79961875
              ],
              [
                1.84414975,
                45.79960858
              ],
              [
                1.84428409,
                45.79958744
              ],
              [
                1.84437837,
                45.79957399
              ],
              [
                1.84447781,
                45.7995597
              ],
              [
                1.84457982,
                45.79954544
              ],
              [
                1.84464352,
                45.79951637
              ],
              [
                1.84465005,
                45.79951193
              ],
              [
                1.84470614,
                45.79947738
              ],
              [
                1.84477038,
                45.7994222
              ],
              [
                1.84479175,
                45.7993855
              ],
              [
                1.84478889,
                45.79933774
              ],
              [
                1.84476681,
                45.79928528
              ],
              [
                1.84473565,
                45.79923633
              ],
              [
                1.84471951,
                45.79920734
              ],
              [
                1.84472513,
                45.79918489
              ],
              [
                1.84475752,
                45.79917531
              ],
              [
                1.84479866,
                45.79917843
              ],
              [
                1.84484626,
                45.79924196
              ],
              [
                1.84488381,
                45.79935492
              ],
              [
                1.84490533,
                45.79937225
              ],
              [
                1.84497826,
                45.79939461
              ],
              [
                1.84508832,
                45.79942636
              ],
              [
                1.84525743,
                45.79946681
              ],
              [
                1.8453724,
                45.79951032
              ],
              [
                1.84551181,
                45.79955497
              ],
              [
                1.8456272,
                45.79957867
              ],
              [
                1.84573014,
                45.79958152
              ],
              [
                1.84582434,
                45.79957168
              ],
              [
                1.84589281,
                45.79956067
              ],
              [
                1.8459263,
                45.79956011
              ],
              [
                1.84594652,
                45.79957833
              ],
              [
                1.84595144,
                45.79958919
              ],
              [
                1.84595237,
                45.79960631
              ],
              [
                1.84595232,
                45.79960901
              ],
              [
                1.84593787,
                45.79962237
              ],
              [
                1.84589649,
                45.79963095
              ],
              [
                1.84587446,
                45.79963793
              ],
              [
                1.84588821,
                45.79965788
              ],
              [
                1.84594159,
                45.79969085
              ],
              [
                1.8459833,
                45.7997282
              ],
              [
                1.84603507,
                45.79977736
              ],
              [
                1.84606771,
                45.79981732
              ],
              [
                1.84607962,
                45.79986337
              ],
              [
                1.84607064,
                45.79992362
              ],
              [
                1.84605124,
                45.79998917
              ],
              [
                1.84602679,
                45.80005016
              ],
              [
                1.84599967,
                45.80011562
              ],
              [
                1.84597155,
                45.80016757
              ],
              [
                1.84594456,
                45.80022673
              ],
              [
                1.84587721,
                45.80030709
              ],
              [
                1.84579946,
                45.80039276
              ],
              [
                1.84576273,
                45.8004248
              ],
              [
                1.84573404,
                45.80044252
              ],
              [
                1.84569775,
                45.80045386
              ],
              [
                1.84565913,
                45.80045346
              ],
              [
                1.84562329,
                45.80044319
              ],
              [
                1.84558626,
                45.8004284
              ],
              [
                1.84554529,
                45.80041717
              ],
              [
                1.84549772,
                45.80041399
              ],
              [
                1.84545651,
                45.80041447
              ],
              [
                1.84540869,
                45.80042298
              ],
              [
                1.84536057,
                45.80044591
              ],
              [
                1.8452861,
                45.80049738
              ],
              [
                1.84524525,
                45.80054199
              ],
              [
                1.84521995,
                45.80058226
              ],
              [
                1.84520695,
                45.80064967
              ],
              [
                1.84520608,
                45.80069109
              ],
              [
                1.84521336,
                45.80071277
              ],
              [
                1.84523111,
                45.80072556
              ],
              [
                1.84526438,
                45.80073581
              ],
              [
                1.84528199,
                45.8007558
              ],
              [
                1.84527489,
                45.80078725
              ],
              [
                1.84527658,
                45.8008296
              ],
              [
                1.84528364,
                45.80086119
              ],
              [
                1.84529972,
                45.80089287
              ],
              [
                1.84532085,
                45.80092911
              ],
              [
                1.84532767,
                45.80097241
              ],
              [
                1.84532984,
                45.80105349
              ],
              [
                1.84533095,
                45.80112374
              ],
              [
                1.84533037,
                45.8012129
              ],
              [
                1.84531671,
                45.80131182
              ],
              [
                1.84529499,
                45.80136563
              ],
              [
                1.84528509,
                45.80140786
              ],
              [
                1.845284,
                45.80146008
              ],
              [
                1.84528277,
                45.80151861
              ],
              [
                1.84529064,
                45.80157362
              ],
              [
                1.84530511,
                45.8016206
              ],
              [
                1.84530778,
                45.80167737
              ],
              [
                1.84530771,
                45.80174221
              ],
              [
                1.84531136,
                45.80181429
              ],
              [
                1.84531235,
                45.80188995
              ],
              [
                1.84531331,
                45.80196741
              ],
              [
                1.84530695,
                45.80202499
              ],
              [
                1.84529674,
                45.80208252
              ],
              [
                1.84527359,
                45.80214262
              ],
              [
                1.84522497,
                45.80225109
              ],
              [
                1.8451549,
                45.80239988
              ],
              [
                1.84502725,
                45.8025931
              ],
              [
                1.84492042,
                45.80277572
              ],
              [
                1.84483893,
                45.80291628
              ],
              [
                1.84478349,
                45.8030427
              ],
              [
                1.84473826,
                45.80317372
              ],
              [
                1.84471503,
                45.80329956
              ],
              [
                1.84471435,
                45.80339322
              ],
              [
                1.84472674,
                45.803478
              ],
              [
                1.84475201,
                45.80356291
              ],
              [
                1.84479175,
                45.80363267
              ],
              [
                1.8448582,
                45.8037189
              ],
              [
                1.84494292,
                45.80379272
              ],
              [
                1.84505329,
                45.8038722
              ],
              [
                1.84518819,
                45.80394832
              ],
              [
                1.84530057,
                45.8039927
              ],
              [
                1.84535442,
                45.80400406
              ],
              [
                1.84541616,
                45.80400739
              ],
              [
                1.84553206,
                45.80400678
              ],
              [
                1.84569979,
                45.80399048
              ],
              [
                1.84583779,
                45.80398018
              ],
              [
                1.84596278,
                45.80397606
              ],
              [
                1.84605541,
                45.80397971
              ],
              [
                1.84614523,
                45.80399503
              ],
              [
                1.84626702,
                45.80402059
              ],
              [
                1.84633615,
                45.80404021
              ],
              [
                1.8463821,
                45.8040596
              ],
              [
                1.84640351,
                45.80408233
              ],
              [
                1.846417,
                45.80411489
              ],
              [
                1.84644356,
                45.80413767
              ],
              [
                1.84647921,
                45.80415695
              ],
              [
                1.84649665,
                45.80418505
              ],
              [
                1.84649816,
                45.8042364
              ],
              [
                1.84648677,
                45.80428851
              ],
              [
                1.84646129,
                45.80433688
              ],
              [
                1.84641367,
                45.80439764
              ],
              [
                1.84637812,
                45.8044351
              ],
              [
                1.84634406,
                45.80446267
              ],
              [
                1.84624427,
                45.80449317
              ],
              [
                1.84609621,
                45.8045538
              ],
              [
                1.84600907,
                45.80459523
              ],
              [
                1.84593764,
                45.80462422
              ],
              [
                1.84583926,
                45.80464933
              ],
              [
                1.8457332,
                45.80467167
              ],
              [
                1.84565026,
                45.80469693
              ],
              [
                1.84555528,
                45.80474369
              ],
              [
                1.84546313,
                45.80484002
              ],
              [
                1.84544142,
                45.80489293
              ],
              [
                1.84542352,
                45.80494858
              ],
              [
                1.84539425,
                45.80499331
              ],
              [
                1.84535469,
                45.80503794
              ],
              [
                1.84530746,
                45.80507978
              ],
              [
                1.84522657,
                45.80513029
              ],
              [
                1.84515484,
                45.80517368
              ],
              [
                1.8450865,
                45.80523963
              ],
              [
                1.84503569,
                45.80532917
              ],
              [
                1.84498862,
                45.80542505
              ],
              [
                1.84495525,
                45.80548144
              ],
              [
                1.84490906,
                45.805535
              ],
              [
                1.84485548,
                45.80557228
              ],
              [
                1.84479662,
                45.80561581
              ],
              [
                1.84478059,
                45.80564356
              ],
              [
                1.84478226,
                45.80568681
              ],
              [
                1.84480063,
                45.80573202
              ],
              [
                1.84484458,
                45.80578561
              ],
              [
                1.84489404,
                45.80582214
              ],
              [
                1.84495017,
                45.80584703
              ],
              [
                1.84502059,
                45.80586666
              ],
              [
                1.84507072,
                45.80587078
              ],
              [
                1.84511171,
                45.8058811
              ],
              [
                1.84518544,
                45.80592689
              ],
              [
                1.84525264,
                45.80597711
              ],
              [
                1.84532135,
                45.80601653
              ],
              [
                1.84537872,
                45.80604414
              ],
              [
                1.84544805,
                45.80605385
              ],
              [
                1.845515,
                45.80605454
              ],
              [
                1.84559499,
                45.80604725
              ],
              [
                1.84571008,
                45.80602411
              ],
              [
                1.84594315,
                45.80596255
              ],
              [
                1.84611417,
                45.80591297
              ],
              [
                1.8464001,
                45.80584834
              ],
              [
                1.84653075,
                45.80581996
              ],
              [
                1.8466784,
                45.80577914
              ],
              [
                1.84679243,
                45.80574518
              ],
              [
                1.84688834,
                45.80571554
              ],
              [
                1.84701003,
                45.80568436
              ],
              [
                1.84711113,
                45.80565298
              ],
              [
                1.84722512,
                45.80562082
              ],
              [
                1.84730673,
                45.80559734
              ],
              [
                1.8473782,
                45.80556654
              ],
              [
                1.84743561,
                45.80553021
              ],
              [
                1.84747361,
                45.80549907
              ],
              [
                1.84752292,
                45.80548067
              ],
              [
                1.84759,
                45.80547505
              ],
              [
                1.84764279,
                45.80547558
              ],
              [
                1.84768101,
                45.80549489
              ],
              [
                1.8477168,
                45.80550786
              ],
              [
                1.84777089,
                45.80550751
              ],
              [
                1.84785211,
                45.80550294
              ],
              [
                1.84795514,
                45.80550219
              ],
              [
                1.84805296,
                45.80550409
              ],
              [
                1.84814025,
                45.80551759
              ],
              [
                1.84828762,
                45.80555151
              ],
              [
                1.84847336,
                45.80559843
              ],
              [
                1.8485501,
                45.80562353
              ],
              [
                1.84862279,
                45.8056576
              ],
              [
                1.84871271,
                45.80572966
              ],
              [
                1.84882043,
                45.80581271
              ],
              [
                1.84887597,
                45.80586641
              ],
              [
                1.84890989,
                45.80590728
              ],
              [
                1.84894802,
                45.80593109
              ],
              [
                1.84909893,
                45.80598126
              ],
              [
                1.8491914,
                45.80599301
              ],
              [
                1.84927766,
                45.80599389
              ],
              [
                1.84934613,
                45.80598288
              ],
              [
                1.84940987,
                45.80595201
              ],
              [
                1.84946979,
                45.8059193
              ],
              [
                1.84956309,
                45.80589143
              ],
              [
                1.84968323,
                45.80587284
              ],
              [
                1.84974122,
                45.80587073
              ],
              [
                1.84979378,
                45.80588207
              ],
              [
                1.84985505,
                45.80590791
              ],
              [
                1.84992435,
                45.80591942
              ],
              [
                1.85002602,
                45.80592226
              ],
              [
                1.85014047,
                45.80592973
              ],
              [
                1.85021879,
                45.80594043
              ],
              [
                1.85028406,
                45.80596001
              ],
              [
                1.85047595,
                45.80608264
              ],
              [
                1.8505942,
                45.80615499
              ],
              [
                1.85065545,
                45.80618173
              ],
              [
                1.85081537,
                45.80623199
              ],
              [
                1.85101717,
                45.8063115
              ],
              [
                1.85110354,
                45.80636911
              ],
              [
                1.85120229,
                45.80645027
              ],
              [
                1.85128433,
                45.80653036
              ],
              [
                1.8513103,
                45.80658196
              ],
              [
                1.8513119,
                45.8066288
              ],
              [
                1.85129909,
                45.80668721
              ],
              [
                1.85128788,
                45.80673122
              ],
              [
                1.85129487,
                45.80676642
              ],
              [
                1.85130162,
                45.80681332
              ],
              [
                1.85129143,
                45.80686995
              ],
              [
                1.85129275,
                45.8069303
              ],
              [
                1.85130691,
                45.80699259
              ],
              [
                1.85132985,
                45.80706577
              ],
              [
                1.85138133,
                45.80712933
              ],
              [
                1.85149764,
                45.80723318
              ],
              [
                1.85162527,
                45.80734976
              ],
              [
                1.85176306,
                45.80747364
              ],
              [
                1.85181821,
                45.80754625
              ],
              [
                1.85186568,
                45.80761697
              ],
              [
                1.85191827,
                45.80768866
              ],
              [
                1.85195015,
                45.80776553
              ],
              [
                1.85196817,
                45.80782785
              ],
              [
                1.85196528,
                45.80790527
              ],
              [
                1.85194707,
                45.80803748
              ],
              [
                1.85194558,
                45.80810951
              ],
              [
                1.85195932,
                45.8081916
              ],
              [
                1.85199087,
                45.80828468
              ],
              [
                1.85203264,
                45.80838147
              ],
              [
                1.85207591,
                45.80846836
              ],
              [
                1.85211387,
                45.80856241
              ],
              [
                1.85213922,
                45.80864372
              ],
              [
                1.85217111,
                45.8087206
              ],
              [
                1.85220527,
                45.8088119
              ],
              [
                1.85224329,
                45.80890325
              ],
              [
                1.85228111,
                45.8090045
              ],
              [
                1.852315,
                45.80910841
              ],
              [
                1.85233733,
                45.8092113
              ],
              [
                1.85235468,
                45.80930604
              ],
              [
                1.85235667,
                45.80939612
              ],
              [
                1.85235418,
                45.80951587
              ],
              [
                1.85235646,
                45.80953031
              ],
              [
                1.85236619,
                45.80961956
              ],
              [
                1.85237365,
                45.80969439
              ],
              [
                1.8523838,
                45.80976383
              ],
              [
                1.85240022,
                45.80984145
              ],
              [
                1.85242843,
                45.80990928
              ],
              [
                1.85246449,
                45.80997089
              ],
              [
                1.85252364,
                45.81003723
              ],
              [
                1.85259814,
                45.81010824
              ],
              [
                1.85264182,
                45.81017532
              ],
              [
                1.85267528,
                45.8102387
              ],
              [
                1.85271502,
                45.81030935
              ],
              [
                1.85276514,
                45.81037651
              ],
              [
                1.85282324,
                45.81043113
              ],
              [
                1.85288737,
                45.81050563
              ],
              [
                1.85295383,
                45.81059186
              ],
              [
                1.85299238,
                45.810658
              ],
              [
                1.8530385,
                45.81073141
              ],
              [
                1.85307575,
                45.81079843
              ],
              [
                1.85308478,
                45.81085977
              ],
              [
                1.85308106,
                45.81091466
              ],
              [
                1.85306947,
                45.81097669
              ],
              [
                1.85304258,
                45.81103135
              ],
              [
                1.85298085,
                45.81108926
              ],
              [
                1.85290891,
                45.81114256
              ],
              [
                1.85285621,
                45.81119967
              ],
              [
                1.85280097,
                45.81125494
              ],
              [
                1.85274206,
                45.81130117
              ],
              [
                1.85266674,
                45.81133103
              ],
              [
                1.85257238,
                45.81134808
              ],
              [
                1.85247568,
                45.8113534
              ],
              [
                1.85236488,
                45.81135588
              ],
              [
                1.85226036,
                45.81136562
              ],
              [
                1.85217004,
                45.81137371
              ],
              [
                1.85208454,
                45.81139806
              ],
              [
                1.85199643,
                45.81142418
              ],
              [
                1.85189667,
                45.81145288
              ],
              [
                1.85180862,
                45.8114754
              ],
              [
                1.8517179,
                45.8115033
              ],
              [
                1.85161162,
                45.81153554
              ],
              [
                1.85152224,
                45.81156075
              ],
              [
                1.85145355,
                45.81158166
              ],
              [
                1.8514041,
                45.81160638
              ],
              [
                1.85135701,
                45.81164102
              ],
              [
                1.85130075,
                45.81168368
              ],
              [
                1.85124947,
                45.81173449
              ],
              [
                1.85119044,
                45.81178612
              ],
              [
                1.85114031,
                45.81184325
              ],
              [
                1.851093,
                45.8118887
              ],
              [
                1.85104346,
                45.81191791
              ],
              [
                1.85098122,
                45.81193799
              ],
              [
                1.85092155,
                45.811959
              ],
              [
                1.85088631,
                45.81198116
              ],
              [
                1.85087276,
                45.81201344
              ],
              [
                1.85086151,
                45.81205925
              ],
              [
                1.85085925,
                45.81210606
              ],
              [
                1.85086948,
                45.81217101
              ],
              [
                1.85088991,
                45.81224146
              ],
              [
                1.85091318,
                45.81229934
              ],
              [
                1.85092873,
                45.81235623
              ],
              [
                1.85091882,
                45.81239936
              ],
              [
                1.85092683,
                45.81257145
              ],
              [
                1.85092726,
                45.81261288
              ],
              [
                1.85091324,
                45.81266768
              ],
              [
                1.85088871,
                45.81273227
              ],
              [
                1.85089558,
                45.81277377
              ],
              [
                1.85089896,
                45.81285846
              ],
              [
                1.8509213,
                45.81289921
              ],
              [
                1.8509597,
                45.81291041
              ],
              [
                1.85100329,
                45.81291986
              ],
              [
                1.85105039,
                45.81294645
              ],
              [
                1.85113307,
                45.81299593
              ],
              [
                1.85125763,
                45.81307554
              ],
              [
                1.851363,
                45.81314866
              ],
              [
                1.85139728,
                45.81317243
              ],
              [
                1.85142097,
                45.81320959
              ],
              [
                1.85142026,
                45.81324381
              ],
              [
                1.85142227,
                45.81327085
              ],
              [
                1.85150001,
                45.8133725
              ],
              [
                1.85152535,
                45.81339257
              ],
              [
                1.85159622,
                45.81345273
              ],
              [
                1.85160341,
                45.81354016
              ],
              [
                1.85159585,
                45.81359412
              ],
              [
                1.85157803,
                45.81364617
              ],
              [
                1.85157304,
                45.81370016
              ],
              [
                1.85160431,
                45.8137446
              ],
              [
                1.85162041,
                45.81377539
              ],
              [
                1.85161435,
                45.81381945
              ],
              [
                1.85159051,
                45.81385073
              ],
              [
                1.8515695,
                45.81387033
              ],
              [
                1.85155504,
                45.81388459
              ],
              [
                1.85157461,
                45.81393433
              ],
              [
                1.85244089,
                45.81439072
              ],
              [
                1.85363244,
                45.81506116
              ],
              [
                1.85367829,
                45.81508594
              ],
              [
                1.85383022,
                45.81508838
              ],
              [
                1.85391274,
                45.81508381
              ],
              [
                1.85397062,
                45.8150871
              ],
              [
                1.85402069,
                45.81509482
              ],
              [
                1.85406429,
                45.81510426
              ],
              [
                1.85413257,
                45.81510316
              ],
              [
                1.85419626,
                45.81507498
              ],
              [
                1.85429345,
                45.81504625
              ],
              [
                1.85440049,
                45.81503923
              ],
              [
                1.85470186,
                45.81503959
              ],
              [
                1.85528708,
                45.8150149
              ],
              [
                1.85546504,
                45.8150041
              ],
              [
                1.85561846,
                45.81499665
              ],
              [
                1.85572184,
                45.81497968
              ],
              [
                1.85578688,
                45.81494882
              ],
              [
                1.85580961,
                45.81490852
              ],
              [
                1.85587843,
                45.8148813
              ],
              [
                1.85596282,
                45.81484884
              ],
              [
                1.85608327,
                45.81481584
              ],
              [
                1.8562201,
                45.81480101
              ],
              [
                1.85642855,
                45.81481033
              ],
              [
                1.85654294,
                45.81482139
              ],
              [
                1.85663033,
                45.81483038
              ],
              [
                1.85669976,
                45.81483649
              ],
              [
                1.85677813,
                45.81484539
              ],
              [
                1.85686773,
                45.81487241
              ],
              [
                1.85692235,
                45.81490899
              ],
              [
                1.85693472,
                45.81493343
              ],
              [
                1.85694943,
                45.8149696
              ],
              [
                1.85698272,
                45.81497894
              ],
              [
                1.8570327,
                45.81499116
              ],
              [
                1.85720429,
                45.81503882
              ],
              [
                1.85735446,
                45.81506376
              ],
              [
                1.85750736,
                45.81508152
              ],
              [
                1.85759833,
                45.81510405
              ],
              [
                1.85762802,
                45.81510075
              ],
              [
                1.85771832,
                45.81509356
              ],
              [
                1.85776724,
                45.81509495
              ],
              [
                1.85781606,
                45.81510085
              ],
              [
                1.85788384,
                45.81512405
              ],
              [
                1.85791392,
                45.81516398
              ],
              [
                1.85791693,
                45.81520544
              ],
              [
                1.85790198,
                45.81524311
              ],
              [
                1.8578732,
                45.81526443
              ],
              [
                1.85785982,
                45.81528862
              ],
              [
                1.85785783,
                45.81532282
              ],
              [
                1.8578856,
                45.81535012
              ],
              [
                1.8579681,
                45.81540859
              ],
              [
                1.85804167,
                45.81546337
              ],
              [
                1.85810617,
                45.81552076
              ],
              [
                1.85811569,
                45.81562082
              ],
              [
                1.85812409,
                45.81571276
              ],
              [
                1.85813873,
                45.81581468
              ],
              [
                1.85814901,
                45.81587782
              ],
              [
                1.85814976,
                45.81596609
              ],
              [
                1.85814484,
                45.81601737
              ],
              [
                1.85811691,
                45.8161846
              ],
              [
                1.85807566,
                45.81649758
              ],
              [
                1.85805941,
                45.81659828
              ],
              [
                1.85805452,
                45.81664777
              ],
              [
                1.85805788,
                45.81667212
              ],
              [
                1.8580713,
                45.81670827
              ],
              [
                1.85812139,
                45.81677723
              ],
              [
                1.85915514,
                45.8169876
              ],
              [
                1.85921846,
                45.81697744
              ],
              [
                1.85927144,
                45.81696897
              ],
              [
                1.85931167,
                45.81695406
              ],
              [
                1.85937505,
                45.81694119
              ],
              [
                1.85945416,
                45.81691498
              ],
              [
                1.85948394,
                45.81690717
              ],
              [
                1.85954213,
                45.81689605
              ],
              [
                1.8596156,
                45.81689319
              ],
              [
                1.8597211,
                45.81689876
              ],
              [
                1.85987863,
                45.81694178
              ],
              [
                1.85999006,
                45.81697172
              ],
              [
                1.86003478,
                45.81698928
              ],
              [
                1.86007394,
                45.8170266
              ],
              [
                1.86007717,
                45.81705726
              ],
              [
                1.86007288,
                45.81707793
              ],
              [
                1.86006444,
                45.81711206
              ],
              [
                1.86005696,
                45.81716242
              ],
              [
                1.86015228,
                45.81722462
              ],
              [
                1.86011283,
                45.81726385
              ],
              [
                1.86025544,
                45.81740578
              ],
              [
                1.86042728,
                45.81762906
              ],
              [
                1.86072063,
                45.81801837
              ],
              [
                1.8607646,
                45.81800981
              ],
              [
                1.86079814,
                45.81800744
              ],
              [
                1.86083684,
                45.81800423
              ],
              [
                1.86090386,
                45.81800221
              ],
              [
                1.86104821,
                45.81799736
              ],
              [
                1.86118565,
                45.81801585
              ],
              [
                1.86133004,
                45.81807135
              ],
              [
                1.86142034,
                45.81812719
              ],
              [
                1.86151162,
                45.81819746
              ],
              [
                1.8616363,
                45.81827256
              ],
              [
                1.86194188,
                45.81844405
              ],
              [
                1.8620702,
                45.81853
              ],
              [
                1.86220407,
                45.81859619
              ],
              [
                1.86228324,
                45.81862941
              ],
              [
                1.86240009,
                45.8186468
              ],
              [
                1.86265721,
                45.8186701
              ],
              [
                1.86278817,
                45.81869033
              ],
              [
                1.86286043,
                45.81868386
              ],
              [
                1.86288001,
                45.81867144
              ],
              [
                1.86286309,
                45.81861724
              ],
              [
                1.8628874,
                45.81856255
              ],
              [
                1.86307363,
                45.81840052
              ],
              [
                1.86320265,
                45.81826493
              ],
              [
                1.86326493,
                45.81818
              ],
              [
                1.86333758,
                45.81815461
              ],
              [
                1.86341512,
                45.81814188
              ],
              [
                1.86345174,
                45.81811524
              ],
              [
                1.86346418,
                45.81807393
              ],
              [
                1.86353675,
                45.81799001
              ],
              [
                1.86380693,
                45.81781621
              ],
              [
                1.86393069,
                45.81774811
              ],
              [
                1.86409417,
                45.81769032
              ],
              [
                1.86422738,
                45.81766374
              ],
              [
                1.8643961,
                45.81766364
              ],
              [
                1.86448266,
                45.817651
              ],
              [
                1.86452453,
                45.817619
              ],
              [
                1.86452301,
                45.81756765
              ],
              [
                1.86450464,
                45.81752154
              ],
              [
                1.86446135,
                45.81743464
              ],
              [
                1.86441147,
                45.81735489
              ],
              [
                1.86437661,
                45.81723386
              ],
              [
                1.86437495,
                45.81712668
              ],
              [
                1.86443075,
                45.81704348
              ],
              [
                1.86445935,
                45.81696812
              ],
              [
                1.8644825,
                45.81690712
              ],
              [
                1.86443132,
                45.81682825
              ],
              [
                1.86438646,
                45.81675485
              ],
              [
                1.86433484,
                45.81663455
              ],
              [
                1.86425421,
                45.81654729
              ],
              [
                1.86417874,
                45.81645917
              ],
              [
                1.86406121,
                45.81634992
              ],
              [
                1.86392793,
                45.81625492
              ],
              [
                1.86379626,
                45.81614462
              ],
              [
                1.86357634,
                45.81594158
              ],
              [
                1.86329956,
                45.81562269
              ],
              [
                1.86305707,
                45.81526452
              ],
              [
                1.86297434,
                45.81509167
              ],
              [
                1.86293631,
                45.81493729
              ],
              [
                1.86293082,
                45.81476612
              ],
              [
                1.86292675,
                45.81465081
              ],
              [
                1.86296314,
                45.81444764
              ],
              [
                1.8629663,
                45.81435671
              ],
              [
                1.86294249,
                45.81426191
              ],
              [
                1.86288762,
                45.8141749
              ],
              [
                1.86288072,
                45.81407217
              ],
              [
                1.86290639,
                45.81401389
              ],
              [
                1.86290675,
                45.81380856
              ],
              [
                1.86287625,
                45.8137263
              ],
              [
                1.86283984,
                45.81361786
              ],
              [
                1.86276054,
                45.81352881
              ],
              [
                1.86265736,
                45.81347373
              ],
              [
                1.86257422,
                45.81344588
              ],
              [
                1.86247655,
                45.81343589
              ],
              [
                1.86241861,
                45.8134353
              ],
              [
                1.86236276,
                45.81345816
              ],
              [
                1.86226136,
                45.81350396
              ],
              [
                1.86216442,
                45.813521
              ],
              [
                1.86205648,
                45.8135091
              ],
              [
                1.86190935,
                45.81346169
              ],
              [
                1.86168328,
                45.81330811
              ],
              [
                1.86152643,
                45.81316964
              ],
              [
                1.86136678,
                45.81304285
              ],
              [
                1.86123011,
                45.8129253
              ],
              [
                1.86111945,
                45.81285844
              ],
              [
                1.86097818,
                45.812839
              ],
              [
                1.86086872,
                45.8128388
              ],
              [
                1.86073841,
                45.81285009
              ],
              [
                1.86062664,
                45.8128994
              ],
              [
                1.86050872,
                45.81293423
              ],
              [
                1.86040003,
                45.81295925
              ],
              [
                1.86022464,
                45.81297099
              ],
              [
                1.86007057,
                45.81294782
              ],
              [
                1.85997221,
                45.812909
              ],
              [
                1.85988575,
                45.812855
              ],
              [
                1.85977693,
                45.81276114
              ],
              [
                1.85972923,
                45.81270122
              ],
              [
                1.85966062,
                45.81259335
              ],
              [
                1.85953353,
                45.8123246
              ],
              [
                1.85940203,
                45.81208191
              ],
              [
                1.85936136,
                45.8119311
              ],
              [
                1.85934326,
                45.8117472
              ],
              [
                1.85934401,
                45.81146172
              ],
              [
                1.85944055,
                45.81108986
              ],
              [
                1.85950378,
                45.81095901
              ],
              [
                1.85958656,
                45.81075451
              ],
              [
                1.85970961,
                45.81059545
              ],
              [
                1.85984397,
                45.81045001
              ],
              [
                1.85993648,
                45.81033567
              ],
              [
                1.8599678,
                45.81025314
              ],
              [
                1.86000599,
                45.81014995
              ],
              [
                1.86027773,
                45.80989963
              ],
              [
                1.86039715,
                45.80979187
              ],
              [
                1.86047655,
                45.8096882
              ],
              [
                1.86049901,
                45.80959837
              ],
              [
                1.86053033,
                45.80951583
              ],
              [
                1.86056494,
                45.80946125
              ],
              [
                1.86059985,
                45.80939225
              ],
              [
                1.86062948,
                45.80920433
              ],
              [
                1.8606346,
                45.809081
              ],
              [
                1.86076248,
                45.8089373
              ],
              [
                1.86095423,
                45.80875641
              ],
              [
                1.86115879,
                45.80857836
              ],
              [
                1.86141709,
                45.80841706
              ],
              [
                1.86175568,
                45.80823405
              ],
              [
                1.86183894,
                45.80819347
              ],
              [
                1.86192169,
                45.80817719
              ],
              [
                1.86221686,
                45.80822609
              ],
              [
                1.86231793,
                45.80825863
              ],
              [
                1.86239423,
                45.80830533
              ],
              [
                1.86247275,
                45.80836916
              ],
              [
                1.86251194,
                45.80840468
              ],
              [
                1.86255761,
                45.8085006
              ],
              [
                1.86256697,
                45.80854663
              ],
              [
                1.86255367,
                45.80862935
              ],
              [
                1.86252409,
                45.80869029
              ],
              [
                1.86247521,
                45.80875013
              ],
              [
                1.86243446,
                45.80879025
              ],
              [
                1.86235948,
                45.80886694
              ],
              [
                1.86229881,
                45.80893658
              ],
              [
                1.86225646,
                45.80899199
              ],
              [
                1.86221331,
                45.80908611
              ],
              [
                1.86218328,
                45.80916867
              ],
              [
                1.86216858,
                45.80925678
              ],
              [
                1.86217861,
                45.80933253
              ],
              [
                1.86222519,
                45.80938433
              ],
              [
                1.86226977,
                45.80940819
              ],
              [
                1.86233917,
                45.8094152
              ],
              [
                1.86241379,
                45.80941865
              ],
              [
                1.86252466,
                45.80941256
              ],
              [
                1.86264479,
                45.80939486
              ],
              [
                1.86276764,
                45.80936998
              ],
              [
                1.86289691,
                45.80934607
              ],
              [
                1.8630171,
                45.80932566
              ],
              [
                1.86312161,
                45.80931591
              ],
              [
                1.86326949,
                45.8093264
              ],
              [
                1.86335808,
                45.809339
              ],
              [
                1.86342834,
                45.80936673
              ],
              [
                1.86349181,
                45.80941149
              ],
              [
                1.86353596,
                45.80945607
              ],
              [
                1.86357361,
                45.80950418
              ],
              [
                1.86365277,
                45.80972472
              ],
              [
                1.86368163,
                45.80976193
              ],
              [
                1.86373871,
                45.80980393
              ],
              [
                1.86379649,
                45.80981262
              ],
              [
                1.86389211,
                45.80979647
              ],
              [
                1.86395552,
                45.8097818
              ],
              [
                1.86404072,
                45.80977185
              ],
              [
                1.86416691,
                45.80977222
              ],
              [
                1.86427596,
                45.80979223
              ],
              [
                1.86435384,
                45.80982543
              ],
              [
                1.86440377,
                45.80983944
              ],
              [
                1.86444115,
                45.80983802
              ],
              [
                1.86449298,
                45.80982233
              ],
              [
                1.86454783,
                45.80978505
              ],
              [
                1.86463429,
                45.80971388
              ],
              [
                1.86474937,
                45.80962858
              ],
              [
                1.86488479,
                45.80955609
              ],
              [
                1.86506479,
                45.80950747
              ],
              [
                1.86527823,
                45.80946098
              ],
              [
                1.86550164,
                45.80943081
              ],
              [
                1.86574636,
                45.80942876
              ],
              [
                1.86584531,
                45.80943876
              ],
              [
                1.86601425,
                45.80948999
              ],
              [
                1.86608956,
                45.80952227
              ],
              [
                1.86623205,
                45.80960745
              ],
              [
                1.86636552,
                45.80969255
              ],
              [
                1.86644401,
                45.80975818
              ],
              [
                1.8665246,
                45.80984724
              ],
              [
                1.86667885,
                45.81004962
              ],
              [
                1.86678129,
                45.81026589
              ],
              [
                1.86682633,
                45.81033028
              ],
              [
                1.86688486,
                45.81036509
              ],
              [
                1.86694493,
                45.81038731
              ],
              [
                1.86708505,
                45.81039952
              ],
              [
                1.86731425,
                45.81040092
              ],
              [
                1.86761294,
                45.81040482
              ],
              [
                1.86828693,
                45.8104449
              ],
              [
                1.86846805,
                45.81046743
              ],
              [
                1.86858751,
                45.81048213
              ],
              [
                1.86882337,
                45.81053583
              ],
              [
                1.86891044,
                45.81056012
              ],
              [
                1.86901887,
                45.81061074
              ],
              [
                1.86918711,
                45.81069618
              ],
              [
                1.86924245,
                45.81076067
              ],
              [
                1.86926842,
                45.81081316
              ],
              [
                1.86926987,
                45.81086811
              ],
              [
                1.86924035,
                45.81092636
              ],
              [
                1.86921308,
                45.81099993
              ],
              [
                1.86921346,
                45.8111071
              ],
              [
                1.86922521,
                45.81116216
              ],
              [
                1.86926257,
                45.81122467
              ],
              [
                1.86932547,
                45.81129735
              ],
              [
                1.8693906,
                45.81138716
              ],
              [
                1.86945863,
                45.81152383
              ],
              [
                1.86948173,
                45.81165374
              ],
              [
                1.86951201,
                45.81187289
              ],
              [
                1.86958874,
                45.81215104
              ],
              [
                1.86964445,
                45.81226056
              ],
              [
                1.8697444,
                45.81234802
              ],
              [
                1.86983591,
                45.81240747
              ],
              [
                1.8699617,
                45.81249069
              ],
              [
                1.87010894,
                45.81259573
              ],
              [
                1.87028205,
                45.81275866
              ],
              [
                1.87043223,
                45.81290876
              ],
              [
                1.87050862,
                45.81301489
              ],
              [
                1.87052773,
                45.81308803
              ],
              [
                1.87053497,
                45.81317456
              ],
              [
                1.87053835,
                45.81332409
              ],
              [
                1.87053077,
                45.81344289
              ],
              [
                1.87050487,
                45.81357592
              ],
              [
                1.87045535,
                45.81373033
              ],
              [
                1.87046605,
                45.8138367
              ],
              [
                1.87049737,
                45.81387934
              ],
              [
                1.87051516,
                45.81389123
              ],
              [
                1.87056786,
                45.81389626
              ],
              [
                1.8706272,
                45.81389145
              ],
              [
                1.87072837,
                45.81385644
              ],
              [
                1.87083254,
                45.81380074
              ],
              [
                1.87090421,
                45.81376003
              ],
              [
                1.87104607,
                45.81375064
              ],
              [
                1.87106021,
                45.81375168
              ],
              [
                1.87114102,
                45.8137678
              ],
              [
                1.87126481,
                45.81382307
              ],
              [
                1.87129285,
                45.81383776
              ],
              [
                1.87134924,
                45.81391398
              ],
              [
                1.87137132,
                45.81396823
              ],
              [
                1.87137643,
                45.81403313
              ],
              [
                1.87135756,
                45.81420045
              ],
              [
                1.87132179,
                45.8143748
              ],
              [
                1.87123357,
                45.81459546
              ],
              [
                1.8712328,
                45.81469632
              ],
              [
                1.87123379,
                45.81471074
              ],
              [
                1.8712855,
                45.81476439
              ],
              [
                1.87132114,
                45.81478456
              ],
              [
                1.87137738,
                45.81480584
              ],
              [
                1.87146196,
                45.81482649
              ],
              [
                1.87157284,
                45.8148204
              ],
              [
                1.87159626,
                45.81480892
              ],
              [
                1.87162247,
                45.81478667
              ],
              [
                1.87165041,
                45.81474282
              ],
              [
                1.87170137,
                45.81458123
              ],
              [
                1.87178374,
                45.81439473
              ],
              [
                1.87190353,
                45.81426804
              ],
              [
                1.87205262,
                45.81415696
              ],
              [
                1.87214917,
                45.81409578
              ],
              [
                1.87231319,
                45.81401006
              ],
              [
                1.87277236,
                45.8137877
              ],
              [
                1.87308006,
                45.81360345
              ],
              [
                1.87331872,
                45.8133942
              ],
              [
                1.87337817,
                45.8132579
              ],
              [
                1.87338433,
                45.81320843
              ],
              [
                1.87336432,
                45.81311637
              ],
              [
                1.8733354,
                45.81308186
              ],
              [
                1.87323154,
                45.81299617
              ],
              [
                1.87314995,
                45.81295573
              ],
              [
                1.87304169,
                45.81295915
              ],
              [
                1.87287468,
                45.81300252
              ],
              [
                1.87264103,
                45.81309204
              ],
              [
                1.87232855,
                45.81319519
              ],
              [
                1.87221105,
                45.81321023
              ],
              [
                1.87210539,
                45.81321277
              ],
              [
                1.8719822,
                45.81319083
              ],
              [
                1.87180871,
                45.81310985
              ],
              [
                1.87172341,
                45.81306126
              ],
              [
                1.8716448,
                45.81300104
              ],
              [
                1.87152376,
                45.81287375
              ],
              [
                1.87143212,
                45.81275756
              ],
              [
                1.87130537,
                45.81253204
              ],
              [
                1.871221,
                45.81224932
              ],
              [
                1.87117322,
                45.81200388
              ],
              [
                1.87113886,
                45.81173156
              ],
              [
                1.87112084,
                45.81147922
              ],
              [
                1.87111421,
                45.81129994
              ],
              [
                1.87111509,
                45.81119368
              ],
              [
                1.87112718,
                45.81110644
              ],
              [
                1.87115861,
                45.8110176
              ],
              [
                1.87125224,
                45.81084742
              ],
              [
                1.87131724,
                45.81075441
              ],
              [
                1.87140976,
                45.81063826
              ],
              [
                1.87150339,
                45.81053113
              ],
              [
                1.87179809,
                45.81016303
              ],
              [
                1.87203029,
                45.80995462
              ],
              [
                1.87221113,
                45.80973848
              ],
              [
                1.87231683,
                45.80960715
              ],
              [
                1.87246992,
                45.8094889
              ],
              [
                1.8726794,
                45.80938383
              ],
              [
                1.87284308,
                45.80931431
              ],
              [
                1.87305402,
                45.80926329
              ],
              [
                1.87319212,
                45.80924845
              ],
              [
                1.87329764,
                45.80925221
              ],
              [
                1.87335795,
                45.80926272
              ],
              [
                1.87349505,
                45.80929651
              ],
              [
                1.87353581,
                45.80931853
              ],
              [
                1.87364055,
                45.809361
              ],
              [
                1.87369149,
                45.80938852
              ],
              [
                1.87378951,
                45.80944444
              ],
              [
                1.8738696,
                45.80949567
              ],
              [
                1.87394052,
                45.80955401
              ],
              [
                1.8740022,
                45.80962397
              ],
              [
                1.87404338,
                45.80968833
              ],
              [
                1.87406921,
                45.80974802
              ],
              [
                1.87406925,
                45.80980926
              ],
              [
                1.87404823,
                45.80989281
              ],
              [
                1.87400177,
                45.80996079
              ],
              [
                1.87388658,
                45.8100524
              ],
              [
                1.87382426,
                45.81014003
              ],
              [
                1.87378525,
                45.8102216
              ],
              [
                1.87378159,
                45.8102747
              ],
              [
                1.87378833,
                45.81032339
              ],
              [
                1.87380783,
                45.81037762
              ],
              [
                1.87385137,
                45.81051585
              ],
              [
                1.87389715,
                45.8106703
              ],
              [
                1.87395707,
                45.81088974
              ],
              [
                1.8739909,
                45.81106209
              ],
              [
                1.87399361,
                45.8111819
              ],
              [
                1.87396722,
                45.81127619
              ],
              [
                1.87393446,
                45.81136683
              ],
              [
                1.87392207,
                45.81140633
              ],
              [
                1.87390835,
                45.81144762
              ],
              [
                1.8739109,
                45.81151158
              ],
              [
                1.87392402,
                45.81156305
              ],
              [
                1.87393716,
                45.81161361
              ],
              [
                1.87394657,
                45.81165693
              ],
              [
                1.8739502,
                45.81173172
              ],
              [
                1.87394292,
                45.81177307
              ],
              [
                1.87389795,
                45.81183116
              ],
              [
                1.87383517,
                45.81187827
              ],
              [
                1.87379081,
                45.81190664
              ],
              [
                1.87375139,
                45.81194497
              ],
              [
                1.87370572,
                45.81197424
              ],
              [
                1.87358686,
                45.81211895
              ],
              [
                1.87357435,
                45.81216385
              ],
              [
                1.87356838,
                45.81220432
              ],
              [
                1.87358066,
                45.81223326
              ],
              [
                1.87361457,
                45.81227592
              ],
              [
                1.87366142,
                45.81231512
              ],
              [
                1.87374655,
                45.8123718
              ],
              [
                1.87381552,
                45.81239951
              ],
              [
                1.87385936,
                45.81239724
              ],
              [
                1.8739072,
                45.81238781
              ],
              [
                1.87394973,
                45.81238644
              ],
              [
                1.87399095,
                45.81238595
              ],
              [
                1.87409234,
                45.81240317
              ],
              [
                1.87415006,
                45.81241455
              ],
              [
                1.87419867,
                45.81243035
              ],
              [
                1.8742509,
                45.81245878
              ],
              [
                1.8743343,
                45.81247403
              ],
              [
                1.8743587,
                45.81247697
              ],
              [
                1.87448397,
                45.81246021
              ],
              [
                1.87456095,
                45.81241144
              ],
              [
                1.8746595,
                45.81231516
              ],
              [
                1.87483011,
                45.81215836
              ],
              [
                1.8749543,
                45.81206774
              ],
              [
                1.87505458,
                45.8120129
              ],
              [
                1.87529313,
                45.81193513
              ],
              [
                1.87548441,
                45.81190191
              ],
              [
                1.87550641,
                45.81189672
              ],
              [
                1.87560428,
                45.8118968
              ],
              [
                1.8757701,
                45.81191196
              ],
              [
                1.8758938,
                45.81190869
              ],
              [
                1.87600479,
                45.81189718
              ],
              [
                1.87612385,
                45.81186865
              ],
              [
                1.87622619,
                45.81183905
              ],
              [
                1.87645066,
                45.81175663
              ],
              [
                1.87676153,
                45.81166876
              ],
              [
                1.87696596,
                45.81162216
              ],
              [
                1.87712858,
                45.81160487
              ],
              [
                1.8772511,
                45.81159618
              ],
              [
                1.87742484,
                45.81160151
              ],
              [
                1.87756876,
                45.81161735
              ],
              [
                1.87767256,
                45.8116427
              ],
              [
                1.87781611,
                45.81167655
              ],
              [
                1.87814863,
                45.81179062
              ],
              [
                1.87841899,
                45.81192119
              ],
              [
                1.87859603,
                45.81201841
              ],
              [
                1.87864504,
                45.81207834
              ],
              [
                1.87866171,
                45.81214514
              ],
              [
                1.87866558,
                45.81220822
              ],
              [
                1.87865812,
                45.81225858
              ],
              [
                1.8786268,
                45.81234203
              ],
              [
                1.87855429,
                45.8124881
              ],
              [
                1.87854549,
                45.81254115
              ],
              [
                1.87854753,
                45.81256728
              ],
              [
                1.87856003,
                45.81258632
              ],
              [
                1.87860355,
                45.81259936
              ],
              [
                1.87867416,
                45.81260997
              ],
              [
                1.87873726,
                45.81261059
              ],
              [
                1.87880695,
                45.81260318
              ],
              [
                1.87887552,
                45.81258765
              ],
              [
                1.87892375,
                45.81255931
              ],
              [
                1.87899174,
                45.81250865
              ],
              [
                1.8792536,
                45.81223387
              ],
              [
                1.87961657,
                45.81179979
              ],
              [
                1.87966826,
                45.81172736
              ],
              [
                1.87967948,
                45.81168244
              ],
              [
                1.87966291,
                45.81161023
              ],
              [
                1.87964961,
                45.81156777
              ],
              [
                1.8796505,
                45.81152365
              ],
              [
                1.87965379,
                45.81148856
              ],
              [
                1.87968802,
                45.81145198
              ],
              [
                1.87973512,
                45.81141552
              ],
              [
                1.87974558,
                45.81140752
              ],
              [
                1.8797513,
                45.81137966
              ],
              [
                1.8797401,
                45.81136064
              ],
              [
                1.87971845,
                45.81134871
              ],
              [
                1.87969289,
                45.81133855
              ],
              [
                1.87967645,
                45.81132398
              ],
              [
                1.87967569,
                45.81129786
              ],
              [
                1.87967883,
                45.81126997
              ],
              [
                1.87967682,
                45.81124203
              ],
              [
                1.87965784,
                45.81122563
              ],
              [
                1.87964761,
                45.81122193
              ],
              [
                1.87961941,
                45.81121535
              ],
              [
                1.87961064,
                45.81120355
              ],
              [
                1.87961494,
                45.81118198
              ],
              [
                1.87961288,
                45.81115674
              ],
              [
                1.87959113,
                45.81114932
              ],
              [
                1.87955519,
                45.81114356
              ],
              [
                1.87953223,
                45.81113253
              ],
              [
                1.879526,
                45.81112256
              ],
              [
                1.87952414,
                45.81108742
              ],
              [
                1.8795273,
                45.81105863
              ],
              [
                1.87952683,
                45.8110181
              ],
              [
                1.87952936,
                45.81095689
              ],
              [
                1.87952115,
                45.81091718
              ],
              [
                1.87950244,
                45.81088727
              ],
              [
                1.87948377,
                45.81085557
              ],
              [
                1.87948283,
                45.81083845
              ],
              [
                1.87947736,
                45.81079066
              ],
              [
                1.87948074,
                45.81075107
              ],
              [
                1.87948121,
                45.81072766
              ],
              [
                1.87947387,
                45.81070867
              ],
              [
                1.87945468,
                45.81070218
              ],
              [
                1.8793826,
                45.81070056
              ],
              [
                1.87927559,
                45.81070671
              ],
              [
                1.87921373,
                45.81070879
              ],
              [
                1.87915679,
                45.81072264
              ],
              [
                1.87911621,
                45.81075466
              ],
              [
                1.87909633,
                45.81078238
              ],
              [
                1.87907333,
                45.81083708
              ],
              [
                1.87906454,
                45.81088923
              ],
              [
                1.879048,
                45.8109431
              ],
              [
                1.87902382,
                45.81099239
              ],
              [
                1.87897388,
                45.81104143
              ],
              [
                1.87891746,
                45.8110931
              ],
              [
                1.87886281,
                45.81112048
              ],
              [
                1.87873072,
                45.81115699
              ],
              [
                1.87859644,
                45.81117367
              ],
              [
                1.87849088,
                45.81117172
              ],
              [
                1.87841004,
                45.81115741
              ],
              [
                1.87827605,
                45.81109664
              ],
              [
                1.87819206,
                45.81104717
              ],
              [
                1.87802869,
                45.81091136
              ],
              [
                1.8779246,
                45.81083738
              ],
              [
                1.87784603,
                45.81077446
              ],
              [
                1.87778108,
                45.81073869
              ],
              [
                1.87768755,
                45.81071525
              ],
              [
                1.87756153,
                45.81070589
              ],
              [
                1.87744944,
                45.81070838
              ],
              [
                1.87733851,
                45.81071718
              ],
              [
                1.87715645,
                45.81074059
              ],
              [
                1.87702849,
                45.81076363
              ],
              [
                1.87693689,
                45.81077173
              ],
              [
                1.876848,
                45.81077354
              ],
              [
                1.87676329,
                45.81075919
              ],
              [
                1.87666985,
                45.81073124
              ],
              [
                1.87658568,
                45.81069078
              ],
              [
                1.87652715,
                45.81065598
              ],
              [
                1.87643442,
                45.81059291
              ],
              [
                1.87635312,
                45.81053807
              ],
              [
                1.87623711,
                45.81048018
              ],
              [
                1.87616039,
                45.8104533
              ],
              [
                1.87607188,
                45.81043621
              ],
              [
                1.87597827,
                45.81041636
              ],
              [
                1.87583726,
                45.81038434
              ],
              [
                1.87573124,
                45.81034186
              ],
              [
                1.8756561,
                45.81030058
              ],
              [
                1.87558756,
                45.81025127
              ],
              [
                1.87550602,
                45.81014509
              ],
              [
                1.87546389,
                45.81006362
              ],
              [
                1.87541952,
                45.80990287
              ],
              [
                1.87539347,
                45.80979094
              ],
              [
                1.8753841,
                45.80968188
              ],
              [
                1.87537342,
                45.80951066
              ],
              [
                1.87536228,
                45.80936195
              ],
              [
                1.87533415,
                45.8090996
              ],
              [
                1.87530674,
                45.80886428
              ],
              [
                1.87530738,
                45.80864364
              ],
              [
                1.87530761,
                45.80856889
              ],
              [
                1.87531683,
                45.8084321
              ],
              [
                1.87533943,
                45.80833416
              ],
              [
                1.87537115,
                45.80823091
              ],
              [
                1.8754037,
                45.80808714
              ],
              [
                1.87541709,
                45.80799902
              ],
              [
                1.87541556,
                45.80794767
              ],
              [
                1.87539076,
                45.80790059
              ],
              [
                1.87534316,
                45.80783527
              ],
              [
                1.87527006,
                45.8077571
              ],
              [
                1.87520044,
                45.80769787
              ],
              [
                1.87512703,
                45.80763499
              ],
              [
                1.87505061,
                45.80753067
              ],
              [
                1.87504039,
                45.80746302
              ],
              [
                1.87504291,
                45.80740271
              ],
              [
                1.87507776,
                45.80733551
              ],
              [
                1.87511918,
                45.80726207
              ],
              [
                1.87517277,
                45.80715994
              ],
              [
                1.87521959,
                45.80707395
              ],
              [
                1.87530474,
                45.80693971
              ],
              [
                1.8754004,
                45.80679477
              ],
              [
                1.87554703,
                45.80661341
              ],
              [
                1.87560381,
                45.80654464
              ],
              [
                1.87566199,
                45.80646957
              ],
              [
                1.87573565,
                45.80639375
              ],
              [
                1.87580393,
                45.80632869
              ],
              [
                1.87585902,
                45.8062797
              ],
              [
                1.8759854,
                45.80620711
              ],
              [
                1.87607267,
                45.80615845
              ],
              [
                1.87621463,
                45.80614275
              ],
              [
                1.87628153,
                45.80614612
              ],
              [
                1.87637855,
                45.80618761
              ],
              [
                1.87640772,
                45.80620952
              ],
              [
                1.87646751,
                45.80624524
              ],
              [
                1.8765301,
                45.80627017
              ],
              [
                1.87664561,
                45.80628933
              ],
              [
                1.87675603,
                45.80630484
              ],
              [
                1.87687694,
                45.80631145
              ],
              [
                1.87702736,
                45.80632375
              ],
              [
                1.87717162,
                45.80632158
              ],
              [
                1.87733174,
                45.80629976
              ],
              [
                1.87749107,
                45.80625362
              ],
              [
                1.87764795,
                45.80620114
              ],
              [
                1.87781703,
                45.80611817
              ],
              [
                1.8778823,
                45.80607469
              ],
              [
                1.87793922,
                45.8059987
              ],
              [
                1.87796713,
                45.80589271
              ],
              [
                1.87797625,
                45.80576042
              ],
              [
                1.87797316,
                45.80553254
              ],
              [
                1.87797457,
                45.80520924
              ],
              [
                1.87798471,
                45.80509047
              ],
              [
                1.87800008,
                45.80503118
              ],
              [
                1.87803005,
                45.80495043
              ],
              [
                1.87806556,
                45.80491386
              ],
              [
                1.87812156,
                45.80488289
              ],
              [
                1.87818896,
                45.80486105
              ],
              [
                1.87828195,
                45.80484756
              ],
              [
                1.87836583,
                45.80483849
              ],
              [
                1.87846632,
                45.80483589
              ],
              [
                1.8784961,
                45.80482808
              ],
              [
                1.87851471,
                45.80479944
              ],
              [
                1.87851535,
                45.80476793
              ],
              [
                1.87848798,
                45.80472083
              ],
              [
                1.87843114,
                45.80466623
              ],
              [
                1.87835853,
                45.80462768
              ],
              [
                1.87828087,
                45.80458368
              ],
              [
                1.87819435,
                45.80453239
              ],
              [
                1.87806708,
                45.80445908
              ],
              [
                1.87798324,
                45.80440241
              ],
              [
                1.87789442,
                45.80433759
              ],
              [
                1.87784287,
                45.80427673
              ],
              [
                1.87780917,
                45.80422417
              ],
              [
                1.87781109,
                45.80419266
              ],
              [
                1.87781519,
                45.804181
              ],
              [
                1.87784563,
                45.80414077
              ],
              [
                1.87788277,
                45.80408711
              ],
              [
                1.87790601,
                45.8040207
              ],
              [
                1.87789784,
                45.80397919
              ],
              [
                1.87782484,
                45.80389651
              ],
              [
                1.8777541,
                45.80382916
              ],
              [
                1.8776168,
                45.80374224
              ],
              [
                1.87746505,
                45.80366959
              ],
              [
                1.87733581,
                45.80362958
              ],
              [
                1.87724749,
                45.80360348
              ],
              [
                1.87714382,
                45.80357273
              ],
              [
                1.87705988,
                45.80352147
              ],
              [
                1.87698634,
                45.8034649
              ],
              [
                1.87691954,
                45.80339399
              ],
              [
                1.87682392,
                45.80328407
              ],
              [
                1.87668553,
                45.80312419
              ],
              [
                1.87666793,
                45.8031033
              ],
              [
                1.87658146,
                45.80298626
              ],
              [
                1.87628927,
                45.80260151
              ],
              [
                1.87614462,
                45.80243346
              ],
              [
                1.87604136,
                45.80231896
              ],
              [
                1.87597079,
                45.80224351
              ],
              [
                1.87587596,
                45.80215791
              ],
              [
                1.87574391,
                45.80206654
              ],
              [
                1.87566124,
                45.80201618
              ],
              [
                1.87558133,
                45.80195685
              ],
              [
                1.87548763,
                45.80187937
              ],
              [
                1.87540291,
                45.80180287
              ],
              [
                1.87533597,
                45.80173917
              ],
              [
                1.8752254,
                45.80160478
              ],
              [
                1.87516397,
                45.80152311
              ],
              [
                1.87510281,
                45.80142794
              ],
              [
                1.87496024,
                45.80115815
              ],
              [
                1.87492075,
                45.801074
              ],
              [
                1.87489321,
                45.80097196
              ],
              [
                1.87488626,
                45.80087103
              ],
              [
                1.87488675,
                45.80078367
              ],
              [
                1.87491929,
                45.80063991
              ],
              [
                1.87492308,
                45.80058051
              ],
              [
                1.87493058,
                45.80052835
              ],
              [
                1.87491937,
                45.80044628
              ],
              [
                1.87491198,
                45.80043
              ],
              [
                1.87487702,
                45.80037651
              ],
              [
                1.8748278,
                45.80032739
              ],
              [
                1.87477453,
                45.80028814
              ],
              [
                1.87469486,
                45.8002171
              ],
              [
                1.87462701,
                45.80013447
              ],
              [
                1.87455834,
                45.80002932
              ],
              [
                1.87447151,
                45.79986725
              ],
              [
                1.87437284,
                45.79971767
              ],
              [
                1.87426504,
                45.7995743
              ],
              [
                1.87417182,
                45.79947341
              ],
              [
                1.87409619,
                45.7993934
              ],
              [
                1.87400862,
                45.79926825
              ],
              [
                1.87392453,
                45.7990981
              ],
              [
                1.87386554,
                45.79896062
              ],
              [
                1.87384797,
                45.79881185
              ],
              [
                1.87382017,
                45.79859633
              ],
              [
                1.87378807,
                45.79827631
              ],
              [
                1.87378721,
                45.79825558
              ],
              [
                1.87378108,
                45.79817717
              ],
              [
                1.87375528,
                45.79805354
              ],
              [
                1.87374581,
                45.79794987
              ],
              [
                1.87372631,
                45.7978326
              ],
              [
                1.87372199,
                45.79772899
              ],
              [
                1.87372535,
                45.79762726
              ],
              [
                1.87372867,
                45.79752733
              ],
              [
                1.87373557,
                45.79744184
              ],
              [
                1.87372791,
                45.79737512
              ],
              [
                1.87371671,
                45.79729306
              ],
              [
                1.8737068,
                45.79721101
              ],
              [
                1.87369802,
                45.79713617
              ],
              [
                1.87369324,
                45.79705507
              ],
              [
                1.87369353,
                45.79697762
              ],
              [
                1.87370197,
                45.79687955
              ],
              [
                1.87371129,
                45.79680129
              ],
              [
                1.87372846,
                45.7967168
              ],
              [
                1.87375319,
                45.7966405
              ],
              [
                1.87380913,
                45.7965492
              ],
              [
                1.87387132,
                45.79646697
              ],
              [
                1.87394296,
                45.79636321
              ],
              [
                1.87400275,
                45.79627195
              ],
              [
                1.87407535,
                45.79618442
              ],
              [
                1.87418465,
                45.79606483
              ],
              [
                1.87425026,
                45.79600425
              ],
              [
                1.87431976,
                45.7959419
              ],
              [
                1.87439944,
                45.79588596
              ],
              [
                1.87449592,
                45.79582658
              ],
              [
                1.87456896,
                45.79578048
              ],
              [
                1.874646,
                45.79572721
              ],
              [
                1.87470764,
                45.79567199
              ],
              [
                1.87475751,
                45.79562566
              ],
              [
                1.87478821,
                45.79557193
              ],
              [
                1.87479073,
                45.79551161
              ],
              [
                1.87477622,
                45.79546554
              ],
              [
                1.87473999,
                45.79541114
              ],
              [
                1.87470102,
                45.79536483
              ],
              [
                1.87466866,
                45.79531047
              ],
              [
                1.87465587,
                45.7952428
              ],
              [
                1.87465593,
                45.79517705
              ],
              [
                1.87464961,
                45.79510765
              ],
              [
                1.87464088,
                45.79503101
              ],
              [
                1.87462675,
                45.79496603
              ],
              [
                1.87462921,
                45.79490841
              ],
              [
                1.87464363,
                45.79483291
              ],
              [
                1.87465679,
                45.79475559
              ],
              [
                1.87466877,
                45.79467286
              ],
              [
                1.87467916,
                45.79460542
              ],
              [
                1.87487281,
                45.7940733
              ],
              [
                1.87491321,
                45.79392331
              ],
              [
                1.87498549,
                45.79366106
              ],
              [
                1.87505388,
                45.79346361
              ],
              [
                1.8751111,
                45.79330928
              ],
              [
                1.8751545,
                45.7931377
              ],
              [
                1.87516174,
                45.79297207
              ],
              [
                1.87515667,
                45.79284143
              ],
              [
                1.87510875,
                45.79272929
              ],
              [
                1.87501002,
                45.79264635
              ],
              [
                1.87487108,
                45.79257832
              ],
              [
                1.87468982,
                45.79256571
              ],
              [
                1.87441816,
                45.7925666
              ],
              [
                1.8741137,
                45.79259779
              ],
              [
                1.87383624,
                45.79263104
              ],
              [
                1.87366027,
                45.79261127
              ],
              [
                1.87352662,
                45.79247305
              ],
              [
                1.87345917,
                45.79224543
              ],
              [
                1.87339937,
                45.79183237
              ],
              [
                1.87338202,
                45.79148367
              ],
              [
                1.87338674,
                45.79118923
              ],
              [
                1.87338407,
                45.79094154
              ],
              [
                1.87339905,
                45.79077508
              ],
              [
                1.87345974,
                45.7906397
              ],
              [
                1.87362058,
                45.79051702
              ],
              [
                1.87383523,
                45.79040749
              ],
              [
                1.87421206,
                45.79029868
              ],
              [
                1.87450602,
                45.79021336
              ],
              [
                1.87485881,
                45.79014753
              ],
              [
                1.87510009,
                45.79012021
              ],
              [
                1.87535649,
                45.79010926
              ],
              [
                1.87558912,
                45.79012779
              ],
              [
                1.87589839,
                45.7901759
              ],
              [
                1.876212,
                45.79026368
              ],
              [
                1.87656323,
                45.79033742
              ],
              [
                1.87689089,
                45.79049378
              ],
              [
                1.87711363,
                45.79061937
              ],
              [
                1.87735938,
                45.79081544
              ],
              [
                1.8776043,
                45.79098989
              ],
              [
                1.87789733,
                45.79120354
              ],
              [
                1.87815475,
                45.79133308
              ],
              [
                1.87842735,
                45.79147538
              ],
              [
                1.87870075,
                45.791642
              ],
              [
                1.878977,
                45.79179514
              ],
              [
                1.87918741,
                45.79195754
              ],
              [
                1.87938577,
                45.79207928
              ],
              [
                1.87962216,
                45.79223023
              ],
              [
                1.87983694,
                45.79236744
              ],
              [
                1.87999285,
                45.79248787
              ],
              [
                1.88005628,
                45.79259747
              ],
              [
                1.88012165,
                45.79273861
              ],
              [
                1.88030727,
                45.79285392
              ],
              [
                1.8805658,
                45.79292943
              ],
              [
                1.88081404,
                45.79300394
              ],
              [
                1.88128362,
                45.79308335
              ],
              [
                1.88206483,
                45.79322257
              ],
              [
                1.88232772,
                45.7932729
              ],
              [
                1.88245164,
                45.79344794
              ],
              [
                1.8825077,
                45.79354036
              ],
              [
                1.88253726,
                45.79360639
              ],
              [
                1.88252828,
                45.79366844
              ],
              [
                1.88250654,
                45.79372497
              ],
              [
                1.88248588,
                45.7937914
              ],
              [
                1.88247492,
                45.79388766
              ],
              [
                1.88248456,
                45.79398411
              ],
              [
                1.88249507,
                45.79403735
              ],
              [
                1.88251904,
                45.79412495
              ],
              [
                1.88253992,
                45.79417469
              ],
              [
                1.8825673,
                45.79422179
              ],
              [
                1.88260145,
                45.79425184
              ],
              [
                1.88264048,
                45.79429546
              ],
              [
                1.88268739,
                45.79433104
              ],
              [
                1.88277841,
                45.79434996
              ],
              [
                1.88288635,
                45.79436003
              ],
              [
                1.88309604,
                45.79436841
              ],
              [
                1.88345077,
                45.79439804
              ],
              [
                1.88358909,
                45.79443363
              ],
              [
                1.88374293,
                45.79446577
              ],
              [
                1.8838438,
                45.79450729
              ],
              [
                1.8839073,
                45.79455025
              ],
              [
                1.88398486,
                45.79459874
              ],
              [
                1.88406469,
                45.79466167
              ],
              [
                1.88414431,
                45.79473541
              ],
              [
                1.88420087,
                45.79480351
              ],
              [
                1.884229,
                45.79487674
              ],
              [
                1.88426245,
                45.79494191
              ],
              [
                1.88430586,
                45.79502339
              ],
              [
                1.88437391,
                45.79509611
              ],
              [
                1.88447645,
                45.79518268
              ],
              [
                1.88453308,
                45.79524718
              ],
              [
                1.88458137,
                45.79534222
              ],
              [
                1.88459271,
                45.79541798
              ],
              [
                1.88460248,
                45.79550813
              ],
              [
                1.88458786,
                45.79559444
              ],
              [
                1.88455361,
                45.79569677
              ],
              [
                1.88450373,
                45.79580795
              ],
              [
                1.8844557,
                45.79589123
              ],
              [
                1.88444404,
                45.79595866
              ],
              [
                1.88442867,
                45.79608188
              ],
              [
                1.88442894,
                45.79619626
              ],
              [
                1.88445955,
                45.79633795
              ],
              [
                1.88449983,
                45.79644732
              ],
              [
                1.88456075,
                45.79661813
              ],
              [
                1.88463544,
                45.79674495
              ],
              [
                1.88472427,
                45.79687281
              ],
              [
                1.88482331,
                45.79700528
              ],
              [
                1.88493766,
                45.79714419
              ],
              [
                1.88503924,
                45.79721454
              ],
              [
                1.88510931,
                45.79725126
              ],
              [
                1.88521726,
                45.79726133
              ],
              [
                1.88529857,
                45.79725133
              ],
              [
                1.88544142,
                45.7971906
              ],
              [
                1.88566894,
                45.79708117
              ],
              [
                1.88587651,
                45.79700307
              ],
              [
                1.88612811,
                45.79691279
              ],
              [
                1.88632919,
                45.79683733
              ],
              [
                1.88647272,
                45.79680632
              ],
              [
                1.88660814,
                45.79679505
              ],
              [
                1.88676748,
                45.79681013
              ],
              [
                1.88701668,
                45.7968387
              ],
              [
                1.88719377,
                45.79686747
              ],
              [
                1.88737801,
                45.79692512
              ],
              [
                1.88767314,
                45.7970379
              ],
              [
                1.88808783,
                45.7972239
              ],
              [
                1.88827078,
                45.79728154
              ],
              [
                1.88849308,
                45.79736748
              ],
              [
                1.88866968,
                45.79742055
              ],
              [
                1.88880303,
                45.79744798
              ],
              [
                1.88888581,
                45.79742898
              ],
              [
                1.88898473,
                45.79737592
              ],
              [
                1.88908691,
                45.79735261
              ],
              [
                1.88921069,
                45.79734393
              ],
              [
                1.88930839,
                45.79735119
              ],
              [
                1.88941864,
                45.79737479
              ],
              [
                1.88966306,
                45.79751318
              ],
              [
                1.88989816,
                45.79766679
              ],
              [
                1.89001504,
                45.79774449
              ],
              [
                1.89009611,
                45.79781103
              ],
              [
                1.89018158,
                45.79791454
              ],
              [
                1.89027414,
                45.79804963
              ],
              [
                1.89033609,
                45.79817002
              ],
              [
                1.89034999,
                45.7982476
              ],
              [
                1.89032292,
                45.79831308
              ],
              [
                1.89026532,
                45.79836025
              ],
              [
                1.89020102,
                45.79842085
              ],
              [
                1.89016013,
                45.79846908
              ],
              [
                1.89014639,
                45.79851217
              ],
              [
                1.89016193,
                45.79857177
              ],
              [
                1.89022724,
                45.7987174
              ],
              [
                1.89041378,
                45.7989813
              ],
              [
                1.89043625,
                45.79901665
              ],
              [
                1.89042612,
                45.79907238
              ],
              [
                1.89036514,
                45.7990952
              ],
              [
                1.89020384,
                45.79911343
              ],
              [
                1.89016658,
                45.79910946
              ],
              [
                1.89003201,
                45.79907841
              ],
              [
                1.88995281,
                45.79904702
              ],
              [
                1.88985322,
                45.79900551
              ],
              [
                1.8897461,
                45.79895402
              ],
              [
                1.88962602,
                45.79890691
              ],
              [
                1.88949806,
                45.79886783
              ],
              [
                1.88930841,
                45.79882274
              ],
              [
                1.88918525,
                45.79880081
              ],
              [
                1.88901953,
                45.79878207
              ],
              [
                1.88893455,
                45.79878213
              ],
              [
                1.88877983,
                45.79879322
              ],
              [
                1.88866466,
                45.7988218
              ],
              [
                1.88859983,
                45.79884458
              ],
              [
                1.88854522,
                45.79887106
              ],
              [
                1.8884814,
                45.79890736
              ],
              [
                1.88840822,
                45.79896067
              ],
              [
                1.88836234,
                45.79900165
              ],
              [
                1.88829848,
                45.79910368
              ],
              [
                1.88827672,
                45.79916111
              ],
              [
                1.88827141,
                45.7992331
              ],
              [
                1.8882985,
                45.79929461
              ],
              [
                1.8883385,
                45.79935444
              ],
              [
                1.88843637,
                45.79941754
              ],
              [
                1.88855514,
                45.79946554
              ],
              [
                1.88862442,
                45.79947793
              ],
              [
                1.88878595,
                45.79951284
              ],
              [
                1.88895516,
                45.79954963
              ],
              [
                1.88936792,
                45.79964105
              ],
              [
                1.88959845,
                45.79970185
              ],
              [
                1.8897324,
                45.79976351
              ],
              [
                1.88980618,
                45.79980836
              ],
              [
                1.88986045,
                45.79986293
              ],
              [
                1.88988941,
                45.79995958
              ],
              [
                1.88987503,
                45.80003419
              ],
              [
                1.88986105,
                45.80008898
              ],
              [
                1.88977028,
                45.80031324
              ],
              [
                1.88974022,
                45.8003994
              ],
              [
                1.88971716,
                45.80045771
              ],
              [
                1.88971477,
                45.80051262
              ],
              [
                1.88971809,
                45.80060361
              ],
              [
                1.88973225,
                45.80066769
              ],
              [
                1.88975822,
                45.80072108
              ],
              [
                1.88983403,
                45.80079297
              ],
              [
                1.88990539,
                45.8008297
              ],
              [
                1.89004408,
                45.80091211
              ],
              [
                1.89011507,
                45.80096775
              ],
              [
                1.89018896,
                45.80107114
              ],
              [
                1.89027959,
                45.80123864
              ],
              [
                1.89029625,
                45.80137028
              ],
              [
                1.89033889,
                45.80149138
              ],
              [
                1.89036177,
                45.80156996
              ],
              [
                1.89043325,
                45.80166522
              ],
              [
                1.89048738,
                45.80172699
              ],
              [
                1.89056919,
                45.80182056
              ],
              [
                1.89062371,
                45.80186252
              ],
              [
                1.89068963,
                45.8019145
              ],
              [
                1.89074818,
                45.80201234
              ],
              [
                1.8907571,
                45.80208087
              ],
              [
                1.89075116,
                45.80212044
              ],
              [
                1.89073373,
                45.80215449
              ],
              [
                1.8906867,
                45.80218825
              ],
              [
                1.89061019,
                45.80221541
              ],
              [
                1.89054694,
                45.8022229
              ],
              [
                1.89037188,
                45.80222027
              ],
              [
                1.89023283,
                45.80221981
              ],
              [
                1.89006283,
                45.80222174
              ],
              [
                1.88988898,
                45.80222273
              ],
              [
                1.88971254,
                45.8022246
              ],
              [
                1.8894934,
                45.80223685
              ],
              [
                1.8893358,
                45.80226232
              ],
              [
                1.88923463,
                45.80229915
              ],
              [
                1.88919292,
                45.80232395
              ],
              [
                1.88914825,
                45.80236854
              ],
              [
                1.88912303,
                45.80240612
              ],
              [
                1.88910165,
                45.80244463
              ],
              [
                1.88909549,
                45.80249501
              ],
              [
                1.88910455,
                45.80255633
              ],
              [
                1.88911647,
                45.80260418
              ],
              [
                1.88913241,
                45.80264396
              ],
              [
                1.88919137,
                45.80272109
              ],
              [
                1.8892193,
                45.80274118
              ],
              [
                1.88930736,
                45.80277987
              ],
              [
                1.88943164,
                45.80281081
              ],
              [
                1.8894689,
                45.80281478
              ],
              [
                1.8895233,
                45.80279911
              ],
              [
                1.88956248,
                45.80277158
              ],
              [
                1.88960186,
                45.80273414
              ],
              [
                1.88965292,
                45.80269231
              ],
              [
                1.88973085,
                45.80265886
              ],
              [
                1.88981759,
                45.8026354
              ],
              [
                1.8900062,
                45.80260483
              ],
              [
                1.89021881,
                45.80259701
              ],
              [
                1.89039478,
                45.80261856
              ],
              [
                1.89045123,
                45.80262902
              ],
              [
                1.89052918,
                45.8026586
              ],
              [
                1.89060325,
                45.80268905
              ],
              [
                1.89071886,
                45.80270279
              ],
              [
                1.89082067,
                45.80269839
              ],
              [
                1.8908516,
                45.80269689
              ],
              [
                1.89093947,
                45.80268155
              ],
              [
                1.89102837,
                45.80267882
              ],
              [
                1.89114002,
                45.80269702
              ],
              [
                1.8912649,
                45.80276219
              ],
              [
                1.89135158,
                45.80280627
              ],
              [
                1.89142552,
                45.80284302
              ],
              [
                1.89151384,
                45.8028691
              ],
              [
                1.89162925,
                45.80289275
              ],
              [
                1.89174311,
                45.80292989
              ],
              [
                1.89185399,
                45.80298682
              ],
              [
                1.89191999,
                45.80303429
              ],
              [
                1.89198581,
                45.80309078
              ],
              [
                1.89203102,
                45.80314796
              ],
              [
                1.8920655,
                45.80322665
              ],
              [
                1.89207999,
                45.80327452
              ],
              [
                1.89209205,
                45.8033791
              ],
              [
                1.89209406,
                45.80347188
              ],
              [
                1.89209574,
                45.80351603
              ],
              [
                1.89210604,
                45.80364491
              ],
              [
                1.89213152,
                45.80372261
              ],
              [
                1.89214376,
                45.80375425
              ],
              [
                1.892184,
                45.80380238
              ],
              [
                1.892218,
                45.80384054
              ],
              [
                1.89227155,
                45.80386718
              ],
              [
                1.89233282,
                45.8038939
              ],
              [
                1.8923868,
                45.80389893
              ],
              [
                1.89245869,
                45.80390954
              ],
              [
                1.89256047,
                45.80390694
              ],
              [
                1.89267129,
                45.80390262
              ],
              [
                1.89278881,
                45.80388576
              ],
              [
                1.89299034,
                45.80385261
              ],
              [
                1.89312998,
                45.80388821
              ],
              [
                1.89322061,
                45.80392782
              ],
              [
                1.89334481,
                45.8040272
              ],
              [
                1.89344674,
                45.80414527
              ],
              [
                1.89346267,
                45.80418596
              ],
              [
                1.89350895,
                45.80425395
              ],
              [
                1.89355428,
                45.80430483
              ],
              [
                1.89364619,
                45.8044093
              ],
              [
                1.89369644,
                45.80447193
              ],
              [
                1.8937495,
                45.80452288
              ],
              [
                1.89375776,
                45.80456079
              ],
              [
                1.89374549,
                45.80459489
              ],
              [
                1.8936922,
                45.80461958
              ],
              [
                1.89363804,
                45.80462356
              ],
              [
                1.89352594,
                45.80462696
              ],
              [
                1.89346686,
                45.80461918
              ],
              [
                1.89336073,
                45.80458211
              ],
              [
                1.89324595,
                45.80452695
              ],
              [
                1.89308864,
                45.80447318
              ],
              [
                1.89295874,
                45.8044656
              ],
              [
                1.89288017,
                45.80446663
              ],
              [
                1.89284278,
                45.80446896
              ],
              [
                1.89271597,
                45.80450014
              ],
              [
                1.89264834,
                45.8045337
              ],
              [
                1.89261663,
                45.80457392
              ],
              [
                1.89258176,
                45.80464292
              ],
              [
                1.89257542,
                45.80470229
              ],
              [
                1.89257345,
                45.8047365
              ],
              [
                1.8925705,
                45.80481932
              ],
              [
                1.89257976,
                45.80493559
              ],
              [
                1.89260238,
                45.80502767
              ],
              [
                1.89263916,
                45.80511989
              ],
              [
                1.89268076,
                45.80522836
              ],
              [
                1.89272203,
                45.80535395
              ],
              [
                1.89272067,
                45.80542148
              ],
              [
                1.89267695,
                45.80554713
              ],
              [
                1.89262071,
                45.80565465
              ],
              [
                1.89256383,
                45.80572974
              ],
              [
                1.89250358,
                45.80584442
              ],
              [
                1.89236378,
                45.8060736
              ],
              [
                1.89230346,
                45.80619189
              ],
              [
                1.89228781,
                45.80620164
              ],
              [
                1.89224885,
                45.80621837
              ],
              [
                1.8922116,
                45.8062135
              ],
              [
                1.8922042,
                45.80619722
              ],
              [
                1.89221629,
                45.80617212
              ],
              [
                1.89222971,
                45.80614523
              ],
              [
                1.89223783,
                45.8061255
              ],
              [
                1.89228745,
                45.80602692
              ],
              [
                1.89230781,
                45.80597489
              ],
              [
                1.89233702,
                45.80593105
              ],
              [
                1.89238514,
                45.80584326
              ],
              [
                1.89239946,
                45.80577136
              ],
              [
                1.89239248,
                45.80573436
              ],
              [
                1.89238527,
                45.80570818
              ],
              [
                1.89236531,
                45.80567646
              ],
              [
                1.89233488,
                45.80565275
              ],
              [
                1.89228548,
                45.80561174
              ],
              [
                1.89197474,
                45.80537544
              ],
              [
                1.89184015,
                45.80528046
              ],
              [
                1.89174339,
                45.80522547
              ],
              [
                1.89166556,
                45.80518958
              ],
              [
                1.89162721,
                45.8051757
              ],
              [
                1.89152596,
                45.80515219
              ],
              [
                1.89141676,
                45.80513941
              ],
              [
                1.89121328,
                45.80514101
              ],
              [
                1.89110894,
                45.80514269
              ],
              [
                1.89097081,
                45.80516025
              ],
              [
                1.89077144,
                45.80521322
              ],
              [
                1.89067023,
                45.80525185
              ],
              [
                1.890555,
                45.80528314
              ],
              [
                1.89047242,
                45.80529134
              ],
              [
                1.890399,
                45.80529242
              ],
              [
                1.89035896,
                45.80529833
              ],
              [
                1.89030321,
                45.80531759
              ],
              [
                1.89023777,
                45.80537008
              ],
              [
                1.89019439,
                45.80541379
              ],
              [
                1.89016372,
                45.80546662
              ],
              [
                1.89010551,
                45.8055435
              ],
              [
                1.89005545,
                45.80559974
              ],
              [
                1.8899713,
                45.80568627
              ],
              [
                1.88989844,
                45.80572338
              ],
              [
                1.88979117,
                45.80574303
              ],
              [
                1.88974343,
                45.80574797
              ],
              [
                1.88968428,
                45.80574378
              ],
              [
                1.88958817,
                45.80572033
              ],
              [
                1.88952781,
                45.80571253
              ],
              [
                1.88948402,
                45.805713
              ],
              [
                1.88939995,
                45.80573108
              ],
              [
                1.88938693,
                45.80573816
              ],
              [
                1.88936196,
                45.80576313
              ],
              [
                1.88929973,
                45.80584807
              ],
              [
                1.88927049,
                45.80589371
              ],
              [
                1.88925683,
                45.8059323
              ],
              [
                1.88923341,
                45.80600862
              ],
              [
                1.88922919,
                45.80609053
              ],
              [
                1.88923221,
                45.80613199
              ],
              [
                1.88925182,
                45.80618172
              ],
              [
                1.88927657,
                45.80623149
              ],
              [
                1.88933721,
                45.80628972
              ],
              [
                1.88941446,
                45.80635443
              ],
              [
                1.88963547,
                45.8065061
              ],
              [
                1.89008527,
                45.80680681
              ],
              [
                1.89024791,
                45.80691558
              ],
              [
                1.89036041,
                45.80695631
              ],
              [
                1.89043764,
                45.80695797
              ],
              [
                1.89049453,
                45.80694682
              ],
              [
                1.89056314,
                45.80692858
              ],
              [
                1.89066427,
                45.80689445
              ],
              [
                1.89070977,
                45.80687329
              ],
              [
                1.89078727,
                45.80686144
              ],
              [
                1.89084393,
                45.8068611
              ],
              [
                1.89092617,
                45.80687001
              ],
              [
                1.89100213,
                45.80687075
              ],
              [
                1.8910782,
                45.8068661
              ],
              [
                1.89112221,
                45.80685482
              ],
              [
                1.89118179,
                45.8068374
              ],
              [
                1.89128147,
                45.80681136
              ],
              [
                1.89138747,
                45.80679079
              ],
              [
                1.89147671,
                45.80677185
              ],
              [
                1.8917528,
                45.80674574
              ],
              [
                1.89197591,
                45.80672902
              ],
              [
                1.89202238,
                45.80672317
              ],
              [
                1.89204558,
                45.8067225
              ],
              [
                1.8920549,
                45.80670728
              ],
              [
                1.89206693,
                45.80668488
              ],
              [
                1.89207264,
                45.80665702
              ],
              [
                1.89210119,
                45.80651771
              ],
              [
                1.89211347,
                45.80648361
              ],
              [
                1.89213038,
                45.80647477
              ],
              [
                1.89216255,
                45.80647599
              ],
              [
                1.89219443,
                45.80649161
              ],
              [
                1.89219792,
                45.80651056
              ],
              [
                1.89219574,
                45.80655466
              ],
              [
                1.89219074,
                45.80661135
              ],
              [
                1.89217535,
                45.80667244
              ],
              [
                1.89215746,
                45.8067299
              ],
              [
                1.89216947,
                45.80677325
              ],
              [
                1.89218735,
                45.80678063
              ],
              [
                1.89222954,
                45.80679545
              ],
              [
                1.89234011,
                45.80686858
              ],
              [
                1.89243537,
                45.80693436
              ],
              [
                1.89256568,
                45.80705001
              ],
              [
                1.89263851,
                45.80714258
              ],
              [
                1.89271566,
                45.80727662
              ],
              [
                1.8927949,
                45.807435
              ],
              [
                1.89285126,
                45.80757875
              ],
              [
                1.89289648,
                45.80776381
              ],
              [
                1.89293678,
                45.80800196
              ],
              [
                1.89292829,
                45.80823242
              ],
              [
                1.89292649,
                45.80832246
              ],
              [
                1.89291194,
                45.80847001
              ],
              [
                1.89289334,
                45.80856259
              ],
              [
                1.8928639,
                45.80868208
              ],
              [
                1.8928063,
                45.80879319
              ],
              [
                1.89268926,
                45.80891452
              ],
              [
                1.89250254,
                45.80904237
              ],
              [
                1.89229526,
                45.80916822
              ],
              [
                1.89216108,
                45.80924525
              ],
              [
                1.89209306,
                45.80929772
              ],
              [
                1.8920626,
                45.80933975
              ],
              [
                1.89204282,
                45.80942691
              ],
              [
                1.89201957,
                45.80962301
              ],
              [
                1.89201465,
                45.80980398
              ],
              [
                1.8920409,
                45.80984386
              ],
              [
                1.89207749,
                45.80988114
              ],
              [
                1.89213614,
                45.80991054
              ],
              [
                1.89220661,
                45.80992834
              ],
              [
                1.89231185,
                45.80994648
              ],
              [
                1.89234494,
                45.80996572
              ],
              [
                1.89235481,
                45.80998743
              ],
              [
                1.89235713,
                45.81000006
              ],
              [
                1.89233051,
                45.81004303
              ],
              [
                1.89230275,
                45.81007878
              ],
              [
                1.89229407,
                45.81012642
              ],
              [
                1.89230254,
                45.81015352
              ],
              [
                1.89234616,
                45.810226
              ],
              [
                1.89239594,
                45.8102481
              ],
              [
                1.89244462,
                45.81026119
              ],
              [
                1.89248968,
                45.81026163
              ],
              [
                1.89258501,
                45.81025986
              ],
              [
                1.89267893,
                45.81026438
              ],
              [
                1.89273553,
                45.81026764
              ],
              [
                1.89279953,
                45.81028718
              ],
              [
                1.89283913,
                45.81030288
              ],
              [
                1.89288655,
                45.81031415
              ],
              [
                1.89296002,
                45.81031127
              ],
              [
                1.8930167,
                45.81031002
              ],
              [
                1.89307109,
                45.81029525
              ],
              [
                1.89312411,
                45.81028406
              ],
              [
                1.89315645,
                45.81027717
              ],
              [
                1.89325136,
                45.81029611
              ],
              [
                1.89329862,
                45.81031549
              ],
              [
                1.89335484,
                45.81033765
              ],
              [
                1.89347279,
                45.81036403
              ],
              [
                1.89360129,
                45.81037789
              ],
              [
                1.89373008,
                45.81037735
              ],
              [
                1.89382026,
                45.81037554
              ],
              [
                1.8939158,
                45.81036386
              ],
              [
                1.89400128,
                45.81033949
              ],
              [
                1.89407925,
                45.81030423
              ],
              [
                1.89417579,
                45.81024213
              ],
              [
                1.8943,
                45.81014879
              ],
              [
                1.89436566,
                45.81008549
              ],
              [
                1.89441186,
                45.8100292
              ],
              [
                1.89441816,
                45.80997163
              ],
              [
                1.89441547,
                45.80991307
              ],
              [
                1.89440415,
                45.80983551
              ],
              [
                1.89439248,
                45.80977505
              ],
              [
                1.89440372,
                45.80972833
              ],
              [
                1.89443527,
                45.80969622
              ],
              [
                1.89447605,
                45.80965339
              ],
              [
                1.89450745,
                45.80962848
              ],
              [
                1.89455195,
                45.8095929
              ],
              [
                1.89457686,
                45.80957062
              ],
              [
                1.89464554,
                45.80948484
              ],
              [
                1.89475095,
                45.80930125
              ],
              [
                1.89490411,
                45.80898395
              ],
              [
                1.89493999,
                45.80892846
              ],
              [
                1.89496367,
                45.80890348
              ],
              [
                1.89501034,
                45.80888773
              ],
              [
                1.89502844,
                45.8088843
              ],
              [
                1.89506714,
                45.80888108
              ],
              [
                1.89514698,
                45.80888096
              ],
              [
                1.89523598,
                45.80887372
              ],
              [
                1.8954119,
                45.80889886
              ],
              [
                1.89551291,
                45.80893497
              ],
              [
                1.89562172,
                45.80896756
              ],
              [
                1.89570623,
                45.8089918
              ],
              [
                1.89579183,
                45.80902596
              ],
              [
                1.89589037,
                45.80905664
              ],
              [
                1.8960135,
                45.80908126
              ],
              [
                1.89613183,
                45.80908872
              ],
              [
                1.89620763,
                45.80909757
              ],
              [
                1.89631945,
                45.80910856
              ],
              [
                1.89649959,
                45.80911573
              ],
              [
                1.8966258,
                45.80911516
              ],
              [
                1.89680879,
                45.80910884
              ],
              [
                1.89698327,
                45.80907723
              ],
              [
                1.89722615,
                45.80903817
              ],
              [
                1.89738366,
                45.8090181
              ],
              [
                1.8975306,
                45.80901143
              ],
              [
                1.89760656,
                45.80901217
              ],
              [
                1.89767322,
                45.80902723
              ],
              [
                1.89774658,
                45.80902975
              ],
              [
                1.89780287,
                45.80904831
              ],
              [
                1.89785113,
                45.8090821
              ],
              [
                1.89796851,
                45.80920122
              ],
              [
                1.89802289,
                45.80925128
              ],
              [
                1.89807519,
                45.80927611
              ],
              [
                1.8981482,
                45.80929574
              ],
              [
                1.89831599,
                45.8093415
              ],
              [
                1.89850171,
                45.80939194
              ],
              [
                1.89867355,
                45.80942784
              ],
              [
                1.89880774,
                45.80947958
              ],
              [
                1.89889918,
                45.80954352
              ],
              [
                1.89894342,
                45.80958537
              ],
              [
                1.89900168,
                45.80963457
              ],
              [
                1.89906984,
                45.80970368
              ],
              [
                1.89915657,
                45.80974595
              ],
              [
                1.8992079,
                45.80975456
              ],
              [
                1.89930016,
                45.80977797
              ],
              [
                1.89942946,
                45.80981616
              ],
              [
                1.89956256,
                45.80985798
              ],
              [
                1.8996764,
                45.80989692
              ],
              [
                1.89982846,
                45.80995603
              ],
              [
                1.89989845,
                45.80999814
              ],
              [
                1.89993368,
                45.81003991
              ],
              [
                1.89995719,
                45.81008787
              ],
              [
                1.89997412,
                45.81014297
              ],
              [
                1.89997072,
                45.81018437
              ],
              [
                1.89995579,
                45.81022295
              ],
              [
                1.89992675,
                45.81025869
              ],
              [
                1.89989668,
                45.81028091
              ],
              [
                1.89982526,
                45.81031083
              ],
              [
                1.89974362,
                45.81033615
              ],
              [
                1.89961092,
                45.81033936
              ],
              [
                1.89951739,
                45.81031504
              ],
              [
                1.899469,
                45.81028755
              ],
              [
                1.89942067,
                45.81025736
              ],
              [
                1.89936178,
                45.81023967
              ],
              [
                1.89929227,
                45.81023809
              ],
              [
                1.89922273,
                45.81023832
              ],
              [
                1.89916339,
                45.81024314
              ],
              [
                1.89907637,
                45.81028012
              ],
              [
                1.89891374,
                45.81036318
              ],
              [
                1.89881578,
                45.81043247
              ],
              [
                1.89876601,
                45.81047432
              ],
              [
                1.89872614,
                45.81053607
              ],
              [
                1.89870852,
                45.81058002
              ],
              [
                1.89870265,
                45.81061599
              ],
              [
                1.89870662,
                45.81067547
              ],
              [
                1.89872908,
                45.81071171
              ],
              [
                1.89876575,
                45.81074539
              ],
              [
                1.89882301,
                45.81078017
              ],
              [
                1.89889985,
                45.81080163
              ],
              [
                1.89895748,
                45.8108175
              ],
              [
                1.89903976,
                45.81082461
              ],
              [
                1.89912231,
                45.81081821
              ],
              [
                1.89937442,
                45.81076843
              ],
              [
                1.89961103,
                45.81072121
              ],
              [
                1.89972334,
                45.81070789
              ],
              [
                1.89978904,
                45.81070673
              ],
              [
                1.89989801,
                45.81073121
              ],
              [
                1.89994671,
                45.81074339
              ],
              [
                1.90004916,
                45.81077231
              ],
              [
                1.90011827,
                45.81079369
              ],
              [
                1.900245,
                45.81083185
              ],
              [
                1.90033726,
                45.81085526
              ],
              [
                1.90041296,
                45.81086951
              ],
              [
                1.90051455,
                45.8108768
              ],
              [
                1.90060859,
                45.81087502
              ],
              [
                1.90068971,
                45.81087581
              ],
              [
                1.90075405,
                45.81087824
              ],
              [
                1.90084876,
                45.81090798
              ],
              [
                1.90093568,
                45.81094034
              ],
              [
                1.90105439,
                45.81099373
              ],
              [
                1.90131724,
                45.81111607
              ],
              [
                1.90146876,
                45.8112031
              ],
              [
                1.90156182,
                45.81125083
              ],
              [
                1.90166804,
                45.81128429
              ],
              [
                1.90179147,
                45.81129449
              ],
              [
                1.90185977,
                45.81129245
              ],
              [
                1.90190894,
                45.81128032
              ],
              [
                1.90198024,
                45.8112567
              ],
              [
                1.90205664,
                45.81123583
              ],
              [
                1.90209175,
                45.81121906
              ],
              [
                1.90220162,
                45.81119852
              ],
              [
                1.90233569,
                45.81119171
              ],
              [
                1.90237047,
                45.81119115
              ],
              [
                1.90243445,
                45.81121159
              ],
              [
                1.90246771,
                45.81122272
              ],
              [
                1.90255951,
                45.81126954
              ],
              [
                1.90265126,
                45.81131816
              ],
              [
                1.90278479,
                45.81140321
              ],
              [
                1.90294239,
                45.81150831
              ],
              [
                1.90300951,
                45.8115657
              ],
              [
                1.90307364,
                45.81164377
              ],
              [
                1.90310717,
                45.81177108
              ],
              [
                1.90311153,
                45.81207011
              ],
              [
                1.90304649,
                45.81255669
              ],
              [
                1.90300524,
                45.81281746
              ],
              [
                1.90297772,
                45.81297119
              ],
              [
                1.90291958,
                45.81317506
              ],
              [
                1.90287796,
                45.81326021
              ],
              [
                1.90285811,
                45.81328703
              ],
              [
                1.90286246,
                45.8133276
              ],
              [
                1.90288218,
                45.81337192
              ],
              [
                1.90289599,
                45.81339007
              ],
              [
                1.90294529,
                45.81343647
              ],
              [
                1.902964,
                45.81346728
              ],
              [
                1.90298094,
                45.81352238
              ],
              [
                1.9029807,
                45.81359892
              ],
              [
                1.902917,
                45.81401797
              ],
              [
                1.90288361,
                45.81427251
              ],
              [
                1.90289818,
                45.81431678
              ],
              [
                1.90290566,
                45.81432946
              ],
              [
                1.90298164,
                45.81445898
              ],
              [
                1.9030931,
                45.81461857
              ],
              [
                1.90317772,
                45.81470224
              ],
              [
                1.90321592,
                45.81472423
              ],
              [
                1.90324504,
                45.81474973
              ],
              [
                1.90326648,
                45.81477245
              ],
              [
                1.90331579,
                45.81481886
              ],
              [
                1.90334245,
                45.81483803
              ],
              [
                1.90338342,
                45.81485013
              ],
              [
                1.90345028,
                45.81485619
              ],
              [
                1.90351206,
                45.81485769
              ],
              [
                1.90364444,
                45.81487158
              ],
              [
                1.9037178,
                45.81487409
              ],
              [
                1.9037694,
                45.81487009
              ],
              [
                1.90384972,
                45.81484656
              ],
              [
                1.90391703,
                45.8148292
              ],
              [
                1.9040199,
                45.81477256
              ],
              [
                1.90402514,
                45.81476811
              ],
              [
                1.90408605,
                45.81474889
              ],
              [
                1.90414684,
                45.81473597
              ],
              [
                1.9042281,
                45.81472955
              ],
              [
                1.90435301,
                45.81473076
              ],
              [
                1.90447258,
                45.81474093
              ],
              [
                1.90454191,
                45.81475151
              ],
              [
                1.90460125,
                45.81474668
              ],
              [
                1.90465832,
                45.81472652
              ],
              [
                1.90470732,
                45.8147234
              ],
              [
                1.90478453,
                45.81472685
              ],
              [
                1.90485762,
                45.81474286
              ],
              [
                1.90504099,
                45.81478337
              ],
              [
                1.90510483,
                45.814811
              ],
              [
                1.90514531,
                45.81484832
              ],
              [
                1.90518088,
                45.81487298
              ],
              [
                1.90521409,
                45.81488681
              ],
              [
                1.90529128,
                45.81489116
              ],
              [
                1.90535441,
                45.81488997
              ],
              [
                1.90551152,
                45.8148906
              ],
              [
                1.90556959,
                45.81488485
              ],
              [
                1.90562623,
                45.8148863
              ],
              [
                1.90568119,
                45.81490755
              ],
              [
                1.90573217,
                45.81493416
              ],
              [
                1.90577429,
                45.81495348
              ],
              [
                1.90583948,
                45.81497843
              ],
              [
                1.90588185,
                45.81498514
              ],
              [
                1.90589347,
                45.81498345
              ],
              [
                1.90592704,
                45.81497928
              ],
              [
                1.90597608,
                45.81497435
              ],
              [
                1.90601464,
                45.81497832
              ],
              [
                1.90603508,
                45.81498663
              ],
              [
                1.90604887,
                45.81500567
              ],
              [
                1.90604846,
                45.81502638
              ],
              [
                1.90605034,
                45.81506152
              ],
              [
                1.90606806,
                45.815077
              ],
              [
                1.9061026,
                45.81508905
              ],
              [
                1.90613733,
                45.81509118
              ],
              [
                1.90620942,
                45.81509278
              ],
              [
                1.90623528,
                45.81508763
              ],
              [
                1.90631127,
                45.81508747
              ],
              [
                1.90640876,
                45.81510732
              ],
              [
                1.90645883,
                45.81511501
              ],
              [
                1.90652835,
                45.81511659
              ],
              [
                1.90662621,
                45.81511753
              ],
              [
                1.90665713,
                45.81511693
              ],
              [
                1.90668539,
                45.81512081
              ],
              [
                1.90669133,
                45.81514608
              ],
              [
                1.9066765,
                45.81517926
              ],
              [
                1.90666043,
                45.81521062
              ],
              [
                1.90667273,
                45.81523956
              ],
              [
                1.9067339,
                45.81527257
              ],
              [
                1.90678923,
                45.81527491
              ],
              [
                1.90680728,
                45.81527419
              ],
              [
                1.90683434,
                45.81527355
              ],
              [
                1.90688468,
                45.81526773
              ],
              [
                1.90692619,
                45.81525282
              ],
              [
                1.90703244,
                45.81522053
              ],
              [
                1.90707142,
                45.81520289
              ],
              [
                1.90708746,
                45.81517333
              ],
              [
                1.90708562,
                45.81513639
              ],
              [
                1.90705555,
                45.81509377
              ],
              [
                1.90703654,
                45.81507828
              ],
              [
                1.90700097,
                45.81505362
              ],
              [
                1.90696657,
                45.81503437
              ],
              [
                1.90692735,
                45.81499887
              ],
              [
                1.90690832,
                45.81498428
              ],
              [
                1.90686885,
                45.81496138
              ],
              [
                1.90684345,
                45.81494312
              ],
              [
                1.9068207,
                45.81492129
              ],
              [
                1.90682526,
                45.81488621
              ],
              [
                1.90682936,
                45.81487454
              ],
              [
                1.90684137,
                45.81485305
              ],
              [
                1.90684177,
                45.81483324
              ],
              [
                1.90683172,
                45.81482053
              ],
              [
                1.90680103,
                45.81480943
              ],
              [
                1.90676381,
                45.81480276
              ],
              [
                1.90672788,
                45.81479611
              ],
              [
                1.90671005,
                45.81478603
              ],
              [
                1.90667472,
                45.81474877
              ],
              [
                1.90666793,
                45.81470187
              ],
              [
                1.90667198,
                45.81462716
              ],
              [
                1.90667388,
                45.81459656
              ],
              [
                1.90669929,
                45.81454908
              ],
              [
                1.906726,
                45.8145007
              ],
              [
                1.90675638,
                45.81446227
              ],
              [
                1.90680204,
                45.814433
              ],
              [
                1.90683441,
                45.8144243
              ],
              [
                1.90686304,
                45.81440927
              ],
              [
                1.90690378,
                45.81436824
              ],
              [
                1.90691467,
                45.81433862
              ],
              [
                1.90693233,
                45.81429197
              ],
              [
                1.90693029,
                45.81426493
              ],
              [
                1.90691523,
                45.81424497
              ],
              [
                1.90688215,
                45.81422484
              ],
              [
                1.90684244,
                45.81421365
              ],
              [
                1.90678577,
                45.814214
              ],
              [
                1.9067201,
                45.81421336
              ],
              [
                1.90669175,
                45.81421399
              ],
              [
                1.90663705,
                45.81418014
              ],
              [
                1.90661065,
                45.81414746
              ],
              [
                1.9066036,
                45.81411317
              ],
              [
                1.90659904,
                45.81408341
              ],
              [
                1.90658795,
                45.81405808
              ],
              [
                1.90658306,
                45.81404453
              ],
              [
                1.90646665,
                45.81393983
              ],
              [
                1.90639937,
                45.81389055
              ],
              [
                1.90632068,
                45.81383215
              ],
              [
                1.90625733,
                45.81377931
              ],
              [
                1.90617261,
                45.81370013
              ],
              [
                1.90608172,
                45.81360739
              ],
              [
                1.90599885,
                45.81350032
              ],
              [
                1.90596082,
                45.81340449
              ],
              [
                1.90588862,
                45.81321377
              ],
              [
                1.90583739,
                45.81306918
              ],
              [
                1.90576329,
                45.81290906
              ],
              [
                1.9057034,
                45.81281212
              ],
              [
                1.90560384,
                45.81270219
              ],
              [
                1.90551168,
                45.81260853
              ],
              [
                1.90545635,
                45.81254135
              ],
              [
                1.90537453,
                45.812446
              ],
              [
                1.90529162,
                45.81234073
              ],
              [
                1.90521055,
                45.81220756
              ],
              [
                1.90511142,
                45.81201117
              ],
              [
                1.90500917,
                45.81177693
              ],
              [
                1.90491483,
                45.8115986
              ],
              [
                1.90480141,
                45.81140838
              ],
              [
                1.90476692,
                45.8113297
              ],
              [
                1.90475774,
                45.81127287
              ],
              [
                1.90475354,
                45.8112251
              ],
              [
                1.90474962,
                45.81116292
              ],
              [
                1.90476001,
                45.81109368
              ],
              [
                1.9047597,
                45.81104414
              ],
              [
                1.90475639,
                45.81101619
              ],
              [
                1.90474926,
                45.81098641
              ],
              [
                1.90473289,
                45.81096734
              ],
              [
                1.90471002,
                45.8109518
              ],
              [
                1.90468588,
                45.81093536
              ],
              [
                1.9046565,
                45.81092337
              ],
              [
                1.90461581,
                45.81089685
              ],
              [
                1.90455875,
                45.81085217
              ],
              [
                1.90451823,
                45.81081756
              ],
              [
                1.90446286,
                45.81075218
              ],
              [
                1.90442541,
                45.81069238
              ],
              [
                1.90439828,
                45.81063178
              ],
              [
                1.90434871,
                45.81053403
              ],
              [
                1.90432058,
                45.81045901
              ],
              [
                1.90426194,
                45.81036388
              ],
              [
                1.90421668,
                45.81030851
              ],
              [
                1.90418374,
                45.81028117
              ],
              [
                1.90415702,
                45.8102647
              ],
              [
                1.90412498,
                45.81025718
              ],
              [
                1.90407913,
                45.81023152
              ],
              [
                1.90405531,
                45.81019887
              ],
              [
                1.90405505,
                45.81014664
              ],
              [
                1.90404413,
                45.81011321
              ],
              [
                1.90401242,
                45.81008858
              ],
              [
                1.9039768,
                45.81006663
              ],
              [
                1.90392296,
                45.8100544
              ],
              [
                1.90385126,
                45.81003299
              ],
              [
                1.90383083,
                45.81002468
              ],
              [
                1.90380023,
                45.81000908
              ],
              [
                1.90377627,
                45.80998363
              ],
              [
                1.90371679,
                45.80993082
              ],
              [
                1.90366852,
                45.80989703
              ],
              [
                1.90363156,
                45.80987775
              ],
              [
                1.90358439,
                45.80985388
              ],
              [
                1.90356033,
                45.80983293
              ],
              [
                1.90354408,
                45.80980846
              ],
              [
                1.90351162,
                45.80975681
              ],
              [
                1.90349374,
                45.80968459
              ],
              [
                1.9034922,
                45.80963234
              ],
              [
                1.90349653,
                45.80954413
              ],
              [
                1.90350374,
                45.80950548
              ],
              [
                1.90353807,
                45.80946258
              ],
              [
                1.90357206,
                45.80943679
              ],
              [
                1.90363962,
                45.80940683
              ],
              [
                1.90378229,
                45.80935598
              ],
              [
                1.90384309,
                45.80934216
              ],
              [
                1.90392475,
                45.80931504
              ],
              [
                1.9039953,
                45.80926439
              ],
              [
                1.90405678,
                45.80921636
              ],
              [
                1.90411833,
                45.80916472
              ],
              [
                1.90419874,
                45.80907094
              ],
              [
                1.90457789,
                45.80871889
              ],
              [
                1.90466744,
                45.8086189
              ],
              [
                1.90472337,
                45.80852578
              ],
              [
                1.90477004,
                45.80844518
              ],
              [
                1.90479086,
                45.80836973
              ],
              [
                1.90481507,
                45.80825289
              ],
              [
                1.90483792,
                45.80813964
              ],
              [
                1.90486457,
                45.80802913
              ],
              [
                1.90495358,
                45.80782646
              ],
              [
                1.90511742,
                45.80748673
              ],
              [
                1.9052516,
                45.80721426
              ],
              [
                1.9053604,
                45.80705231
              ],
              [
                1.90547062,
                45.80688407
              ],
              [
                1.90567074,
                45.80659782
              ],
              [
                1.90568924,
                45.80657369
              ],
              [
                1.90578835,
                45.80644587
              ],
              [
                1.90581283,
                45.80638036
              ],
              [
                1.90584492,
                45.80632033
              ],
              [
                1.90587664,
                45.80627921
              ],
              [
                1.90594611,
                45.80621775
              ],
              [
                1.90600772,
                45.80616251
              ],
              [
                1.90608506,
                45.80609391
              ],
              [
                1.90630765,
                45.80590785
              ],
              [
                1.90637089,
                45.80583552
              ],
              [
                1.90641101,
                45.80576026
              ],
              [
                1.9064192,
                45.80573692
              ],
              [
                1.90642408,
                45.80568563
              ],
              [
                1.90642409,
                45.80561989
              ],
              [
                1.90638709,
                45.80547274
              ],
              [
                1.90637126,
                45.80542666
              ],
              [
                1.90634272,
                45.80537235
              ],
              [
                1.90630601,
                45.80534047
              ],
              [
                1.90623363,
                45.80528934
              ],
              [
                1.90621462,
                45.80527384
              ],
              [
                1.90607961,
                45.80519869
              ],
              [
                1.90602795,
                45.80514145
              ],
              [
                1.90598296,
                45.80507257
              ],
              [
                1.90594975,
                45.8049939
              ],
              [
                1.90594746,
                45.80491463
              ],
              [
                1.90596621,
                45.80481304
              ],
              [
                1.90598436,
                45.80474207
              ],
              [
                1.9060376,
                45.80465433
              ],
              [
                1.90610762,
                45.80456495
              ],
              [
                1.90620219,
                45.80447131
              ],
              [
                1.90629091,
                45.80441273
              ],
              [
                1.90638723,
                45.80436053
              ],
              [
                1.90651384,
                45.80433924
              ],
              [
                1.90661556,
                45.80433933
              ],
              [
                1.90678275,
                45.80434995
              ],
              [
                1.90690866,
                45.80436378
              ],
              [
                1.90699349,
                45.8043718
              ],
              [
                1.90724326,
                45.80437332
              ],
              [
                1.9074147,
                45.80436417
              ],
              [
                1.90753842,
                45.80435907
              ],
              [
                1.9076649,
                45.80434408
              ],
              [
                1.90778504,
                45.80432453
              ],
              [
                1.90792152,
                45.80426011
              ],
              [
                1.908092,
                45.804169
              ],
              [
                1.9081524,
                45.80411014
              ],
              [
                1.90825753,
                45.80400309
              ],
              [
                1.90837342,
                45.80387273
              ],
              [
                1.90839081,
                45.80383957
              ],
              [
                1.90839404,
                45.80380628
              ],
              [
                1.90838701,
                45.80377109
              ],
              [
                1.90836995,
                45.8037223
              ],
              [
                1.90834502,
                45.80368063
              ],
              [
                1.90832165,
                45.80362547
              ],
              [
                1.90831791,
                45.80355429
              ],
              [
                1.9083233,
                45.80347689
              ],
              [
                1.90835151,
                45.80341772
              ],
              [
                1.90840443,
                45.80334619
              ],
              [
                1.90846193,
                45.80330352
              ],
              [
                1.90854544,
                45.80324759
              ],
              [
                1.90865425,
                45.80314958
              ],
              [
                1.90882329,
                45.80293597
              ],
              [
                1.90892819,
                45.80277488
              ],
              [
                1.90894051,
                45.80273808
              ],
              [
                1.90893831,
                45.80271915
              ],
              [
                1.90892847,
                45.80269564
              ],
              [
                1.90892378,
                45.80267218
              ],
              [
                1.90892943,
                45.80264701
              ],
              [
                1.90895187,
                45.80261931
              ],
              [
                1.90898616,
                45.80257822
              ],
              [
                1.90901639,
                45.80254699
              ],
              [
                1.90904101,
                45.80253912
              ],
              [
                1.90909005,
                45.80253329
              ],
              [
                1.90917155,
                45.80251427
              ],
              [
                1.90925633,
                45.80245925
              ],
              [
                1.90931014,
                45.80240754
              ],
              [
                1.90938902,
                45.80232545
              ],
              [
                1.90947544,
                45.80218759
              ],
              [
                1.90955238,
                45.80207306
              ],
              [
                1.90958858,
                45.80200047
              ],
              [
                1.90961446,
                45.80192867
              ],
              [
                1.90961578,
                45.80186204
              ],
              [
                1.90961169,
                45.80180797
              ],
              [
                1.90961008,
                45.80175932
              ],
              [
                1.90962967,
                45.80168026
              ],
              [
                1.9096639,
                45.80164186
              ],
              [
                1.90972642,
                45.80160554
              ],
              [
                1.90980538,
                45.80158469
              ],
              [
                1.9098932,
                45.80157113
              ],
              [
                1.90997568,
                45.80156742
              ],
              [
                1.91005519,
                45.8015835
              ],
              [
                1.91020022,
                45.80160742
              ],
              [
                1.91029298,
                45.80160471
              ],
              [
                1.91039618,
                45.8015949
              ],
              [
                1.91046607,
                45.80157666
              ],
              [
                1.91059319,
                45.80152926
              ],
              [
                1.91060622,
                45.80152128
              ],
              [
                1.91066363,
                45.80148311
              ],
              [
                1.91076544,
                45.80141294
              ],
              [
                1.91084133,
                45.80135154
              ],
              [
                1.91095929,
                45.80124641
              ],
              [
                1.91101848,
                45.80118304
              ],
              [
                1.91109266,
                45.80107748
              ],
              [
                1.91112852,
                45.80102199
              ],
              [
                1.91116147,
                45.80098359
              ],
              [
                1.9111969,
                45.80094971
              ],
              [
                1.91124135,
                45.80091591
              ],
              [
                1.91137398,
                45.80084965
              ],
              [
                1.91145957,
                45.80081895
              ],
              [
                1.91157905,
                45.80076697
              ],
              [
                1.91168805,
                45.8007239
              ],
              [
                1.91178392,
                45.8006942
              ],
              [
                1.91187458,
                45.80066716
              ],
              [
                1.91198076,
                45.80063666
              ],
              [
                1.9120974,
                45.80059816
              ],
              [
                1.91218445,
                45.80055847
              ],
              [
                1.91227162,
                45.80051248
              ],
              [
                1.91233042,
                45.80046892
              ],
              [
                1.91234919,
                45.80043128
              ],
              [
                1.91237011,
                45.80034953
              ],
              [
                1.9123941,
                45.80030833
              ],
              [
                1.91244285,
                45.80025206
              ],
              [
                1.9124975,
                45.80022287
              ],
              [
                1.91255596,
                45.80019642
              ],
              [
                1.91257977,
                45.80016423
              ],
              [
                1.912585,
                45.80009493
              ],
              [
                1.91259832,
                45.8000068
              ],
              [
                1.91263673,
                45.79995224
              ],
              [
                1.91269941,
                45.79990781
              ],
              [
                1.91276847,
                45.79986615
              ],
              [
                1.91280771,
                45.79983501
              ],
              [
                1.9128502,
                45.79976968
              ],
              [
                1.91288997,
                45.79971152
              ],
              [
                1.91293845,
                45.79966876
              ],
              [
                1.91302349,
                45.79960024
              ],
              [
                1.91303952,
                45.79957067
              ],
              [
                1.91304638,
                45.79954912
              ],
              [
                1.91304759,
                45.7994879
              ],
              [
                1.9130413,
                45.79941489
              ],
              [
                1.91303893,
                45.79933922
              ],
              [
                1.91306376,
                45.7992548
              ],
              [
                1.91309941,
                45.79921012
              ],
              [
                1.91313216,
                45.79911587
              ],
              [
                1.91313445,
                45.79899972
              ],
              [
                1.9130951,
                45.79890568
              ],
              [
                1.91301473,
                45.79880224
              ],
              [
                1.91290857,
                45.79870126
              ],
              [
                1.91280505,
                45.79859669
              ],
              [
                1.91275611,
                45.79853228
              ],
              [
                1.91271434,
                45.79843011
              ],
              [
                1.91271562,
                45.79836528
              ],
              [
                1.91274759,
                45.79831066
              ],
              [
                1.91282768,
                45.79823218
              ],
              [
                1.91292321,
                45.79815385
              ],
              [
                1.91302288,
                45.79806115
              ],
              [
                1.91311679,
                45.79799991
              ],
              [
                1.91318699,
                45.79796546
              ],
              [
                1.91325005,
                45.79790123
              ],
              [
                1.91332923,
                45.79786867
              ],
              [
                1.91349388,
                45.79781082
              ],
              [
                1.91359771,
                45.79776859
              ],
              [
                1.91366314,
                45.79771518
              ],
              [
                1.91375163,
                45.79766741
              ],
              [
                1.91393054,
                45.79760429
              ],
              [
                1.91409121,
                45.7975527
              ],
              [
                1.9142764,
                45.79749774
              ],
              [
                1.91449166,
                45.79741966
              ],
              [
                1.91461116,
                45.79736588
              ],
              [
                1.91468315,
                45.79730623
              ],
              [
                1.91474094,
                45.79718251
              ],
              [
                1.91481316,
                45.79704541
              ],
              [
                1.91482896,
                45.79696181
              ],
              [
                1.91482143,
                45.79682125
              ],
              [
                1.91480259,
                45.79666617
              ],
              [
                1.91481878,
                45.7966285
              ],
              [
                1.9148357,
                45.79661876
              ],
              [
                1.91492742,
                45.79660343
              ],
              [
                1.91497795,
                45.7965868
              ],
              [
                1.915077,
                45.79652561
              ],
              [
                1.91513656,
                45.79644333
              ],
              [
                1.91517452,
                45.79641128
              ],
              [
                1.91522277,
                45.79638022
              ],
              [
                1.91528791,
                45.79634122
              ],
              [
                1.91533146,
                45.79628671
              ],
              [
                1.91540246,
                45.79621174
              ],
              [
                1.91550578,
                45.79612988
              ],
              [
                1.91559825,
                45.79601009
              ],
              [
                1.91571167,
                45.79593823
              ],
              [
                1.91583641,
                45.79587999
              ],
              [
                1.91596834,
                45.79584884
              ],
              [
                1.91607763,
                45.79579045
              ],
              [
                1.91627453,
                45.79566356
              ],
              [
                1.91642704,
                45.79556776
              ],
              [
                1.91653645,
                45.79550307
              ],
              [
                1.91664655,
                45.79546901
              ],
              [
                1.9167736,
                45.7954243
              ],
              [
                1.91685611,
                45.79535304
              ],
              [
                1.91699657,
                45.79528054
              ],
              [
                1.91714995,
                45.79514062
              ],
              [
                1.91724933,
                45.79506233
              ],
              [
                1.91735958,
                45.79502016
              ],
              [
                1.91742211,
                45.79498293
              ],
              [
                1.91749552,
                45.79491609
              ],
              [
                1.91753988,
                45.79482016
              ],
              [
                1.91760172,
                45.79475231
              ],
              [
                1.91781771,
                45.79457066
              ],
              [
                1.91789961,
                45.79446428
              ],
              [
                1.91795397,
                45.79438375
              ],
              [
                1.91799532,
                45.79431029
              ],
              [
                1.91803362,
                45.79419539
              ],
              [
                1.91809957,
                45.79404923
              ],
              [
                1.91815398,
                45.79396599
              ],
              [
                1.91823967,
                45.79379751
              ],
              [
                1.91848129,
                45.79355577
              ],
              [
                1.91869117,
                45.79335695
              ],
              [
                1.91885626,
                45.79327568
              ],
              [
                1.91889446,
                45.79323102
              ],
              [
                1.91891014,
                45.79308798
              ],
              [
                1.91895254,
                45.79302624
              ],
              [
                1.91904009,
                45.79296044
              ],
              [
                1.91906602,
                45.79288504
              ],
              [
                1.9190818,
                45.79280234
              ],
              [
                1.9191028,
                45.79271608
              ],
              [
                1.91911971,
                45.7926415
              ],
              [
                1.91915407,
                45.79253015
              ],
              [
                1.91920966,
                45.79245234
              ],
              [
                1.91937753,
                45.79229454
              ],
              [
                1.91941997,
                45.79223101
              ],
              [
                1.91940641,
                45.79220026
              ],
              [
                1.91934266,
                45.79216903
              ],
              [
                1.91930563,
                45.79215336
              ],
              [
                1.91920908,
                45.79215334
              ],
              [
                1.91911103,
                45.79216411
              ],
              [
                1.91899138,
                45.79216026
              ],
              [
                1.91886829,
                45.79213477
              ],
              [
                1.91876809,
                45.7921239
              ],
              [
                1.91866258,
                45.79212109
              ],
              [
                1.91857576,
                45.79214998
              ],
              [
                1.91851255,
                45.79222232
              ],
              [
                1.91842631,
                45.79228723
              ],
              [
                1.91834043,
                45.79233414
              ],
              [
                1.91821372,
                45.79236174
              ],
              [
                1.91810839,
                45.79241567
              ],
              [
                1.91793404,
                45.79250946
              ],
              [
                1.91779352,
                45.79258556
              ],
              [
                1.91765701,
                45.7926536
              ],
              [
                1.9174919,
                45.79280151
              ],
              [
                1.9173629,
                45.79294616
              ],
              [
                1.91723256,
                45.79309351
              ],
              [
                1.91708281,
                45.79324607
              ],
              [
                1.91697879,
                45.79336395
              ],
              [
                1.91680778,
                45.79348479
              ],
              [
                1.91665792,
                45.79357701
              ],
              [
                1.9164964,
                45.79367272
              ],
              [
                1.91637803,
                45.79373462
              ],
              [
                1.91624457,
                45.79377837
              ],
              [
                1.91610642,
                45.7938644
              ],
              [
                1.91602742,
                45.79388796
              ],
              [
                1.91586991,
                45.79391076
              ],
              [
                1.91568673,
                45.79392971
              ],
              [
                1.91553622,
                45.79392376
              ],
              [
                1.91533325,
                45.7939011
              ],
              [
                1.91510495,
                45.79385748
              ],
              [
                1.91495794,
                45.79380473
              ],
              [
                1.91467438,
                45.79369034
              ],
              [
                1.91449202,
                45.79360213
              ],
              [
                1.91429472,
                45.79348766
              ],
              [
                1.9140818,
                45.79338204
              ],
              [
                1.91393373,
                45.79331758
              ],
              [
                1.91384037,
                45.79328606
              ],
              [
                1.91366401,
                45.79328526
              ],
              [
                1.9135369,
                45.79333357
              ],
              [
                1.91335353,
                45.79342727
              ],
              [
                1.91317923,
                45.79351835
              ],
              [
                1.91306327,
                45.79358838
              ],
              [
                1.91287418,
                45.79364599
              ],
              [
                1.91271386,
                45.79368047
              ],
              [
                1.91252367,
                45.79372817
              ],
              [
                1.91239162,
                45.79376562
              ],
              [
                1.9122933,
                45.79378989
              ],
              [
                1.9122526,
                45.79383003
              ],
              [
                1.91224919,
                45.79387232
              ],
              [
                1.91223363,
                45.79394332
              ],
              [
                1.91221416,
                45.79401698
              ],
              [
                1.91218876,
                45.79406446
              ],
              [
                1.91213635,
                45.79411079
              ],
              [
                1.91204815,
                45.79414416
              ],
              [
                1.91194967,
                45.79417653
              ],
              [
                1.91179216,
                45.79419933
              ],
              [
                1.91164709,
                45.79424386
              ],
              [
                1.9115101,
                45.79427046
              ],
              [
                1.91130655,
                45.7942775
              ],
              [
                1.91112775,
                45.79426947
              ],
              [
                1.91101468,
                45.79425847
              ],
              [
                1.91093489,
                45.7942568
              ],
              [
                1.91091375,
                45.79428452
              ],
              [
                1.91093288,
                45.79435855
              ],
              [
                1.91089476,
                45.79439871
              ],
              [
                1.91086008,
                45.79445961
              ],
              [
                1.91080158,
                45.79455361
              ],
              [
                1.91072683,
                45.79462313
              ],
              [
                1.91062749,
                45.79469872
              ],
              [
                1.91042969,
                45.79480578
              ],
              [
                1.91023119,
                45.79488311
              ],
              [
                1.910058,
                45.79491747
              ],
              [
                1.90985389,
                45.79495242
              ],
              [
                1.90973263,
                45.79496476
              ],
              [
                1.90963627,
                45.79495482
              ],
              [
                1.90953358,
                45.79493942
              ],
              [
                1.90939343,
                45.79492996
              ],
              [
                1.9093031,
                45.79494079
              ],
              [
                1.9092731,
                45.79496032
              ],
              [
                1.90926703,
                45.79500709
              ],
              [
                1.90928207,
                45.79522337
              ],
              [
                1.90931347,
                45.7952633
              ],
              [
                1.90935913,
                45.79529796
              ],
              [
                1.9093729,
                45.79531791
              ],
              [
                1.90937246,
                45.79534042
              ],
              [
                1.90931947,
                45.79535071
              ],
              [
                1.90919579,
                45.79535492
              ],
              [
                1.90910655,
                45.79537567
              ],
              [
                1.90896067,
                45.79539588
              ],
              [
                1.90876628,
                45.7953949
              ],
              [
                1.90859537,
                45.79537884
              ],
              [
                1.90849913,
                45.7953626
              ],
              [
                1.90833274,
                45.79531326
              ],
              [
                1.9082431,
                45.79528897
              ],
              [
                1.90815321,
                45.7952773
              ],
              [
                1.90806301,
                45.79528093
              ],
              [
                1.90795305,
                45.79530778
              ],
              [
                1.90783198,
                45.79531021
              ],
              [
                1.90773566,
                45.79529847
              ],
              [
                1.90767593,
                45.79525917
              ],
              [
                1.90762681,
                45.79520376
              ],
              [
                1.90756715,
                45.79516086
              ],
              [
                1.90747522,
                45.79512214
              ],
              [
                1.90742436,
                45.79509013
              ],
              [
                1.90739561,
                45.79504662
              ],
              [
                1.90737089,
                45.79499415
              ],
              [
                1.90733437,
                45.79495327
              ],
              [
                1.9072453,
                45.79490018
              ],
              [
                1.90718072,
                45.79484552
              ],
              [
                1.90714852,
                45.79478126
              ],
              [
                1.90712763,
                45.79466579
              ],
              [
                1.90706748,
                45.79451751
              ],
              [
                1.907013,
                45.79440801
              ],
              [
                1.90693986,
                45.79433076
              ],
              [
                1.90685966,
                45.79428495
              ],
              [
                1.9067121,
                45.79426011
              ],
              [
                1.90664089,
                45.79421529
              ],
              [
                1.90654263,
                45.79417111
              ],
              [
                1.90643152,
                45.79412591
              ],
              [
                1.90633638,
                45.79411958
              ],
              [
                1.90622716,
                45.79410862
              ],
              [
                1.90613685,
                45.79411855
              ],
              [
                1.90605133,
                45.79414654
              ],
              [
                1.90597803,
                45.79420707
              ],
              [
                1.90593833,
                45.79426162
              ],
              [
                1.905945,
                45.79431481
              ],
              [
                1.90599526,
                45.79437744
              ],
              [
                1.90603199,
                45.79440752
              ],
              [
                1.90608132,
                45.79445212
              ],
              [
                1.90609979,
                45.79449463
              ],
              [
                1.90609439,
                45.79457203
              ],
              [
                1.90607606,
                45.7946529
              ],
              [
                1.90606782,
                45.79474378
              ],
              [
                1.90605104,
                45.794876
              ],
              [
                1.90604046,
                45.79495515
              ],
              [
                1.90602911,
                45.79500817
              ],
              [
                1.90599411,
                45.79502044
              ],
              [
                1.90592948,
                45.79503332
              ],
              [
                1.90586845,
                45.79505975
              ],
              [
                1.90583284,
                45.79510263
              ],
              [
                1.90579476,
                45.79514009
              ],
              [
                1.90573367,
                45.79516921
              ],
              [
                1.9056561,
                45.79518557
              ],
              [
                1.90554143,
                45.79518986
              ],
              [
                1.90548521,
                45.79516861
              ],
              [
                1.90542921,
                45.79513564
              ],
              [
                1.90537374,
                45.79514141
              ],
              [
                1.90531457,
                45.79520388
              ],
              [
                1.90526253,
                45.79529613
              ],
              [
                1.90523387,
                45.7953778
              ],
              [
                1.90520336,
                45.79542344
              ],
              [
                1.90515636,
                45.7954563
              ],
              [
                1.90506282,
                45.79549862
              ],
              [
                1.90494295,
                45.79550557
              ],
              [
                1.90487153,
                45.79553639
              ],
              [
                1.90481498,
                45.79559618
              ],
              [
                1.9047315,
                45.79565121
              ],
              [
                1.90463628,
                45.79571333
              ],
              [
                1.90452728,
                45.7957564
              ],
              [
                1.90437977,
                45.79579369
              ],
              [
                1.90422334,
                45.79582639
              ],
              [
                1.90412861,
                45.7958642
              ],
              [
                1.9040023,
                45.79593592
              ],
              [
                1.90386566,
                45.79600934
              ],
              [
                1.90371264,
                45.79606459
              ],
              [
                1.9035474,
                45.7960873
              ],
              [
                1.90338515,
                45.79608843
              ],
              [
                1.90326482,
                45.79605393
              ],
              [
                1.90317983,
                45.79599007
              ],
              [
                1.90307386,
                45.79588007
              ],
              [
                1.90298483,
                45.79576033
              ],
              [
                1.90290311,
                45.79566137
              ],
              [
                1.90291556,
                45.79561826
              ],
              [
                1.90293964,
                45.79557257
              ],
              [
                1.90292691,
                45.7955004
              ],
              [
                1.90289248,
                45.79541901
              ],
              [
                1.90279481,
                45.79528027
              ],
              [
                1.90268651,
                45.79515854
              ],
              [
                1.90258404,
                45.79506749
              ],
              [
                1.90245954,
                45.79498343
              ],
              [
                1.90232074,
                45.79490643
              ],
              [
                1.9021932,
                45.79484575
              ],
              [
                1.90206143,
                45.79480394
              ],
              [
                1.90190872,
                45.79477904
              ],
              [
                1.90178383,
                45.79477963
              ],
              [
                1.90163013,
                45.79480425
              ],
              [
                1.90147059,
                45.79486394
              ],
              [
                1.90129712,
                45.79497662
              ],
              [
                1.9011704,
                45.79506905
              ],
              [
                1.90114328,
                45.79513813
              ],
              [
                1.90111959,
                45.79522886
              ],
              [
                1.90108898,
                45.79527899
              ],
              [
                1.90098257,
                45.79532118
              ],
              [
                1.90091524,
                45.79534034
              ],
              [
                1.90083536,
                45.79534316
              ],
              [
                1.90074403,
                45.79533957
              ],
              [
                1.90063824,
                45.79535025
              ],
              [
                1.90055418,
                45.79536924
              ],
              [
                1.90040788,
                45.79541015
              ],
              [
                1.90027696,
                45.7954548
              ],
              [
                1.90016667,
                45.79549785
              ],
              [
                1.90006852,
                45.79557795
              ],
              [
                1.89999466,
                45.79566639
              ],
              [
                1.89993539,
                45.79579819
              ],
              [
                1.899881,
                45.79587872
              ],
              [
                1.89979859,
                45.79594365
              ],
              [
                1.89964734,
                45.79603944
              ],
              [
                1.89943711,
                45.79612295
              ],
              [
                1.89920657,
                45.79619185
              ],
              [
                1.89905686,
                45.7962102
              ],
              [
                1.89891798,
                45.79620164
              ],
              [
                1.89880919,
                45.79616906
              ],
              [
                1.89874689,
                45.79612972
              ],
              [
                1.8986951,
                45.79607969
              ],
              [
                1.89865381,
                45.79601985
              ],
              [
                1.89864481,
                45.79595492
              ],
              [
                1.89863429,
                45.79583684
              ],
              [
                1.89861077,
                45.7956601
              ],
              [
                1.89858174,
                45.79550221
              ],
              [
                1.89859605,
                45.79536546
              ],
              [
                1.89859894,
                45.7952205
              ],
              [
                1.89860292,
                45.79515029
              ],
              [
                1.89864503,
                45.79503993
              ],
              [
                1.89868212,
                45.79492322
              ],
              [
                1.89873622,
                45.79479226
              ],
              [
                1.89882232,
                45.79467152
              ],
              [
                1.89891073,
                45.79456342
              ],
              [
                1.89900104,
                45.79442471
              ],
              [
                1.89909886,
                45.79423204
              ],
              [
                1.89921047,
                45.79399357
              ],
              [
                1.89934911,
                45.79375537
              ],
              [
                1.89940886,
                45.79359925
              ],
              [
                1.89946506,
                45.79342779
              ],
              [
                1.89950202,
                45.79331738
              ],
              [
                1.89952134,
                45.79318789
              ],
              [
                1.89954049,
                45.79306649
              ],
              [
                1.89955545,
                45.79296217
              ],
              [
                1.89957733,
                45.79289755
              ],
              [
                1.8996108,
                45.79283303
              ],
              [
                1.89965671,
                45.79279025
              ],
              [
                1.89973625,
                45.79273969
              ],
              [
                1.89979559,
                45.79266913
              ],
              [
                1.8998745,
                45.79258524
              ],
              [
                1.89999754,
                45.79248377
              ],
              [
                1.90012785,
                45.79240489
              ],
              [
                1.90024188,
                45.79236728
              ],
              [
                1.90052123,
                45.79230336
              ],
              [
                1.90075794,
                45.79224713
              ],
              [
                1.90106297,
                45.79218615
              ],
              [
                1.90129792,
                45.79215332
              ],
              [
                1.90147081,
                45.79213429
              ],
              [
                1.90166463,
                45.79209835
              ],
              [
                1.90176996,
                45.79204534
              ],
              [
                1.90186113,
                45.79199219
              ],
              [
                1.90191207,
                45.79195577
              ],
              [
                1.90194534,
                45.79190115
              ],
              [
                1.90201871,
                45.7916425
              ],
              [
                1.90205404,
                45.79148434
              ],
              [
                1.90207656,
                45.7913873
              ],
              [
                1.9021128,
                45.79131291
              ],
              [
                1.90217719,
                45.79124689
              ],
              [
                1.90225263,
                45.791208
              ],
              [
                1.90231466,
                45.79119599
              ],
              [
                1.90236232,
                45.79119465
              ],
              [
                1.90240987,
                45.79119872
              ],
              [
                1.90244425,
                45.79121797
              ],
              [
                1.90250642,
                45.7912636
              ],
              [
                1.90256255,
                45.79128936
              ],
              [
                1.90266152,
                45.79129753
              ],
              [
                1.90275814,
                45.79129396
              ],
              [
                1.90285138,
                45.79126605
              ],
              [
                1.90301665,
                45.7911767
              ],
              [
                1.90319947,
                45.79104609
              ],
              [
                1.90334257,
                45.79090609
              ],
              [
                1.90338217,
                45.79085695
              ],
              [
                1.90339743,
                45.79080126
              ],
              [
                1.90342777,
                45.79076463
              ],
              [
                1.90349556,
                45.79072206
              ],
              [
                1.90358006,
                45.79068055
              ],
              [
                1.90364295,
                45.79062533
              ],
              [
                1.90369033,
                45.79057266
              ],
              [
                1.90376311,
                45.79053824
              ],
              [
                1.90383045,
                45.79051818
              ],
              [
                1.90388869,
                45.79050254
              ],
              [
                1.90394051,
                45.79048593
              ],
              [
                1.90398767,
                45.7905098
              ],
              [
                1.90400753,
                45.79054692
              ],
              [
                1.90405038,
                45.79059326
              ],
              [
                1.90414325,
                45.7906491
              ],
              [
                1.90422065,
                45.79070569
              ],
              [
                1.90429716,
                45.79080729
              ],
              [
                1.9043632,
                45.79091781
              ],
              [
                1.90444372,
                45.79101225
              ],
              [
                1.90453902,
                45.79107531
              ],
              [
                1.90461058,
                45.79110212
              ],
              [
                1.90473265,
                45.79111321
              ],
              [
                1.90478319,
                45.79109659
              ],
              [
                1.90481344,
                45.79106447
              ],
              [
                1.90484767,
                45.79102607
              ],
              [
                1.9049014,
                45.79097796
              ],
              [
                1.90495094,
                45.79094692
              ],
              [
                1.90505095,
                45.79090197
              ],
              [
                1.90508914,
                45.79085911
              ],
              [
                1.90512346,
                45.79081621
              ],
              [
                1.90518243,
                45.79076365
              ],
              [
                1.90521895,
                45.79073969
              ],
              [
                1.90534955,
                45.79071034
              ],
              [
                1.90545089,
                45.79066359
              ],
              [
                1.90557631,
                45.79057115
              ],
              [
                1.90563728,
                45.79054742
              ],
              [
                1.90568855,
                45.79049388
              ],
              [
                1.90568408,
                45.79045962
              ],
              [
                1.90565601,
                45.79044674
              ],
              [
                1.90558268,
                45.79044423
              ],
              [
                1.90555424,
                45.79045026
              ],
              [
                1.90547931,
                45.79046394
              ],
              [
                1.90537738,
                45.79047556
              ],
              [
                1.90528709,
                45.79048459
              ],
              [
                1.90519572,
                45.7904828
              ],
              [
                1.90514831,
                45.79047153
              ],
              [
                1.90511672,
                45.79044151
              ],
              [
                1.90510469,
                45.79039906
              ],
              [
                1.90511332,
                45.79035322
              ],
              [
                1.90515658,
                45.79024917
              ],
              [
                1.9052291,
                45.79009768
              ],
              [
                1.9053046,
                45.7899255
              ],
              [
                1.90536151,
                45.78978196
              ],
              [
                1.90537045,
                45.78972081
              ],
              [
                1.90535316,
                45.78968372
              ],
              [
                1.90530681,
                45.78968417
              ],
              [
                1.90525515,
                45.78969267
              ],
              [
                1.90518359,
                45.7897307
              ],
              [
                1.90512405,
                45.78974724
              ],
              [
                1.90507546,
                45.78973055
              ],
              [
                1.90506209,
                45.7896908
              ],
              [
                1.90507321,
                45.78964948
              ],
              [
                1.90509716,
                45.78961009
              ],
              [
                1.90515588,
                45.78957013
              ],
              [
                1.90519646,
                45.7895363
              ],
              [
                1.90524225,
                45.78949892
              ],
              [
                1.90527273,
                45.78945509
              ],
              [
                1.90530596,
                45.78940228
              ],
              [
                1.90532165,
                45.78932498
              ],
              [
                1.90532104,
                45.78922591
              ],
              [
                1.90531523,
                45.78912949
              ],
              [
                1.90531167,
                45.78904931
              ],
              [
                1.90527509,
                45.78894629
              ],
              [
                1.90520914,
                45.78883127
              ],
              [
                1.90509913,
                45.78873114
              ],
              [
                1.90486462,
                45.78854785
              ],
              [
                1.90456393,
                45.78832609
              ],
              [
                1.90427822,
                45.7881279
              ],
              [
                1.90414475,
                45.78804285
              ],
              [
                1.90405499,
                45.78796002
              ],
              [
                1.90398868,
                45.78786392
              ],
              [
                1.90392933,
                45.78774086
              ],
              [
                1.90391349,
                45.78763084
              ],
              [
                1.90390096,
                45.78748392
              ],
              [
                1.90391413,
                45.78733906
              ],
              [
                1.90393331,
                45.78721586
              ],
              [
                1.90395345,
                45.78710889
              ],
              [
                1.90398484,
                45.78701914
              ],
              [
                1.90398759,
                45.78694532
              ],
              [
                1.90395313,
                45.78686573
              ],
              [
                1.90387696,
                45.78681186
              ],
              [
                1.90377854,
                45.78677668
              ],
              [
                1.90368518,
                45.7868109
              ],
              [
                1.90356714,
                45.78692142
              ],
              [
                1.90339706,
                45.78699452
              ],
              [
                1.90319621,
                45.78706101
              ],
              [
                1.90300631,
                45.78709519
              ],
              [
                1.90281812,
                45.78710777
              ],
              [
                1.90266359,
                45.78711077
              ],
              [
                1.90250252,
                45.78711911
              ],
              [
                1.9023692,
                45.78715563
              ],
              [
                1.90215708,
                45.78727155
              ],
              [
                1.90203183,
                45.78735588
              ],
              [
                1.90187329,
                45.78743089
              ],
              [
                1.90167493,
                45.78750191
              ],
              [
                1.90145572,
                45.78758533
              ],
              [
                1.90129293,
                45.7876801
              ],
              [
                1.90113803,
                45.78776595
              ],
              [
                1.90097722,
                45.78789047
              ],
              [
                1.90080107,
                45.78807427
              ],
              [
                1.90067665,
                45.78818113
              ],
              [
                1.90052982,
                45.78824994
              ],
              [
                1.90039868,
                45.7883063
              ],
              [
                1.90027064,
                45.78833658
              ],
              [
                1.90014278,
                45.78835784
              ],
              [
                1.90006934,
                45.78836073
              ],
              [
                1.89995367,
                45.78841634
              ],
              [
                1.89983983,
                45.78850889
              ],
              [
                1.89969816,
                45.78864169
              ],
              [
                1.89954696,
                45.78880052
              ],
              [
                1.89942446,
                45.78893982
              ],
              [
                1.89929013,
                45.78909161
              ],
              [
                1.89908589,
                45.78926343
              ],
              [
                1.89896635,
                45.78938384
              ],
              [
                1.89892094,
                45.78946625
              ],
              [
                1.89890811,
                45.7895931
              ],
              [
                1.89892465,
                45.78973195
              ],
              [
                1.89902767,
                45.78992388
              ],
              [
                1.89905982,
                45.79005478
              ],
              [
                1.89909067,
                45.79012172
              ],
              [
                1.89906265,
                45.79023582
              ],
              [
                1.89902342,
                45.7903309
              ],
              [
                1.89895163,
                45.79038063
              ],
              [
                1.89881852,
                45.79040635
              ],
              [
                1.89861233,
                45.79041695
              ],
              [
                1.89826595,
                45.79042167
              ],
              [
                1.89785124,
                45.79043113
              ],
              [
                1.89743126,
                45.79044684
              ],
              [
                1.8970743,
                45.79046497
              ],
              [
                1.89682405,
                45.79049044
              ],
              [
                1.89659688,
                45.79052064
              ],
              [
                1.89632156,
                45.79057649
              ],
              [
                1.89609758,
                45.79064004
              ],
              [
                1.89592282,
                45.79068876
              ],
              [
                1.8958027,
                45.7907083
              ],
              [
                1.89569443,
                45.79071535
              ],
              [
                1.89553547,
                45.79074621
              ],
              [
                1.89543723,
                45.79076596
              ],
              [
                1.89534143,
                45.79079294
              ],
              [
                1.895275,
                45.79083192
              ],
              [
                1.89520701,
                45.79088439
              ],
              [
                1.89509377,
                45.79094632
              ],
              [
                1.89497944,
                45.79099833
              ],
              [
                1.89485804,
                45.79101786
              ],
              [
                1.89473843,
                45.79101219
              ],
              [
                1.89467667,
                45.79101068
              ],
              [
                1.89451684,
                45.79102082
              ],
              [
                1.89431975,
                45.791027
              ],
              [
                1.89409261,
                45.79105539
              ],
              [
                1.89376201,
                45.79110709
              ],
              [
                1.89341677,
                45.79118295
              ],
              [
                1.89301892,
                45.7912502
              ],
              [
                1.8928057,
                45.79129043
              ],
              [
                1.89265997,
                45.79136735
              ],
              [
                1.89255313,
                45.79143115
              ],
              [
                1.89248271,
                45.79147639
              ],
              [
                1.89235291,
                45.79165793
              ],
              [
                1.89220253,
                45.79183837
              ],
              [
                1.89211864,
                45.7919132
              ],
              [
                1.89201971,
                45.79196716
              ],
              [
                1.8918992,
                45.7920065
              ],
              [
                1.89175497,
                45.79200869
              ],
              [
                1.8911931,
                45.79197345
              ],
              [
                1.89069101,
                45.79190998
              ],
              [
                1.89029579,
                45.79184576
              ],
              [
                1.89009424,
                45.79181766
              ],
              [
                1.88990081,
                45.79176983
              ],
              [
                1.88975897,
                45.7917171
              ],
              [
                1.88964935,
                45.79166289
              ],
              [
                1.88947508,
                45.7915585
              ],
              [
                1.88937481,
                45.79148727
              ],
              [
                1.88924835,
                45.7914383
              ],
              [
                1.88910216,
                45.79140984
              ],
              [
                1.88886938,
                45.79139854
              ],
              [
                1.88870912,
                45.79136545
              ],
              [
                1.88859633,
                45.79134092
              ],
              [
                1.88853529,
                45.7913034
              ],
              [
                1.88847333,
                45.79124785
              ],
              [
                1.88844226,
                45.79119261
              ],
              [
                1.888407,
                45.7910896
              ],
              [
                1.88841608,
                45.79102214
              ],
              [
                1.88846375,
                45.79095597
              ],
              [
                1.88855847,
                45.79085514
              ],
              [
                1.88872354,
                45.79071267
              ],
              [
                1.8888339,
                45.79060208
              ],
              [
                1.88894218,
                45.79046716
              ],
              [
                1.88902716,
                45.79033832
              ],
              [
                1.889109,
                45.79017341
              ],
              [
                1.88918644,
                45.78997155
              ],
              [
                1.88925198,
                45.78972093
              ],
              [
                1.8892936,
                45.7895079
              ],
              [
                1.88929479,
                45.78944848
              ],
              [
                1.88926137,
                45.7893824
              ],
              [
                1.88920686,
                45.78934044
              ],
              [
                1.88914171,
                45.78931548
              ],
              [
                1.88906582,
                45.78931204
              ],
              [
                1.88898666,
                45.78934368
              ],
              [
                1.88893163,
                45.78939177
              ],
              [
                1.88887882,
                45.78945699
              ],
              [
                1.88875929,
                45.78957559
              ],
              [
                1.88869866,
                45.78964614
              ],
              [
                1.88859328,
                45.78970094
              ],
              [
                1.88849615,
                45.7897297
              ],
              [
                1.88839295,
                45.78974039
              ],
              [
                1.88824382,
                45.78973082
              ],
              [
                1.88814337,
                45.78973253
              ],
              [
                1.88804788,
                45.7897442
              ],
              [
                1.88793548,
                45.7897638
              ],
              [
                1.88782848,
                45.78977175
              ],
              [
                1.88774868,
                45.78977097
              ],
              [
                1.88768364,
                45.78974061
              ],
              [
                1.88762137,
                45.78970037
              ],
              [
                1.88756479,
                45.78963317
              ],
              [
                1.88754115,
                45.78959241
              ],
              [
                1.88746922,
                45.78952055
              ],
              [
                1.88738323,
                45.78944406
              ],
              [
                1.88730805,
                45.78940549
              ],
              [
                1.8871963,
                45.78939358
              ],
              [
                1.88710207,
                45.78940616
              ],
              [
                1.88700248,
                45.7894295
              ],
              [
                1.88691182,
                45.78945652
              ],
              [
                1.8866729,
                45.78949469
              ],
              [
                1.88645992,
                45.78952321
              ],
              [
                1.88629218,
                45.78954227
              ],
              [
                1.88606289,
                45.78954991
              ],
              [
                1.8858012,
                45.78956804
              ],
              [
                1.88537155,
                45.78961603
              ],
              [
                1.88506456,
                45.78964632
              ],
              [
                1.88477934,
                45.78968223
              ],
              [
                1.88440239,
                45.78973434
              ],
              [
                1.88398788,
                45.78979778
              ],
              [
                1.88368522,
                45.78986864
              ],
              [
                1.88339047,
                45.78992966
              ],
              [
                1.88315639,
                45.78998318
              ],
              [
                1.88297275,
                45.79002459
              ],
              [
                1.88284591,
                45.79005846
              ],
              [
                1.8827372,
                45.79002316
              ],
              [
                1.88260696,
                45.7899066
              ],
              [
                1.88250611,
                45.78973719
              ],
              [
                1.88239585,
                45.78952446
              ],
              [
                1.88232508,
                45.78933194
              ],
              [
                1.88230011,
                45.78922993
              ],
              [
                1.88220518,
                45.78914974
              ],
              [
                1.88210146,
                45.78899561
              ],
              [
                1.88205834,
                45.78877274
              ],
              [
                1.88198499,
                45.78851715
              ],
              [
                1.88194199,
                45.78828798
              ],
              [
                1.88193344,
                45.78813839
              ],
              [
                1.88183399,
                45.78802754
              ],
              [
                1.8816973,
                45.78791181
              ],
              [
                1.88151794,
                45.78774253
              ],
              [
                1.88137454,
                45.7875772
              ],
              [
                1.88123495,
                45.78735067
              ],
              [
                1.88116783,
                45.78716899
              ],
              [
                1.88110727,
                45.78698107
              ],
              [
                1.88106486,
                45.78678702
              ],
              [
                1.88102401,
                45.78664342
              ],
              [
                1.88099235,
                45.78655395
              ],
              [
                1.88091659,
                45.78648116
              ],
              [
                1.88076315,
                45.7864301
              ],
              [
                1.88055257,
                45.78634066
              ],
              [
                1.88037214,
                45.78622449
              ],
              [
                1.88025298,
                45.78607021
              ],
              [
                1.88015942,
                45.78585945
              ],
              [
                1.88008602,
                45.7856705
              ],
              [
                1.88000571,
                45.7855049
              ],
              [
                1.88005515,
                45.78541533
              ],
              [
                1.88007091,
                45.78533623
              ],
              [
                1.88007618,
                45.78526694
              ],
              [
                1.88009659,
                45.78514917
              ],
              [
                1.88014218,
                45.78499562
              ],
              [
                1.88017526,
                45.78488788
              ],
              [
                1.88021573,
                45.78473248
              ],
              [
                1.88023668,
                45.78465164
              ],
              [
                1.88026156,
                45.78456723
              ],
              [
                1.8803001,
                45.78444423
              ],
              [
                1.88028761,
                45.78429821
              ],
              [
                1.8802426,
                45.78416898
              ],
              [
                1.88013038,
                45.7840535
              ],
              [
                1.88002122,
                45.78397767
              ],
              [
                1.87990673,
                45.78391079
              ],
              [
                1.8798069,
                45.78388278
              ],
              [
                1.87969171,
                45.78391406
              ],
              [
                1.87956867,
                45.7840146
              ],
              [
                1.87940997,
                45.78409678
              ],
              [
                1.87930591,
                45.78408674
              ],
              [
                1.87909757,
                45.78401443
              ],
              [
                1.87887529,
                45.78393116
              ],
              [
                1.87866524,
                45.78387955
              ],
              [
                1.87846653,
                45.78383975
              ],
              [
                1.87834045,
                45.78383669
              ],
              [
                1.87820922,
                45.78383359
              ],
              [
                1.87803656,
                45.78377874
              ],
              [
                1.87786694,
                45.7837014
              ],
              [
                1.87769291,
                45.78365104
              ],
              [
                1.87752347,
                45.78362774
              ],
              [
                1.87730207,
                45.78362824
              ],
              [
                1.87712183,
                45.78363005
              ],
              [
                1.87693451,
                45.78366331
              ],
              [
                1.87675166,
                45.78372993
              ],
              [
                1.87659279,
                45.78382021
              ],
              [
                1.87642131,
                45.78389775
              ],
              [
                1.87619282,
                45.7839297
              ],
              [
                1.8760039,
                45.78391521
              ],
              [
                1.87584357,
                45.7838875
              ],
              [
                1.87569456,
                45.7838725
              ],
              [
                1.87552335,
                45.7838735
              ],
              [
                1.87535281,
                45.78390422
              ],
              [
                1.8752164,
                45.7839659
              ],
              [
                1.87505392,
                45.78404353
              ],
              [
                1.87491703,
                45.78406558
              ],
              [
                1.87479534,
                45.78403645
              ],
              [
                1.87463685,
                45.78398174
              ],
              [
                1.87448269,
                45.78396669
              ],
              [
                1.8743246,
                45.78395521
              ],
              [
                1.87415425,
                45.78391388
              ],
              [
                1.87398794,
                45.78386359
              ],
              [
                1.87385001,
                45.78380998
              ],
              [
                1.87376629,
                45.78374971
              ],
              [
                1.87369111,
                45.783649
              ],
              [
                1.8736373,
                45.78351067
              ],
              [
                1.87363078,
                45.78338812
              ],
              [
                1.8736501,
                45.78326134
              ],
              [
                1.87372182,
                45.78309004
              ],
              [
                1.87377625,
                45.78294559
              ],
              [
                1.87390548,
                45.78279378
              ],
              [
                1.87407447,
                45.78264957
              ],
              [
                1.87429241,
                45.78256619
              ],
              [
                1.87446003,
                45.78248861
              ],
              [
                1.87456969,
                45.78235012
              ],
              [
                1.87462485,
                45.78216965
              ],
              [
                1.87472828,
                45.78195724
              ],
              [
                1.87488338,
                45.78173635
              ],
              [
                1.87503636,
                45.781619
              ],
              [
                1.87511658,
                45.78153514
              ],
              [
                1.87512002,
                45.78142981
              ],
              [
                1.87508124,
                45.78131144
              ],
              [
                1.87499558,
                45.78121963
              ],
              [
                1.87485568,
                45.78120022
              ],
              [
                1.87482232,
                45.78119539
              ],
              [
                1.87461282,
                45.78124373
              ],
              [
                1.87433192,
                45.78132198
              ],
              [
                1.87407995,
                45.7813699
              ],
              [
                1.87391656,
                45.78136647
              ],
              [
                1.87374024,
                45.78130257
              ],
              [
                1.87361962,
                45.78122122
              ],
              [
                1.8734676,
                45.78110172
              ],
              [
                1.87333347,
                45.78098871
              ],
              [
                1.87319695,
                45.78086667
              ],
              [
                1.8730679,
                45.78082035
              ],
              [
                1.87278972,
                45.78082838
              ],
              [
                1.87256196,
                45.7808252
              ],
              [
                1.8722795,
                45.78079086
              ],
              [
                1.87209129,
                45.78074215
              ],
              [
                1.87185499,
                45.78065333
              ],
              [
                1.87167455,
                45.780602
              ],
              [
                1.87146463,
                45.78048192
              ],
              [
                1.87129981,
                45.78035959
              ],
              [
                1.87115276,
                45.78018611
              ],
              [
                1.87102987,
                45.78002728
              ],
              [
                1.87092947,
                45.77983896
              ],
              [
                1.87081283,
                45.77962615
              ],
              [
                1.87074064,
                45.77937957
              ],
              [
                1.87070925,
                45.77915231
              ],
              [
                1.87067869,
                45.77888453
              ],
              [
                1.87064721,
                45.77859873
              ],
              [
                1.87061594,
                45.77836517
              ],
              [
                1.87056516,
                45.77807918
              ],
              [
                1.87050139,
                45.7778615
              ],
              [
                1.87045416,
                45.77765389
              ],
              [
                1.87040572,
                45.77750481
              ],
              [
                1.8703535,
                45.77741513
              ],
              [
                1.87023185,
                45.77732205
              ],
              [
                1.87007578,
                45.77727546
              ],
              [
                1.86982577,
                45.77722883
              ],
              [
                1.86961876,
                45.77721865
              ],
              [
                1.86942055,
                45.77721937
              ],
              [
                1.86922354,
                45.7772237
              ],
              [
                1.86903358,
                45.77726142
              ],
              [
                1.86891216,
                45.77734576
              ],
              [
                1.86885261,
                45.77742531
              ],
              [
                1.8688463,
                45.77754503
              ],
              [
                1.86881993,
                45.77763842
              ],
              [
                1.86865171,
                45.77774571
              ],
              [
                1.86848814,
                45.77781431
              ],
              [
                1.8682264,
                45.77789994
              ],
              [
                1.86799839,
                45.7779724
              ],
              [
                1.86780583,
                45.778011
              ],
              [
                1.86757936,
                45.77800873
              ],
              [
                1.86741155,
                45.77797012
              ],
              [
                1.86719912,
                45.77791035
              ],
              [
                1.86705084,
                45.77786113
              ],
              [
                1.86687366,
                45.77771436
              ],
              [
                1.86679948,
                45.77762896
              ],
              [
                1.86675851,
                45.7775556
              ],
              [
                1.86670596,
                45.77748212
              ],
              [
                1.86665824,
                45.77742401
              ],
              [
                1.86654435,
                45.77739224
              ],
              [
                1.8664326,
                45.77738121
              ],
              [
                1.86631971,
                45.77742601
              ],
              [
                1.86616965,
                45.77746323
              ],
              [
                1.86599114,
                45.77744432
              ],
              [
                1.86573888,
                45.77744449
              ],
              [
                1.8654441,
                45.77744693
              ],
              [
                1.86519437,
                45.77744892
              ],
              [
                1.86500002,
                45.77744967
              ],
              [
                1.86480051,
                45.77745036
              ],
              [
                1.86465505,
                45.7774516
              ],
              [
                1.86455812,
                45.77747134
              ],
              [
                1.86452811,
                45.77755389
              ],
              [
                1.86452914,
                45.77762865
              ],
              [
                1.86454816,
                45.77770539
              ],
              [
                1.86463589,
                45.7777576
              ],
              [
                1.86478035,
                45.77780499
              ],
              [
                1.86495397,
                45.77787428
              ],
              [
                1.86508398,
                45.77793592
              ],
              [
                1.86525077,
                45.77802406
              ],
              [
                1.86535371,
                45.77808813
              ],
              [
                1.86547131,
                45.77819018
              ],
              [
                1.86553404,
                45.77826916
              ],
              [
                1.86548388,
                45.7783299
              ],
              [
                1.86541441,
                45.77839134
              ],
              [
                1.86540525,
                45.77846149
              ],
              [
                1.86546188,
                45.7785242
              ],
              [
                1.86562001,
                45.77859514
              ],
              [
                1.86591077,
                45.7786638
              ],
              [
                1.86613123,
                45.77870834
              ],
              [
                1.8662818,
                45.778772
              ],
              [
                1.86638263,
                45.77887568
              ],
              [
                1.86647612,
                45.77896127
              ],
              [
                1.86663072,
                45.77901686
              ],
              [
                1.86672933,
                45.7791034
              ],
              [
                1.86677993,
                45.77920928
              ],
              [
                1.86680029,
                45.77934637
              ],
              [
                1.86678555,
                45.77962541
              ],
              [
                1.86675167,
                45.779834
              ],
              [
                1.86669554,
                45.7799352
              ],
              [
                1.86662959,
                45.78001289
              ],
              [
                1.8664702,
                45.78012837
              ],
              [
                1.86646127,
                45.78018681
              ],
              [
                1.86647502,
                45.78026981
              ],
              [
                1.86642544,
                45.78036477
              ],
              [
                1.86631988,
                45.78042855
              ],
              [
                1.86614288,
                45.780461
              ],
              [
                1.86590195,
                45.78047298
              ],
              [
                1.86575941,
                45.78051928
              ],
              [
                1.86530119,
                45.78077044
              ],
              [
                1.86510677,
                45.78089907
              ],
              [
                1.86491651,
                45.78107547
              ],
              [
                1.86476106,
                45.78124952
              ],
              [
                1.86468601,
                45.78139376
              ],
              [
                1.86467782,
                45.78147923
              ],
              [
                1.86469809,
                45.78155779
              ],
              [
                1.86466948,
                45.78169709
              ],
              [
                1.86465941,
                45.78181136
              ],
              [
                1.86464442,
                45.78191478
              ],
              [
                1.86457505,
                45.78197082
              ],
              [
                1.86445176,
                45.78202001
              ],
              [
                1.86432607,
                45.78212321
              ],
              [
                1.86422402,
                45.78226628
              ],
              [
                1.86415466,
                45.78238446
              ],
              [
                1.8641226,
                45.78250391
              ],
              [
                1.86411006,
                45.78261276
              ],
              [
                1.86411134,
                45.78267581
              ],
              [
                1.86418509,
                45.78271978
              ],
              [
                1.86433857,
                45.78276725
              ],
              [
                1.86450259,
                45.78280313
              ],
              [
                1.86469703,
                45.78286182
              ],
              [
                1.86482766,
                45.7829568
              ],
              [
                1.8649446,
                45.78309126
              ],
              [
                1.86502324,
                45.78321093
              ],
              [
                1.86510814,
                45.78333876
              ],
              [
                1.86518628,
                45.7834197
              ],
              [
                1.86530156,
                45.78351002
              ],
              [
                1.86538657,
                45.78363245
              ],
              [
                1.86538685,
                45.78374412
              ],
              [
                1.86535406,
                45.78383655
              ],
              [
                1.86534815,
                45.78393646
              ],
              [
                1.86539024,
                45.78401794
              ],
              [
                1.86552491,
                45.78410394
              ],
              [
                1.86563187,
                45.78416086
              ],
              [
                1.86576322,
                45.78422071
              ],
              [
                1.8659544,
                45.78425055
              ],
              [
                1.8661337,
                45.78429468
              ],
              [
                1.86624275,
                45.78437503
              ],
              [
                1.86629514,
                45.78445661
              ],
              [
                1.86636272,
                45.78448791
              ],
              [
                1.86643688,
                45.78451207
              ],
              [
                1.86644441,
                45.78458419
              ],
              [
                1.86645886,
                45.78463297
              ],
              [
                1.86655434,
                45.78468436
              ],
              [
                1.86660827,
                45.78481638
              ],
              [
                1.86663108,
                45.78489676
              ],
              [
                1.8666107,
                45.78494879
              ],
              [
                1.8666494,
                45.78500772
              ],
              [
                1.8667331,
                45.7850689
              ],
              [
                1.86676506,
                45.78514217
              ],
              [
                1.86687182,
                45.78520898
              ],
              [
                1.86703446,
                45.78531238
              ],
              [
                1.86729839,
                45.78543571
              ],
              [
                1.86737428,
                45.78550131
              ],
              [
                1.86742734,
                45.78567566
              ],
              [
                1.86744392,
                45.78574607
              ],
              [
                1.86744957,
                45.78584699
              ],
              [
                1.86744903,
                45.78593614
              ],
              [
                1.867442,
                45.78596489
              ],
              [
                1.86749803,
                45.78605731
              ],
              [
                1.86790567,
                45.78614065
              ],
              [
                1.8681606,
                45.78613781
              ],
              [
                1.86816446,
                45.78613785
              ],
              [
                1.86831893,
                45.78613759
              ],
              [
                1.86843465,
                45.78614416
              ],
              [
                1.86853369,
                45.78621089
              ],
              [
                1.86867448,
                45.78625013
              ],
              [
                1.86885048,
                45.7862672
              ],
              [
                1.86929397,
                45.78629686
              ],
              [
                1.86963771,
                45.7862949
              ],
              [
                1.87002518,
                45.78629428
              ],
              [
                1.87038726,
                45.78621325
              ],
              [
                1.87073894,
                45.78607448
              ],
              [
                1.87096876,
                45.78597771
              ],
              [
                1.87111233,
                45.78588099
              ],
              [
                1.87117306,
                45.7857438
              ],
              [
                1.87119915,
                45.78560087
              ],
              [
                1.87141773,
                45.78554993
              ],
              [
                1.87159136,
                45.78562011
              ],
              [
                1.87181903,
                45.78575477
              ],
              [
                1.87202967,
                45.78590367
              ],
              [
                1.87224325,
                45.78609763
              ],
              [
                1.87244997,
                45.78624919
              ],
              [
                1.87265668,
                45.78640165
              ],
              [
                1.87285251,
                45.78651978
              ],
              [
                1.87309715,
                45.7866429
              ],
              [
                1.87326378,
                45.78674093
              ],
              [
                1.87346595,
                45.78686362
              ],
              [
                1.87361451,
                45.78696417
              ],
              [
                1.87377285,
                45.78702699
              ],
              [
                1.87393102,
                45.78709791
              ],
              [
                1.87407311,
                45.7872002
              ],
              [
                1.8740573,
                45.78728109
              ],
              [
                1.87398407,
                45.78740014
              ],
              [
                1.87386179,
                45.7875259
              ],
              [
                1.87376027,
                45.78764376
              ],
              [
                1.87360254,
                45.78774035
              ],
              [
                1.87337377,
                45.7877858
              ],
              [
                1.87313034,
                45.78779238
              ],
              [
                1.87281105,
                45.78779459
              ],
              [
                1.87263006,
                45.78776937
              ],
              [
                1.87240086,
                45.78770944
              ],
              [
                1.87226828,
                45.78758293
              ],
              [
                1.87217898,
                45.78741724
              ],
              [
                1.87212069,
                45.78724554
              ],
              [
                1.87207543,
                45.78706678
              ],
              [
                1.87205454,
                45.78689185
              ],
              [
                1.87201902,
                45.78680324
              ],
              [
                1.87191856,
                45.7867428
              ],
              [
                1.87179538,
                45.78672356
              ],
              [
                1.87162973,
                45.78676693
              ],
              [
                1.87145065,
                45.78690023
              ],
              [
                1.8712918,
                45.7869887
              ],
              [
                1.87112563,
                45.78705728
              ],
              [
                1.87105164,
                45.7871502
              ],
              [
                1.87103057,
                45.78729949
              ],
              [
                1.87096895,
                45.78747989
              ],
              [
                1.87090539,
                45.78762965
              ],
              [
                1.870836,
                45.78781267
              ],
              [
                1.87076622,
                45.78795156
              ],
              [
                1.87063799,
                45.78805295
              ],
              [
                1.87049313,
                45.78814966
              ],
              [
                1.87043523,
                45.78827426
              ],
              [
                1.87040505,
                45.78842796
              ],
              [
                1.87036577,
                45.78858607
              ],
              [
                1.87030173,
                45.78875924
              ],
              [
                1.87025659,
                45.78888937
              ],
              [
                1.87019622,
                45.78900855
              ],
              [
                1.87014965,
                45.78908283
              ],
              [
                1.87000459,
                45.7891255
              ],
              [
                1.86973224,
                45.78909846
              ],
              [
                1.86948035,
                45.78907793
              ],
              [
                1.86915276,
                45.78904493
              ],
              [
                1.86874562,
                45.78899942
              ],
              [
                1.86838455,
                45.78896698
              ],
              [
                1.86800667,
                45.78893797
              ],
              [
                1.86783964,
                45.78892279
              ],
              [
                1.86775118,
                45.78896783
              ],
              [
                1.86778316,
                45.7890402
              ],
              [
                1.86793084,
                45.78912093
              ],
              [
                1.86815406,
                45.78922134
              ],
              [
                1.86834529,
                45.78931241
              ],
              [
                1.86851779,
                45.78937538
              ],
              [
                1.86868271,
                45.78943107
              ],
              [
                1.86882757,
                45.78946044
              ],
              [
                1.8689202,
                45.78952621
              ],
              [
                1.86899815,
                45.78961705
              ],
              [
                1.86900526,
                45.78970988
              ],
              [
                1.86841737,
                45.79006692
              ],
              [
                1.86794963,
                45.79052783
              ],
              [
                1.86775025,
                45.79070865
              ],
              [
                1.86756882,
                45.79083021
              ],
              [
                1.86739643,
                45.79095006
              ],
              [
                1.86726523,
                45.79107032
              ],
              [
                1.86698644,
                45.79129357
              ],
              [
                1.86679777,
                45.79139164
              ],
              [
                1.86644781,
                45.791507
              ],
              [
                1.86624078,
                45.79155806
              ],
              [
                1.86605579,
                45.79160213
              ],
              [
                1.86587586,
                45.79164985
              ],
              [
                1.86564843,
                45.79169169
              ],
              [
                1.86541401,
                45.79169744
              ],
              [
                1.86514894,
                45.79169118
              ],
              [
                1.86498544,
                45.79169133
              ],
              [
                1.86481343,
                45.79166709
              ],
              [
                1.86461809,
                45.79165071
              ],
              [
                1.86452279,
                45.79165246
              ],
              [
                1.86446483,
                45.79165368
              ],
              [
                1.86430393,
                45.7917151
              ],
              [
                1.86412665,
                45.79182228
              ],
              [
                1.86399357,
                45.7919083
              ],
              [
                1.86386541,
                45.79200518
              ],
              [
                1.86380049,
                45.79209458
              ],
              [
                1.86370244,
                45.79216744
              ],
              [
                1.86357355,
                45.79223729
              ],
              [
                1.86347806,
                45.79237322
              ],
              [
                1.86336317,
                45.79251345
              ],
              [
                1.86324441,
                45.79265455
              ],
              [
                1.86319411,
                45.79278372
              ],
              [
                1.86313274,
                45.79288847
              ],
              [
                1.86299905,
                45.79294116
              ],
              [
                1.86281404,
                45.79292309
              ],
              [
                1.8626329,
                45.79290415
              ],
              [
                1.86248152,
                45.79287831
              ],
              [
                1.86240549,
                45.79288205
              ],
              [
                1.86234508,
                45.79293998
              ],
              [
                1.86229968,
                45.79301877
              ],
              [
                1.86227332,
                45.79311126
              ],
              [
                1.86226133,
                45.7931931
              ],
              [
                1.86217623,
                45.79319944
              ],
              [
                1.86212892,
                45.79318366
              ],
              [
                1.86214654,
                45.79307847
              ],
              [
                1.86217274,
                45.79299408
              ],
              [
                1.86225482,
                45.79288413
              ],
              [
                1.86218948,
                45.79286906
              ],
              [
                1.86195737,
                45.79288744
              ],
              [
                1.86168235,
                45.79292609
              ],
              [
                1.86134793,
                45.79297405
              ],
              [
                1.86104975,
                45.79301247
              ],
              [
                1.86078486,
                45.79305933
              ],
              [
                1.86055776,
                45.79314709
              ],
              [
                1.86037177,
                45.79323888
              ],
              [
                1.86023678,
                45.79335459
              ],
              [
                1.86014721,
                45.79351489
              ],
              [
                1.86013885,
                45.79367061
              ],
              [
                1.86014231,
                45.79381473
              ],
              [
                1.86012699,
                45.79393346
              ],
              [
                1.8600581,
                45.79402732
              ],
              [
                1.85986981,
                45.79410557
              ],
              [
                1.85956974,
                45.79417279
              ],
              [
                1.85915446,
                45.79427036
              ],
              [
                1.85878048,
                45.79436294
              ],
              [
                1.85854773,
                45.79441192
              ],
              [
                1.85836635,
                45.79440468
              ],
              [
                1.85812468,
                45.79438693
              ],
              [
                1.85792913,
                45.79438044
              ],
              [
                1.85783873,
                45.79439394
              ],
              [
                1.85760581,
                45.79451316
              ],
              [
                1.85742498,
                45.79460409
              ],
              [
                1.85724056,
                45.79474361
              ],
              [
                1.85709153,
                45.79485288
              ],
              [
                1.85690169,
                45.79494372
              ],
              [
                1.85674168,
                45.79496101
              ],
              [
                1.85655064,
                45.79492305
              ],
              [
                1.85638111,
                45.79484118
              ],
              [
                1.85622133,
                45.79472338
              ],
              [
                1.85611861,
                45.79458546
              ],
              [
                1.85611462,
                45.7944053
              ],
              [
                1.85617573,
                45.79425192
              ],
              [
                1.85633401,
                45.79413104
              ],
              [
                1.85662392,
                45.79399529
              ],
              [
                1.85682199,
                45.79388022
              ],
              [
                1.85702112,
                45.79371383
              ],
              [
                1.85719505,
                45.79352106
              ],
              [
                1.8575532,
                45.79313563
              ],
              [
                1.85791337,
                45.79265206
              ],
              [
                1.85831125,
                45.79208782
              ],
              [
                1.85861743,
                45.79166224
              ],
              [
                1.85902269,
                45.79117642
              ],
              [
                1.85929879,
                45.79083519
              ],
              [
                1.85953791,
                45.79053951
              ],
              [
                1.85979089,
                45.79019534
              ],
              [
                1.85995097,
                45.78992408
              ],
              [
                1.85999459,
                45.7897444
              ],
              [
                1.8599552,
                45.78959451
              ],
              [
                1.85985109,
                45.78946197
              ],
              [
                1.85970646,
                45.78935875
              ],
              [
                1.85957469,
                45.78925655
              ],
              [
                1.85945573,
                45.78909504
              ],
              [
                1.85934919,
                45.78889314
              ],
              [
                1.85926918,
                45.78871581
              ],
              [
                1.8592245,
                45.78851093
              ],
              [
                1.85916472,
                45.78835092
              ],
              [
                1.85914877,
                45.7882508
              ],
              [
                1.85919207,
                45.78814857
              ],
              [
                1.85920469,
                45.78803612
              ],
              [
                1.85915455,
                45.78790863
              ],
              [
                1.85911365,
                45.78776953
              ],
              [
                1.85907746,
                45.78765209
              ],
              [
                1.85907089,
                45.78753404
              ],
              [
                1.85911574,
                45.78741922
              ],
              [
                1.85919659,
                45.78730657
              ],
              [
                1.85925931,
                45.78719913
              ],
              [
                1.85933664,
                45.78713237
              ],
              [
                1.85951275,
                45.78708191
              ],
              [
                1.8596825,
                45.78702779
              ],
              [
                1.85980802,
                45.78699574
              ],
              [
                1.8599743,
                45.78698481
              ],
              [
                1.86011807,
                45.78700428
              ],
              [
                1.86022551,
                45.78703778
              ],
              [
                1.860358,
                45.78704272
              ],
              [
                1.8605285,
                45.78701472
              ],
              [
                1.86066131,
                45.78694132
              ],
              [
                1.86079957,
                45.78685355
              ],
              [
                1.86093663,
                45.78676128
              ],
              [
                1.86110505,
                45.7866468
              ],
              [
                1.86122503,
                45.78657146
              ],
              [
                1.86129155,
                45.78646677
              ],
              [
                1.86132906,
                45.78633296
              ],
              [
                1.86135571,
                45.78622696
              ],
              [
                1.86137396,
                45.78615329
              ],
              [
                1.86136106,
                45.78609192
              ],
              [
                1.86128739,
                45.78604435
              ],
              [
                1.86120714,
                45.78600301
              ],
              [
                1.86114307,
                45.78598886
              ],
              [
                1.86101818,
                45.7859903
              ],
              [
                1.86083823,
                45.78597768
              ],
              [
                1.86065026,
                45.78597938
              ],
              [
                1.86050767,
                45.78602747
              ],
              [
                1.86031297,
                45.78610566
              ],
              [
                1.86003583,
                45.78618662
              ],
              [
                1.85983818,
                45.78622064
              ],
              [
                1.85965248,
                45.78623678
              ],
              [
                1.85951297,
                45.78626058
              ],
              [
                1.85933669,
                45.786257
              ],
              [
                1.85918721,
                45.78620236
              ],
              [
                1.85911103,
                45.78608901
              ],
              [
                1.85911446,
                45.78598548
              ],
              [
                1.85917615,
                45.78586543
              ],
              [
                1.8592822,
                45.78577914
              ],
              [
                1.85948445,
                45.78570914
              ],
              [
                1.85965129,
                45.7856712
              ],
              [
                1.85984778,
                45.78563086
              ],
              [
                1.85998178,
                45.78556197
              ],
              [
                1.8600583,
                45.78540964
              ],
              [
                1.86012728,
                45.78524823
              ],
              [
                1.86017414,
                45.78509831
              ],
              [
                1.86018293,
                45.78498402
              ],
              [
                1.86017313,
                45.78489747
              ],
              [
                1.8600974,
                45.78482465
              ],
              [
                1.85996228,
                45.78469811
              ],
              [
                1.85987022,
                45.78466836
              ],
              [
                1.85974141,
                45.78467246
              ],
              [
                1.8596243,
                45.78460914
              ],
              [
                1.85944787,
                45.78448848
              ],
              [
                1.85927569,
                45.78441109
              ],
              [
                1.85905876,
                45.78438188
              ],
              [
                1.85881051,
                45.78437306
              ],
              [
                1.85859565,
                45.78436819
              ],
              [
                1.85844501,
                45.78437027
              ],
              [
                1.85820198,
                45.78442004
              ],
              [
                1.85799835,
                45.78449453
              ],
              [
                1.85787386,
                45.78460134
              ],
              [
                1.85784283,
                45.78473251
              ],
              [
                1.85788562,
                45.78484192
              ],
              [
                1.85797413,
                45.7849815
              ],
              [
                1.85808628,
                45.78516005
              ],
              [
                1.85815359,
                45.78532914
              ],
              [
                1.85814541,
                45.78547586
              ],
              [
                1.85808961,
                45.78562209
              ],
              [
                1.85796816,
                45.78583069
              ],
              [
                1.85782742,
                45.78597606
              ],
              [
                1.85763704,
                45.78615606
              ],
              [
                1.85743755,
                45.78627922
              ],
              [
                1.85711381,
                45.7863723
              ],
              [
                1.8568785,
                45.78642215
              ],
              [
                1.85647038,
                45.78648736
              ],
              [
                1.85597764,
                45.7865364
              ],
              [
                1.85551617,
                45.78656685
              ],
              [
                1.85508755,
                45.7865652
              ],
              [
                1.85471425,
                45.78650288
              ],
              [
                1.85446994,
                45.78636621
              ],
              [
                1.85427658,
                45.78619314
              ],
              [
                1.85407173,
                45.78589116
              ],
              [
                1.85398669,
                45.78564714
              ],
              [
                1.85387675,
                45.78536234
              ],
              [
                1.85372615,
                45.78511405
              ],
              [
                1.85364924,
                45.78491244
              ],
              [
                1.8536922,
                45.7846409
              ],
              [
                1.85375178,
                45.78443707
              ],
              [
                1.8537704,
                45.78415988
              ],
              [
                1.85373825,
                45.78397223
              ],
              [
                1.85382295,
                45.78379838
              ],
              [
                1.85400794,
                45.78363005
              ],
              [
                1.85419747,
                45.78355272
              ],
              [
                1.85440371,
                45.78347646
              ],
              [
                1.85468583,
                45.78334154
              ],
              [
                1.8550076,
                45.78321872
              ],
              [
                1.85530084,
                45.78310552
              ],
              [
                1.85546461,
                45.78302883
              ],
              [
                1.85556583,
                45.78280291
              ],
              [
                1.85568398,
                45.78256725
              ],
              [
                1.85575965,
                45.78239421
              ],
              [
                1.85570939,
                45.78221088
              ],
              [
                1.85564829,
                45.78205356
              ],
              [
                1.85567742,
                45.78188995
              ],
              [
                1.85583276,
                45.78172311
              ],
              [
                1.85612497,
                45.78153515
              ],
              [
                1.85639545,
                45.78140191
              ],
              [
                1.85673768,
                45.7812847
              ],
              [
                1.85694174,
                45.7811886
              ],
              [
                1.85710859,
                45.78108762
              ],
              [
                1.85717854,
                45.78100368
              ],
              [
                1.85711951,
                45.78087069
              ],
              [
                1.85699379,
                45.78078837
              ],
              [
                1.85679975,
                45.78071075
              ],
              [
                1.85657422,
                45.78066254
              ],
              [
                1.85638714,
                45.78068406
              ],
              [
                1.85623662,
                45.78074287
              ],
              [
                1.85598747,
                45.78084031
              ],
              [
                1.8558225,
                45.78091339
              ],
              [
                1.85571321,
                45.78096991
              ],
              [
                1.85559715,
                45.78098045
              ],
              [
                1.85546099,
                45.78090522
              ],
              [
                1.85531796,
                45.78078849
              ],
              [
                1.85520403,
                45.78069638
              ],
              [
                1.85510123,
                45.78062599
              ],
              [
                1.8550119,
                45.78058906
              ],
              [
                1.85461169,
                45.780585
              ],
              [
                1.85437351,
                45.78058798
              ],
              [
                1.8540935,
                45.78062206
              ],
              [
                1.85391152,
                45.78070847
              ],
              [
                1.85377615,
                45.78078095
              ],
              [
                1.85369491,
                45.78085037
              ],
              [
                1.85360283,
                45.78094579
              ],
              [
                1.85340018,
                45.78097345
              ],
              [
                1.85318556,
                45.78095776
              ],
              [
                1.8529929,
                45.78093779
              ],
              [
                1.85283858,
                45.78086958
              ],
              [
                1.85268028,
                45.78074459
              ],
              [
                1.85257753,
                45.78061026
              ],
              [
                1.8524515,
                45.7804811
              ],
              [
                1.85233269,
                45.78037632
              ],
              [
                1.85217902,
                45.78027659
              ],
              [
                1.85196825,
                45.78013756
              ],
              [
                1.85175418,
                45.78003362
              ],
              [
                1.85154945,
                45.77991356
              ],
              [
                1.85136048,
                45.77984049
              ],
              [
                1.8511525,
                45.77981496
              ],
              [
                1.85092953,
                45.7798298
              ],
              [
                1.85078029,
                45.77988862
              ],
              [
                1.85066597,
                45.78000093
              ],
              [
                1.85056594,
                45.78016922
              ],
              [
                1.85046954,
                45.78034835
              ],
              [
                1.8504332,
                45.78048667
              ],
              [
                1.85042348,
                45.78064417
              ],
              [
                1.85045341,
                45.78075255
              ],
              [
                1.85047186,
                45.7808554
              ],
              [
                1.85045141,
                45.78097227
              ],
              [
                1.85039517,
                45.78107707
              ],
              [
                1.85028147,
                45.78115966
              ],
              [
                1.85015545,
                45.78121602
              ],
              [
                1.8499822,
                45.78125298
              ],
              [
                1.84982616,
                45.7812676
              ],
              [
                1.84958838,
                45.7813129
              ],
              [
                1.84931843,
                45.78135788
              ],
              [
                1.84908955,
                45.78140868
              ],
              [
                1.84888979,
                45.78142106
              ],
              [
                1.84880592,
                45.78143101
              ],
              [
                1.84841731,
                45.78142614
              ],
              [
                1.84830005,
                45.78143215
              ]
            ],
            [
              [
                1.86522136,
                45.80458375
              ],
              [
                1.86515615,
                45.80449844
              ],
              [
                1.86508973,
                45.80440952
              ],
              [
                1.86501964,
                45.80431155
              ],
              [
                1.86496462,
                45.80423174
              ],
              [
                1.86486396,
                45.80411726
              ],
              [
                1.8647606,
                45.80400905
              ],
              [
                1.86459855,
                45.80387413
              ],
              [
                1.86448349,
                45.80377121
              ],
              [
                1.86438446,
                45.80370267
              ],
              [
                1.86431727,
                45.80365156
              ],
              [
                1.86425239,
                45.80361309
              ],
              [
                1.86415372,
                45.80358958
              ],
              [
                1.86407786,
                45.80358431
              ],
              [
                1.8639837,
                45.80359237
              ],
              [
                1.86392547,
                45.80360619
              ],
              [
                1.86385672,
                45.80363072
              ],
              [
                1.86375383,
                45.80368732
              ],
              [
                1.86348854,
                45.80381433
              ],
              [
                1.86341059,
                45.80384777
              ],
              [
                1.86331362,
                45.80392965
              ],
              [
                1.86325702,
                45.80398942
              ],
              [
                1.86320245,
                45.80401318
              ],
              [
                1.86309121,
                45.80403728
              ],
              [
                1.86299168,
                45.80405609
              ],
              [
                1.86283525,
                45.80408604
              ],
              [
                1.86266598,
                45.80411495
              ],
              [
                1.86261704,
                45.80411536
              ],
              [
                1.86256054,
                45.80410758
              ],
              [
                1.86242398,
                45.80404857
              ],
              [
                1.8622711,
                45.80396868
              ],
              [
                1.86214357,
                45.80390886
              ],
              [
                1.86205845,
                45.80385306
              ],
              [
                1.86196941,
                45.80379993
              ],
              [
                1.86188568,
                45.80373875
              ],
              [
                1.86183162,
                45.80367516
              ],
              [
                1.8617911,
                45.80364233
              ],
              [
                1.86170691,
                45.80360366
              ],
              [
                1.86162616,
                45.80358573
              ],
              [
                1.86153089,
                45.80358477
              ],
              [
                1.861469,
                45.80358865
              ],
              [
                1.86138368,
                45.8036049
              ],
              [
                1.86132273,
                45.8036259
              ],
              [
                1.86125887,
                45.80366308
              ],
              [
                1.8612001,
                45.80370301
              ],
              [
                1.86110662,
                45.80380294
              ],
              [
                1.86099043,
                45.80394226
              ],
              [
                1.8608907,
                45.80403311
              ],
              [
                1.8608068,
                45.80410521
              ],
              [
                1.86072051,
                45.80416828
              ],
              [
                1.86062775,
                45.80423309
              ],
              [
                1.8605262,
                45.804287
              ],
              [
                1.86042489,
                45.8043292
              ],
              [
                1.86039741,
                45.80435054
              ],
              [
                1.86038913,
                45.80437747
              ],
              [
                1.86039743,
                45.80441178
              ],
              [
                1.86039695,
                45.80443519
              ],
              [
                1.86037844,
                45.80445842
              ],
              [
                1.86035087,
                45.80448426
              ],
              [
                1.86032492,
                45.8044939
              ],
              [
                1.86028118,
                45.80449166
              ],
              [
                1.86021327,
                45.80447566
              ],
              [
                1.86009337,
                45.80442042
              ],
              [
                1.86004734,
                45.80440464
              ],
              [
                1.85999974,
                45.80440236
              ],
              [
                1.85995825,
                45.80441635
              ],
              [
                1.85989046,
                45.80445619
              ],
              [
                1.85980307,
                45.80451025
              ],
              [
                1.85969755,
                45.80456952
              ],
              [
                1.85959081,
                45.80462518
              ],
              [
                1.85950592,
                45.80468286
              ],
              [
                1.85942648,
                45.80472619
              ],
              [
                1.85934858,
                45.80475692
              ],
              [
                1.85925143,
                45.80478476
              ],
              [
                1.85918171,
                45.80479396
              ],
              [
                1.85912118,
                45.80479425
              ],
              [
                1.85906198,
                45.80479275
              ],
              [
                1.85899015,
                45.80477941
              ],
              [
                1.85891846,
                45.80475888
              ],
              [
                1.85885321,
                45.8047384
              ],
              [
                1.8587724,
                45.80472318
              ],
              [
                1.85868516,
                45.80470789
              ],
              [
                1.85858116,
                45.80469333
              ],
              [
                1.85846973,
                45.80466428
              ],
              [
                1.85837631,
                45.80463632
              ],
              [
                1.85827647,
                45.80460739
              ],
              [
                1.8581818,
                45.80457761
              ],
              [
                1.85811291,
                45.8045463
              ],
              [
                1.85805701,
                45.80450971
              ],
              [
                1.85801549,
                45.80446246
              ],
              [
                1.85795679,
                45.80443665
              ],
              [
                1.85787906,
                45.80439714
              ],
              [
                1.85781671,
                45.80436138
              ],
              [
                1.857757,
                45.80432205
              ],
              [
                1.85770789,
                45.80426842
              ],
              [
                1.85767169,
                45.80421312
              ],
              [
                1.85764016,
                45.80418128
              ],
              [
                1.85759818,
                45.80415654
              ],
              [
                1.85755013,
                45.80411373
              ],
              [
                1.85751351,
                45.80407913
              ],
              [
                1.8574869,
                45.80405815
              ],
              [
                1.85744796,
                45.80401093
              ],
              [
                1.85741594,
                45.80394036
              ],
              [
                1.85739909,
                45.80388345
              ],
              [
                1.85740017,
                45.80383123
              ],
              [
                1.85741512,
                45.80379355
              ],
              [
                1.85744054,
                45.80374698
              ],
              [
                1.85744388,
                45.80371009
              ],
              [
                1.85743571,
                45.80366948
              ],
              [
                1.85744636,
                45.80359034
              ],
              [
                1.85746673,
                45.80353921
              ],
              [
                1.85748309,
                45.80349525
              ],
              [
                1.85748319,
                45.80342861
              ],
              [
                1.85747064,
                45.80335013
              ],
              [
                1.85744866,
                45.80329227
              ],
              [
                1.85742084,
                45.80320553
              ],
              [
                1.85740291,
                45.80313871
              ],
              [
                1.85736962,
                45.80306722
              ],
              [
                1.85729841,
                45.80296203
              ],
              [
                1.85723573,
                45.80287945
              ],
              [
                1.85717672,
                45.8028068
              ],
              [
                1.85712795,
                45.80273696
              ],
              [
                1.85700952,
                45.80254844
              ],
              [
                1.85683356,
                45.80234043
              ],
              [
                1.85677548,
                45.8022849
              ],
              [
                1.8567044,
                45.80223555
              ],
              [
                1.8565842,
                45.80213257
              ],
              [
                1.85647666,
                45.80204052
              ],
              [
                1.85640578,
                45.80198126
              ],
              [
                1.85635825,
                45.80191414
              ],
              [
                1.85631983,
                45.8018417
              ],
              [
                1.85627791,
                45.80175212
              ],
              [
                1.85625397,
                45.80166452
              ],
              [
                1.85623893,
                45.80158242
              ],
              [
                1.85623542,
                45.80150313
              ],
              [
                1.85624779,
                45.80140329
              ],
              [
                1.85628078,
                45.80130276
              ],
              [
                1.85631738,
                45.80121397
              ],
              [
                1.85634324,
                45.80114669
              ],
              [
                1.85641437,
                45.80106906
              ],
              [
                1.85650452,
                45.80094389
              ],
              [
                1.85655079,
                45.80088582
              ],
              [
                1.85662855,
                45.80079925
              ],
              [
                1.85669711,
                45.8007216
              ],
              [
                1.85674978,
                45.80066539
              ],
              [
                1.85682213,
                45.80059138
              ],
              [
                1.85688423,
                45.80051455
              ],
              [
                1.85694768,
                45.80043504
              ],
              [
                1.8570149,
                45.80036008
              ],
              [
                1.85708697,
                45.80029957
              ],
              [
                1.85717081,
                45.80023017
              ],
              [
                1.8572454,
                45.80017239
              ],
              [
                1.85733965,
                45.80009769
              ],
              [
                1.85743375,
                45.8000302
              ],
              [
                1.85752104,
                45.79998065
              ],
              [
                1.85763029,
                45.79992772
              ],
              [
                1.85774583,
                45.79988206
              ],
              [
                1.85786646,
                45.79983915
              ],
              [
                1.85796625,
                45.79980774
              ],
              [
                1.85805539,
                45.79979333
              ],
              [
                1.85814555,
                45.79979154
              ],
              [
                1.85824852,
                45.79979348
              ],
              [
                1.85838753,
                45.79979579
              ],
              [
                1.85849447,
                45.79979237
              ],
              [
                1.85860122,
                45.79979795
              ],
              [
                1.85870915,
                45.79980895
              ],
              [
                1.85882855,
                45.79982547
              ],
              [
                1.85896728,
                45.79984128
              ],
              [
                1.85910481,
                45.79985257
              ],
              [
                1.85926539,
                45.79987041
              ],
              [
                1.85942856,
                45.79988737
              ],
              [
                1.85961984,
                45.79991452
              ],
              [
                1.85977787,
                45.79993142
              ],
              [
                1.859914,
                45.79994811
              ],
              [
                1.86006048,
                45.79996309
              ],
              [
                1.86013126,
                45.79996471
              ],
              [
                1.86017223,
                45.79997593
              ],
              [
                1.86020268,
                45.79999785
              ],
              [
                1.86025889,
                45.80001913
              ],
              [
                1.86034333,
                45.8000452
              ],
              [
                1.86043421,
                45.80007134
              ],
              [
                1.86050845,
                45.8000928
              ],
              [
                1.8605804,
                45.80009983
              ],
              [
                1.86066693,
                45.80008719
              ],
              [
                1.86075368,
                45.80006375
              ],
              [
                1.86087573,
                45.80001455
              ],
              [
                1.86097822,
                45.79997686
              ],
              [
                1.86107572,
                45.79993192
              ],
              [
                1.86115267,
                45.79988406
              ],
              [
                1.86120791,
                45.79982788
              ],
              [
                1.86125913,
                45.79977887
              ],
              [
                1.86132579,
                45.79973091
              ],
              [
                1.8614296,
                45.79969143
              ],
              [
                1.86159247,
                45.79966065
              ],
              [
                1.86173062,
                45.79964223
              ],
              [
                1.86184142,
                45.79963884
              ],
              [
                1.86194521,
                45.79966331
              ],
              [
                1.86207203,
                45.7996943
              ],
              [
                1.86214746,
                45.79972028
              ],
              [
                1.86220596,
                45.79975599
              ],
              [
                1.86225637,
                45.79980873
              ],
              [
                1.86228213,
                45.79987113
              ],
              [
                1.86229014,
                45.79998199
              ],
              [
                1.86229243,
                45.80005856
              ],
              [
                1.86229238,
                45.8001234
              ],
              [
                1.86229879,
                45.80018741
              ],
              [
                1.86232182,
                45.80025698
              ],
              [
                1.86234763,
                45.80031668
              ],
              [
                1.86237235,
                45.80036646
              ],
              [
                1.86241032,
                45.80039837
              ],
              [
                1.86245376,
                45.80041501
              ],
              [
                1.86251303,
                45.80041291
              ],
              [
                1.8625778,
                45.80039375
              ],
              [
                1.86265332,
                45.80035308
              ],
              [
                1.86273012,
                45.80031243
              ],
              [
                1.86280599,
                45.80025466
              ],
              [
                1.86287958,
                45.80018245
              ],
              [
                1.86293106,
                45.80012083
              ],
              [
                1.86298656,
                45.80005204
              ],
              [
                1.86303782,
                45.80000123
              ],
              [
                1.86310028,
                45.79996943
              ],
              [
                1.86318809,
                45.79995681
              ],
              [
                1.86328146,
                45.79992443
              ],
              [
                1.86336106,
                45.799873
              ],
              [
                1.8634302,
                45.79982956
              ],
              [
                1.86347086,
                45.79979305
              ],
              [
                1.86348994,
                45.79974191
              ],
              [
                1.86347687,
                45.79968864
              ],
              [
                1.86344948,
                45.79964334
              ],
              [
                1.86340287,
                45.79959334
              ],
              [
                1.86336139,
                45.79954429
              ],
              [
                1.86331498,
                45.79948438
              ],
              [
                1.86327988,
                45.7994381
              ],
              [
                1.86324797,
                45.79936213
              ],
              [
                1.86322136,
                45.79927901
              ],
              [
                1.86321637,
                45.79920871
              ],
              [
                1.8632246,
                45.79912144
              ],
              [
                1.86324832,
                45.79903252
              ],
              [
                1.86329586,
                45.79891232
              ],
              [
                1.86338336,
                45.79872678
              ],
              [
                1.86349988,
                45.79850821
              ],
              [
                1.86360994,
                45.79835262
              ],
              [
                1.86366924,
                45.79828657
              ],
              [
                1.86376342,
                45.79821457
              ],
              [
                1.86398488,
                45.79802678
              ],
              [
                1.86413798,
                45.7978446
              ],
              [
                1.86418822,
                45.79778026
              ],
              [
                1.86425438,
                45.79769357
              ],
              [
                1.86432282,
                45.79762131
              ],
              [
                1.86440312,
                45.79753566
              ],
              [
                1.86443986,
                45.79750181
              ],
              [
                1.86452117,
                45.79742968
              ],
              [
                1.86458909,
                45.79738263
              ],
              [
                1.86466197,
                45.79734464
              ],
              [
                1.86476199,
                45.79730152
              ],
              [
                1.86484629,
                45.79727175
              ],
              [
                1.86491882,
                45.79725086
              ],
              [
                1.86494882,
                45.79723225
              ],
              [
                1.86494935,
                45.79720614
              ],
              [
                1.86492569,
                45.79716718
              ],
              [
                1.86488552,
                45.79711724
              ],
              [
                1.8648349,
                45.79707441
              ],
              [
                1.86478822,
                45.79702801
              ],
              [
                1.86476301,
                45.79700164
              ],
              [
                1.86475455,
                45.79697453
              ],
              [
                1.86478861,
                45.79694606
              ],
              [
                1.86484318,
                45.79692229
              ],
              [
                1.86487664,
                45.79692263
              ],
              [
                1.864907,
                45.79694905
              ],
              [
                1.86501179,
                45.79705007
              ],
              [
                1.86504255,
                45.79705668
              ],
              [
                1.86511079,
                45.79705647
              ],
              [
                1.8651845,
                45.797041
              ],
              [
                1.86527512,
                45.79701669
              ],
              [
                1.86535666,
                45.7969959
              ],
              [
                1.86544699,
                45.796986
              ],
              [
                1.865532,
                45.79698415
              ],
              [
                1.86562964,
                45.79699414
              ],
              [
                1.86575287,
                45.79701249
              ],
              [
                1.86586324,
                45.79702981
              ],
              [
                1.86591824,
                45.79704747
              ],
              [
                1.86598815,
                45.7970914
              ],
              [
                1.86607951,
                45.79715626
              ],
              [
                1.86613414,
                45.79719193
              ],
              [
                1.86619144,
                45.79722313
              ],
              [
                1.86635609,
                45.79729322
              ],
              [
                1.866517,
                45.79735698
              ],
              [
                1.86667915,
                45.79742345
              ],
              [
                1.86679677,
                45.79746426
              ],
              [
                1.86691804,
                45.79751501
              ],
              [
                1.86703431,
                45.7975585
              ],
              [
                1.86714931,
                45.79760108
              ],
              [
                1.86724482,
                45.79765247
              ],
              [
                1.86732898,
                45.79769204
              ],
              [
                1.86738731,
                45.79773586
              ],
              [
                1.86745165,
                45.79780044
              ],
              [
                1.86749793,
                45.79786665
              ],
              [
                1.86753895,
                45.79793821
              ],
              [
                1.86760286,
                45.79808654
              ],
              [
                1.8676311,
                45.79815347
              ],
              [
                1.86765986,
                45.79819519
              ],
              [
                1.86771842,
                45.79822729
              ],
              [
                1.86778861,
                45.79825772
              ],
              [
                1.86787679,
                45.79829012
              ],
              [
                1.86797145,
                45.79831989
              ],
              [
                1.86807789,
                45.79834077
              ],
              [
                1.86818698,
                45.79835807
              ],
              [
                1.86830391,
                45.79836915
              ],
              [
                1.86841835,
                45.7983766
              ],
              [
                1.86850976,
                45.79837662
              ],
              [
                1.86860388,
                45.79837036
              ],
              [
                1.86869436,
                45.79835325
              ],
              [
                1.86875915,
                45.79833319
              ],
              [
                1.86882274,
                45.79830861
              ],
              [
                1.86888226,
                45.7982939
              ],
              [
                1.86895694,
                45.79829375
              ],
              [
                1.86906739,
                45.79830746
              ],
              [
                1.86916364,
                45.79832283
              ],
              [
                1.86924413,
                45.79835336
              ],
              [
                1.86932805,
                45.79840463
              ],
              [
                1.8694152,
                45.79848746
              ],
              [
                1.86949624,
                45.79855401
              ],
              [
                1.86958353,
                45.79862964
              ],
              [
                1.86964156,
                45.79868785
              ],
              [
                1.86970337,
                45.79875061
              ],
              [
                1.86976648,
                45.79881248
              ],
              [
                1.8698294,
                45.79888336
              ],
              [
                1.8698746,
                45.79893965
              ],
              [
                1.86991147,
                45.79902557
              ],
              [
                1.86993446,
                45.79909785
              ],
              [
                1.86995987,
                45.79917735
              ],
              [
                1.86999409,
                45.79926686
              ],
              [
                1.87001577,
                45.79934002
              ],
              [
                1.87004006,
                45.79941141
              ],
              [
                1.87005517,
                45.79949081
              ],
              [
                1.87006287,
                45.79955483
              ],
              [
                1.8700653,
                45.7996251
              ],
              [
                1.87006644,
                45.79969536
              ],
              [
                1.87006246,
                45.79976376
              ],
              [
                1.87004811,
                45.79983566
              ],
              [
                1.87001953,
                45.79991103
              ],
              [
                1.86998448,
                45.79998813
              ],
              [
                1.86995336,
                45.80006166
              ],
              [
                1.86992351,
                45.80013611
              ],
              [
                1.8698884,
                45.80021591
              ],
              [
                1.86986368,
                45.80029131
              ],
              [
                1.8698402,
                45.80036943
              ],
              [
                1.86983626,
                45.80043603
              ],
              [
                1.86984398,
                45.80049915
              ],
              [
                1.86986301,
                45.80057589
              ],
              [
                1.86988469,
                45.80064905
              ],
              [
                1.86992857,
                45.80070713
              ],
              [
                1.86998015,
                45.80076619
              ],
              [
                1.8700433,
                45.80082626
              ],
              [
                1.87011829,
                45.80087384
              ],
              [
                1.87020588,
                45.80093505
              ],
              [
                1.87027179,
                45.80098614
              ],
              [
                1.87035285,
                45.8010518
              ],
              [
                1.87041464,
                45.80111546
              ],
              [
                1.87046998,
                45.80117995
              ],
              [
                1.87052697,
                45.80128949
              ],
              [
                1.87055448,
                45.80132939
              ],
              [
                1.87058918,
                45.80139548
              ],
              [
                1.87060477,
                45.80145148
              ],
              [
                1.8706183,
                45.80154527
              ],
              [
                1.87062327,
                45.80161737
              ],
              [
                1.87061742,
                45.80171457
              ],
              [
                1.87059341,
                45.8018179
              ],
              [
                1.87054304,
                45.80188854
              ],
              [
                1.87047225,
                45.80201301
              ],
              [
                1.87044801,
                45.802065
              ],
              [
                1.87042855,
                45.80213506
              ],
              [
                1.8704287,
                45.80219089
              ],
              [
                1.87044696,
                45.80224241
              ],
              [
                1.87048442,
                45.80229952
              ],
              [
                1.87055539,
                45.80235517
              ],
              [
                1.87060021,
                45.80236732
              ],
              [
                1.87067336,
                45.80237886
              ],
              [
                1.87078271,
                45.80238356
              ],
              [
                1.87093705,
                45.80239231
              ],
              [
                1.87103969,
                45.80241044
              ],
              [
                1.87110755,
                45.80242913
              ],
              [
                1.87116353,
                45.80246211
              ],
              [
                1.87118988,
                45.8024957
              ],
              [
                1.87121592,
                45.80254459
              ],
              [
                1.87123676,
                45.80259613
              ],
              [
                1.87127431,
                45.80271178
              ],
              [
                1.87128937,
                45.80279389
              ],
              [
                1.87129976,
                45.80291557
              ],
              [
                1.87130077,
                45.80299213
              ],
              [
                1.87130563,
                45.80325875
              ],
              [
                1.87130469,
                45.80330467
              ],
              [
                1.87130768,
                45.80341007
              ],
              [
                1.87131765,
                45.80355246
              ],
              [
                1.87135162,
                45.80365456
              ],
              [
                1.87138479,
                45.80373235
              ],
              [
                1.87141538,
                45.803811
              ],
              [
                1.87143941,
                45.803895
              ],
              [
                1.87144048,
                45.80396886
              ],
              [
                1.87143593,
                45.80412821
              ],
              [
                1.87142817,
                45.80419298
              ],
              [
                1.87140465,
                45.80427289
              ],
              [
                1.87135753,
                45.80437329
              ],
              [
                1.87131913,
                45.80442514
              ],
              [
                1.87124153,
                45.80450451
              ],
              [
                1.87106223,
                45.80464591
              ],
              [
                1.87087114,
                45.8047971
              ],
              [
                1.8707158,
                45.80490002
              ],
              [
                1.87053435,
                45.80502068
              ],
              [
                1.87048482,
                45.8050499
              ],
              [
                1.87044802,
                45.80508646
              ],
              [
                1.87041999,
                45.80513481
              ],
              [
                1.87040121,
                45.80517155
              ],
              [
                1.8703855,
                45.80524704
              ],
              [
                1.87037299,
                45.80535498
              ],
              [
                1.8703484,
                45.80548712
              ],
              [
                1.87031207,
                45.80562635
              ],
              [
                1.87025593,
                45.80578969
              ],
              [
                1.87019676,
                45.80591248
              ],
              [
                1.8701093,
                45.80603318
              ],
              [
                1.87006922,
                45.80610393
              ],
              [
                1.86999963,
                45.80616988
              ],
              [
                1.86986628,
                45.80626761
              ],
              [
                1.8696866,
                45.80636397
              ],
              [
                1.86948552,
                45.8064367
              ],
              [
                1.86928642,
                45.80647524
              ],
              [
                1.86900789,
                45.80649406
              ],
              [
                1.86889327,
                45.80649471
              ],
              [
                1.86879048,
                45.80648378
              ],
              [
                1.86863571,
                45.80643269
              ],
              [
                1.86855398,
                45.80639945
              ],
              [
                1.8683587,
                45.80631464
              ],
              [
                1.86817969,
                45.80625251
              ],
              [
                1.86803346,
                45.80622493
              ],
              [
                1.86789944,
                45.80622989
              ],
              [
                1.86764566,
                45.80623455
              ],
              [
                1.86748151,
                45.80626442
              ],
              [
                1.86720018,
                45.80629402
              ],
              [
                1.86697617,
                45.80629177
              ],
              [
                1.86689653,
                45.80628197
              ],
              [
                1.86682359,
                45.80625962
              ],
              [
                1.86671376,
                45.80621529
              ],
              [
                1.86663996,
                45.80617222
              ],
              [
                1.86646766,
                45.8060345
              ],
              [
                1.8664101,
                45.80595287
              ],
              [
                1.86634091,
                45.80587293
              ],
              [
                1.86626505,
                45.80580462
              ],
              [
                1.86616576,
                45.80574869
              ],
              [
                1.8660691,
                45.80569008
              ],
              [
                1.86595719,
                45.80562141
              ],
              [
                1.86587972,
                45.8055693
              ],
              [
                1.86582289,
                45.8055147
              ],
              [
                1.86576241,
                45.80545015
              ],
              [
                1.86567031,
                45.80535736
              ],
              [
                1.86561632,
                45.80529018
              ],
              [
                1.86554457,
                45.80514716
              ],
              [
                1.86544126,
                45.80491107
              ],
              [
                1.86534985,
                45.80478497
              ],
              [
                1.86529235,
                45.80470064
              ],
              [
                1.86522136,
                45.80458375
              ]
            ],
            [
              [
                1.89128977,
                45.79427628
              ],
              [
                1.89138386,
                45.79433484
              ],
              [
                1.89143673,
                45.7943948
              ],
              [
                1.89146582,
                45.79448514
              ],
              [
                1.89147027,
                45.79458425
              ],
              [
                1.89147225,
                45.79467793
              ],
              [
                1.89149433,
                45.79473218
              ],
              [
                1.8915403,
                45.79481549
              ],
              [
                1.89162747,
                45.79489829
              ],
              [
                1.89172963,
                45.79500376
              ],
              [
                1.89178087,
                45.79508082
              ],
              [
                1.8918049,
                45.79516661
              ],
              [
                1.89180358,
                45.79529628
              ],
              [
                1.89180961,
                45.79544493
              ],
              [
                1.8918143,
                45.79559628
              ],
              [
                1.89183366,
                45.79572255
              ],
              [
                1.89186088,
                45.79584169
              ],
              [
                1.89187042,
                45.79594355
              ],
              [
                1.89187193,
                45.79606064
              ],
              [
                1.89187118,
                45.7961624
              ],
              [
                1.89187795,
                45.79627414
              ],
              [
                1.89189009,
                45.79637512
              ],
              [
                1.89192619,
                45.79643671
              ],
              [
                1.89200765,
                45.79654738
              ],
              [
                1.89210235,
                45.79664017
              ],
              [
                1.89213695,
                45.79671256
              ],
              [
                1.89213668,
                45.79679001
              ],
              [
                1.89210446,
                45.79692027
              ],
              [
                1.89206762,
                45.79702348
              ],
              [
                1.89199535,
                45.79709662
              ],
              [
                1.89192192,
                45.79716254
              ],
              [
                1.89185693,
                45.79719342
              ],
              [
                1.89179137,
                45.79718827
              ],
              [
                1.89173653,
                45.79716252
              ],
              [
                1.891666,
                45.79714832
              ],
              [
                1.89157312,
                45.79715731
              ],
              [
                1.89153157,
                45.79717492
              ],
              [
                1.89141742,
                45.79721702
              ],
              [
                1.89135819,
                45.79721734
              ],
              [
                1.89125869,
                45.79723528
              ],
              [
                1.89117706,
                45.79726149
              ],
              [
                1.89112629,
                45.79728891
              ],
              [
                1.89102281,
                45.79731311
              ],
              [
                1.89096084,
                45.79732151
              ],
              [
                1.89080213,
                45.79733886
              ],
              [
                1.89073032,
                45.79732465
              ],
              [
                1.89056254,
                45.79728067
              ],
              [
                1.89047241,
                45.79721674
              ],
              [
                1.89034836,
                45.79711106
              ],
              [
                1.89028171,
                45.79703205
              ],
              [
                1.89021268,
                45.79694312
              ],
              [
                1.89020476,
                45.796889
              ],
              [
                1.89021382,
                45.79682245
              ],
              [
                1.89022843,
                45.7966722
              ],
              [
                1.89024757,
                45.79648867
              ],
              [
                1.89027923,
                45.79632237
              ],
              [
                1.89028769,
                45.79622159
              ],
              [
                1.89026439,
                45.79616372
              ],
              [
                1.89021678,
                45.79609841
              ],
              [
                1.89013913,
                45.79605442
              ],
              [
                1.88993189,
                45.7959245
              ],
              [
                1.88976801,
                45.79581482
              ],
              [
                1.88965673,
                45.79571466
              ],
              [
                1.88958386,
                45.79562479
              ],
              [
                1.88953435,
                45.79552614
              ],
              [
                1.88950969,
                45.79540792
              ],
              [
                1.88951864,
                45.79528283
              ],
              [
                1.88953637,
                45.79516953
              ],
              [
                1.88955222,
                45.79495715
              ],
              [
                1.88956456,
                45.79479156
              ],
              [
                1.88959674,
                45.794664
              ],
              [
                1.88966452,
                45.7945584
              ],
              [
                1.88976802,
                45.79446936
              ],
              [
                1.8899153,
                45.79437985
              ],
              [
                1.89007501,
                45.79431207
              ],
              [
                1.89027338,
                45.79424288
              ],
              [
                1.89042213,
                45.79420832
              ],
              [
                1.89062338,
                45.79418778
              ],
              [
                1.89081395,
                45.79418605
              ],
              [
                1.89099011,
                45.79419679
              ],
              [
                1.89115552,
                45.79422993
              ],
              [
                1.89128977,
                45.79427628
              ]
            ],
            [
              [
                1.84973228,
                45.80067426
              ],
              [
                1.84975947,
                45.80060519
              ],
              [
                1.84979288,
                45.80054699
              ],
              [
                1.84983381,
                45.80049788
              ],
              [
                1.84989141,
                45.80045253
              ],
              [
                1.8499605,
                45.80041181
              ],
              [
                1.85003069,
                45.8003801
              ],
              [
                1.85011491,
                45.80035484
              ],
              [
                1.85018858,
                45.80034118
              ],
              [
                1.85028146,
                45.80033313
              ],
              [
                1.85036657,
                45.80032679
              ],
              [
                1.85039103,
                45.80032704
              ],
              [
                1.85049664,
                45.80032541
              ],
              [
                1.85058778,
                45.80033895
              ],
              [
                1.85065166,
                45.80036301
              ],
              [
                1.85070882,
                45.80040052
              ],
              [
                1.85077221,
                45.80044799
              ],
              [
                1.85084936,
                45.80051452
              ],
              [
                1.85094277,
                45.80060463
              ],
              [
                1.85102383,
                45.8006694
              ],
              [
                1.85108088,
                45.80071231
              ],
              [
                1.85111733,
                45.800755
              ],
              [
                1.85114589,
                45.80080573
              ],
              [
                1.85117278,
                45.80087445
              ],
              [
                1.85118431,
                45.80093941
              ],
              [
                1.85118839,
                45.80099078
              ],
              [
                1.85115997,
                45.80105713
              ],
              [
                1.85112808,
                45.80110454
              ],
              [
                1.85108478,
                45.80114373
              ],
              [
                1.85088568,
                45.80124437
              ],
              [
                1.85075961,
                45.80130072
              ],
              [
                1.85063645,
                45.80134089
              ],
              [
                1.85058466,
                45.80135478
              ],
              [
                1.8505136,
                45.80136666
              ],
              [
                1.8504505,
                45.80136692
              ],
              [
                1.85033072,
                45.8013684
              ],
              [
                1.85029337,
                45.80136892
              ],
              [
                1.85024602,
                45.80135493
              ],
              [
                1.85019861,
                45.80134364
              ],
              [
                1.85014958,
                45.80134854
              ],
              [
                1.85010798,
                45.80136793
              ],
              [
                1.85006809,
                45.80136663
              ],
              [
                1.85000678,
                45.80134259
              ],
              [
                1.84994058,
                45.80130679
              ],
              [
                1.8498822,
                45.80126567
              ],
              [
                1.84982148,
                45.80121372
              ],
              [
                1.84978005,
                45.80116286
              ],
              [
                1.84974022,
                45.80109671
              ],
              [
                1.84971187,
                45.80103608
              ],
              [
                1.84969768,
                45.8009756
              ],
              [
                1.8496914,
                45.80090619
              ],
              [
                1.84969962,
                45.80082072
              ],
              [
                1.84971019,
                45.80074608
              ],
              [
                1.84973228,
                45.80067426
              ]
            ],
            [
              [
                1.91179314,
                45.79807001
              ],
              [
                1.91192718,
                45.79812804
              ],
              [
                1.91205372,
                45.79817519
              ],
              [
                1.91213291,
                45.79820747
              ],
              [
                1.91218251,
                45.79823857
              ],
              [
                1.91219226,
                45.79826658
              ],
              [
                1.91216568,
                45.79830865
              ],
              [
                1.91211494,
                45.79833518
              ],
              [
                1.91200422,
                45.79833501
              ],
              [
                1.91189459,
                45.79834476
              ],
              [
                1.91184923,
                45.79835964
              ],
              [
                1.91179575,
                45.79839514
              ],
              [
                1.91175088,
                45.79845055
              ],
              [
                1.91175062,
                45.7985289
              ],
              [
                1.91177947,
                45.7985679
              ],
              [
                1.91181492,
                45.79859796
              ],
              [
                1.91180631,
                45.7986429
              ],
              [
                1.91177482,
                45.79867322
              ],
              [
                1.91176513,
                45.79870735
              ],
              [
                1.91178504,
                45.79874266
              ],
              [
                1.9117601,
                45.79876674
              ],
              [
                1.91170482,
                45.7987626
              ],
              [
                1.91161596,
                45.79876355
              ],
              [
                1.91152326,
                45.79876355
              ],
              [
                1.91144027,
                45.79879337
              ],
              [
                1.91135322,
                45.79883306
              ],
              [
                1.91124084,
                45.79885179
              ],
              [
                1.9110888,
                45.79885753
              ],
              [
                1.91091796,
                45.79883697
              ],
              [
                1.91073187,
                45.79880635
              ],
              [
                1.91059619,
                45.79876632
              ],
              [
                1.91047341,
                45.79872461
              ],
              [
                1.91033688,
                45.79866205
              ],
              [
                1.91020075,
                45.79857878
              ],
              [
                1.91008543,
                45.79848581
              ],
              [
                1.91001599,
                45.7984158
              ],
              [
                1.91001184,
                45.79836532
              ],
              [
                1.91003531,
                45.7982854
              ],
              [
                1.91010232,
                45.7982167
              ],
              [
                1.91019468,
                45.79816896
              ],
              [
                1.91029435,
                45.79814201
              ],
              [
                1.91041927,
                45.79814051
              ],
              [
                1.91069328,
                45.79815216
              ],
              [
                1.91092135,
                45.79814266
              ],
              [
                1.91112003,
                45.79812206
              ],
              [
                1.91126748,
                45.79808836
              ],
              [
                1.91137152,
                45.79803533
              ],
              [
                1.91144042,
                45.79800177
              ],
              [
                1.91149479,
                45.79798698
              ],
              [
                1.91158886,
                45.79798249
              ],
              [
                1.91164908,
                45.79799748
              ],
              [
                1.91169882,
                45.79802137
              ],
              [
                1.91179314,
                45.79807001
              ]
            ],
            [
              [
                1.91331515,
                45.79550903
              ],
              [
                1.91341517,
                45.79559465
              ],
              [
                1.91349174,
                45.79569445
              ],
              [
                1.91352153,
                45.79581631
              ],
              [
                1.91359382,
                45.79593768
              ],
              [
                1.91370732,
                45.79612339
              ],
              [
                1.91378966,
                45.79619173
              ],
              [
                1.91389833,
                45.79629634
              ],
              [
                1.913963,
                45.79634649
              ],
              [
                1.91399913,
                45.79634234
              ],
              [
                1.91405974,
                45.79633752
              ],
              [
                1.91412364,
                45.79636155
              ],
              [
                1.9141849,
                45.79638915
              ],
              [
                1.91417567,
                45.79639987
              ],
              [
                1.91405862,
                45.79639424
              ],
              [
                1.9139825,
                45.79640252
              ],
              [
                1.91389114,
                45.79639984
              ],
              [
                1.91372673,
                45.79638024
              ],
              [
                1.91359561,
                45.79636998
              ],
              [
                1.91342471,
                45.79635302
              ],
              [
                1.91336328,
                45.79633442
              ],
              [
                1.91327923,
                45.79628768
              ],
              [
                1.91317097,
                45.7962281
              ],
              [
                1.9130378,
                45.79619079
              ],
              [
                1.91288192,
                45.79613076
              ],
              [
                1.9127928,
                45.79607947
              ],
              [
                1.91274097,
                45.79603124
              ],
              [
                1.91271035,
                45.79595169
              ],
              [
                1.91262336,
                45.79566177
              ],
              [
                1.91258349,
                45.795529
              ],
              [
                1.9125876,
                45.79545069
              ],
              [
                1.91263379,
                45.7953935
              ],
              [
                1.91272324,
                45.79536194
              ],
              [
                1.91281605,
                45.79535653
              ],
              [
                1.91288536,
                45.7953671
              ],
              [
                1.91294997,
                45.79535512
              ],
              [
                1.91300671,
                45.79535026
              ],
              [
                1.91308218,
                45.7953753
              ],
              [
                1.91319703,
                45.79542684
              ],
              [
                1.91331515,
                45.79550903
              ]
            ],
            [
              [
                1.8624121,
                45.79443652
              ],
              [
                1.86244536,
                45.79444676
              ],
              [
                1.86245652,
                45.79446759
              ],
              [
                1.86247682,
                45.79454434
              ],
              [
                1.86250991,
                45.79462573
              ],
              [
                1.86255976,
                45.79470548
              ],
              [
                1.86263271,
                45.79478907
              ],
              [
                1.8627299,
                45.79488371
              ],
              [
                1.8628549,
                45.79500295
              ],
              [
                1.8629162,
                45.79502698
              ],
              [
                1.86299685,
                45.79504941
              ],
              [
                1.86307132,
                45.79505916
              ],
              [
                1.86315723,
                45.79507624
              ],
              [
                1.86324821,
                45.79509697
              ],
              [
                1.86328276,
                45.79510722
              ],
              [
                1.8633685,
                45.7951324
              ],
              [
                1.863472,
                45.79517037
              ],
              [
                1.86358319,
                45.79521021
              ],
              [
                1.86368395,
                45.79525625
              ],
              [
                1.86379606,
                45.79531412
              ],
              [
                1.86387999,
                45.7953645
              ],
              [
                1.86392938,
                45.79540462
              ],
              [
                1.8639671,
                45.79544823
              ],
              [
                1.86399293,
                45.79550703
              ],
              [
                1.86400958,
                45.79557384
              ],
              [
                1.8639931,
                45.7956241
              ],
              [
                1.86395608,
                45.79567146
              ],
              [
                1.86389476,
                45.79571047
              ],
              [
                1.8638338,
                45.79573237
              ],
              [
                1.86378321,
                45.79575077
              ],
              [
                1.86373891,
                45.79577644
              ],
              [
                1.8637088,
                45.79580046
              ],
              [
                1.86370843,
                45.79581847
              ],
              [
                1.86375263,
                45.79586034
              ],
              [
                1.86377924,
                45.79588132
              ],
              [
                1.86378659,
                45.7958994
              ],
              [
                1.8637837,
                45.79591468
              ],
              [
                1.86370165,
                45.79596069
              ],
              [
                1.86367331,
                45.7959613
              ],
              [
                1.86351287,
                45.79581199
              ],
              [
                1.86348998,
                45.79579825
              ],
              [
                1.86344765,
                45.79579062
              ],
              [
                1.86337962,
                45.79578093
              ],
              [
                1.86330925,
                45.79575951
              ],
              [
                1.86323785,
                45.79572547
              ],
              [
                1.86316669,
                45.79567972
              ],
              [
                1.86309425,
                45.79563397
              ],
              [
                1.86301828,
                45.79557196
              ],
              [
                1.8629463,
                45.79550369
              ],
              [
                1.86287323,
                45.79542551
              ],
              [
                1.86281403,
                45.79536187
              ],
              [
                1.86277517,
                45.79531104
              ],
              [
                1.86275811,
                45.79526404
              ],
              [
                1.86275553,
                45.79520188
              ],
              [
                1.86275666,
                45.79514695
              ],
              [
                1.86275501,
                45.79510191
              ],
              [
                1.86273768,
                45.79506841
              ],
              [
                1.86265688,
                45.79499105
              ],
              [
                1.86256341,
                45.79490365
              ],
              [
                1.86248646,
                45.79482632
              ],
              [
                1.86242615,
                45.79475457
              ],
              [
                1.86238372,
                45.7946893
              ],
              [
                1.86234263,
                45.79462134
              ],
              [
                1.86231977,
                45.79454366
              ],
              [
                1.86231497,
                45.79446436
              ],
              [
                1.86231918,
                45.79444729
              ],
              [
                1.86234382,
                45.79443853
              ],
              [
                1.8624121,
                45.79443652
              ]
            ],
            [
              [
                1.89347529,
                45.80368446
              ],
              [
                1.89342994,
                45.80363448
              ],
              [
                1.8934003,
                45.80350721
              ],
              [
                1.89341256,
                45.80340917
              ],
              [
                1.89340492,
                45.80327671
              ],
              [
                1.89341972,
                45.80318049
              ],
              [
                1.89347121,
                45.80311705
              ],
              [
                1.89352747,
                45.80307258
              ],
              [
                1.8935757,
                45.80304333
              ],
              [
                1.89365355,
                45.80301347
              ],
              [
                1.89371817,
                45.8030015
              ],
              [
                1.89381065,
                45.80301321
              ],
              [
                1.89386329,
                45.80302093
              ],
              [
                1.89394247,
                45.80305323
              ],
              [
                1.8940174,
                45.80310529
              ],
              [
                1.89409145,
                45.80313664
              ],
              [
                1.89415909,
                45.80316702
              ],
              [
                1.89420743,
                45.80319631
              ],
              [
                1.89424878,
                45.80325345
              ],
              [
                1.89426723,
                45.80329686
              ],
              [
                1.8942672,
                45.8033626
              ],
              [
                1.89423287,
                45.80346944
              ],
              [
                1.89416918,
                45.80356337
              ],
              [
                1.89411874,
                45.80363853
              ],
              [
                1.89406118,
                45.80368389
              ],
              [
                1.89401823,
                45.80370689
              ],
              [
                1.89391183,
                45.80374727
              ],
              [
                1.89382904,
                45.80376627
              ],
              [
                1.89374491,
                45.80378796
              ],
              [
                1.89366788,
                45.8037764
              ],
              [
                1.89352115,
                45.80370922
              ],
              [
                1.89347529,
                45.80368446
              ]
            ],
            [
              [
                1.897565,
                45.80754652
              ],
              [
                1.89761837,
                45.80758217
              ],
              [
                1.89766155,
                45.80761231
              ],
              [
                1.89767805,
                45.80762418
              ],
              [
                1.89775147,
                45.80768793
              ],
              [
                1.89776241,
                45.80772046
              ],
              [
                1.89776682,
                45.80775743
              ],
              [
                1.89776634,
                45.80778174
              ],
              [
                1.89775679,
                45.80780866
              ],
              [
                1.89773177,
                45.80783634
              ],
              [
                1.89769396,
                45.80785938
              ],
              [
                1.89765251,
                45.80787159
              ],
              [
                1.89752857,
                45.80788749
              ],
              [
                1.89747586,
                45.80788337
              ],
              [
                1.89741944,
                45.80787111
              ],
              [
                1.89737719,
                45.80785899
              ],
              [
                1.89735185,
                45.80783803
              ],
              [
                1.89731162,
                45.80778901
              ],
              [
                1.89728155,
                45.80774729
              ],
              [
                1.89726816,
                45.80770843
              ],
              [
                1.89726741,
                45.80768141
              ],
              [
                1.89726584,
                45.80763096
              ],
              [
                1.89727951,
                45.80759147
              ],
              [
                1.8972994,
                45.80756284
              ],
              [
                1.89735849,
                45.80750578
              ],
              [
                1.89737276,
                45.80750052
              ],
              [
                1.89746021,
                45.80750587
              ],
              [
                1.89749991,
                45.80751707
              ],
              [
                1.897565,
                45.80754652
              ]
            ]
          ],
          [
            [
              [
                1.90278159,
                45.81344389
              ],
              [
                1.90274666,
                45.81345166
              ],
              [
                1.90271136,
                45.81347833
              ],
              [
                1.90266429,
                45.8135139
              ],
              [
                1.90254779,
                45.81360822
              ],
              [
                1.90247569,
                45.81367237
              ],
              [
                1.90234642,
                45.81376117
              ],
              [
                1.90224548,
                45.81385024
              ],
              [
                1.90220276,
                45.81392638
              ],
              [
                1.90217902,
                45.81408375
              ],
              [
                1.90213642,
                45.8143481
              ],
              [
                1.90206348,
                45.81471303
              ],
              [
                1.90199785,
                45.8150339
              ],
              [
                1.9019369,
                45.81531428
              ],
              [
                1.90189696,
                45.81537964
              ],
              [
                1.90188196,
                45.81542182
              ],
              [
                1.90188643,
                45.81545608
              ],
              [
                1.90192682,
                45.815497
              ],
              [
                1.90198046,
                45.81552004
              ],
              [
                1.90204187,
                45.81554045
              ],
              [
                1.9020711,
                45.81556055
              ],
              [
                1.90207823,
                45.81559033
              ],
              [
                1.90207492,
                45.81562723
              ],
              [
                1.90210527,
                45.81565544
              ],
              [
                1.90212442,
                45.81566373
              ],
              [
                1.90216289,
                45.81567221
              ],
              [
                1.90221574,
                45.81567002
              ],
              [
                1.90223134,
                45.81566297
              ],
              [
                1.90223431,
                45.81564318
              ],
              [
                1.90221299,
                45.81561416
              ],
              [
                1.90220319,
                45.81558885
              ],
              [
                1.90221755,
                45.81557908
              ],
              [
                1.90225246,
                45.81557222
              ],
              [
                1.90231273,
                45.81558541
              ],
              [
                1.90238598,
                45.81559333
              ],
              [
                1.90241817,
                45.81559364
              ],
              [
                1.90252332,
                45.81555233
              ],
              [
                1.90265999,
                45.81547982
              ],
              [
                1.90274782,
                45.81540232
              ],
              [
                1.90288145,
                45.81528834
              ],
              [
                1.90302388,
                45.81512042
              ],
              [
                1.90310543,
                45.81503475
              ],
              [
                1.90318112,
                45.81492022
              ],
              [
                1.90317948,
                45.81487337
              ],
              [
                1.90315252,
                45.81480376
              ],
              [
                1.90310375,
                45.81473034
              ],
              [
                1.90301035,
                45.81463488
              ],
              [
                1.90293127,
                45.81453144
              ],
              [
                1.90287393,
                45.81443542
              ],
              [
                1.90285032,
                45.81439197
              ],
              [
                1.90282547,
                45.8143467
              ],
              [
                1.90280511,
                45.81426905
              ],
              [
                1.90280753,
                45.81421233
              ],
              [
                1.90281949,
                45.8141287
              ],
              [
                1.90283618,
                45.81400188
              ],
              [
                1.90285054,
                45.81386243
              ],
              [
                1.9028776,
                45.81373211
              ],
              [
                1.90289663,
                45.81361702
              ],
              [
                1.90290187,
                45.81354772
              ],
              [
                1.90289865,
                45.81351527
              ],
              [
                1.90287228,
                45.81348169
              ],
              [
                1.90284933,
                45.81346976
              ],
              [
                1.9028251,
                45.81345782
              ],
              [
                1.90278159,
                45.81344389
              ]
            ]
          ]
        ]
      },
      "properties": {
        "toponyme": "Lac de Vassivière",
        "nature": "Retenue-barrage",
        "cleabs": "PLANDEAU0000002000779361"
      }
    }
  ]
}
