lon,lat,depth_m,timestamp
1.871320,45.793280,20.10,2009-04-22T12:00:00+00:00
1.871290,45.780790,6.30,2009-04-22T12:00:00+00:00
1.871290,45.789680,17.80,2009-04-22T12:00:00+00:00
1.871290,45.795570,20.70,2009-04-22T12:00:00+00:00
1.871290,45.805130,10.30,2009-04-22T12:00:00+00:00
1.871300,45.780470,0.80,2009-04-22T12:00:00+00:00
1.871300,45.784310,12.20,2009-04-22T12:00:00+00:00
1.870950,45.802340,3.40,2009-04-22T12:00:00+00:00
1.871300,45.802350,5.60,2009-04-22T12:00:00+00:00
1.871280,45.785400,2.20,2009-04-22T12:00:00+00:00
1.871320,45.809940,16.70,2009-04-22T12:00:00+00:00
1.871320,45.813400,3.20,2009-04-22T12:00:00+00:00
1.871320,45.813590,2.10,2009-04-22T12:00:00+00:00
1.871330,45.780500,0.90,2009-04-22T12:00:00+00:00
1.871330,45.790640,18.50,2009-04-22T12:00:00+00:00
1.871350,45.782420,10.10,2009-04-22T12:00:00+00:00
1.871350,45.785340,2.50,2009-04-22T12:00:00+00:00
1.871300,45.793820,20.60,2009-04-22T12:00:00+00:00
1.871250,45.790560,18.50,2009-04-22T12:00:00+00:00
1.871210,45.784370,12.10,2009-04-22T12:00:00+00:00
1.871220,45.780850,7.60,2009-04-22T12:00:00+00:00
1.871220,45.793430,20.40,2009-04-22T12:00:00+00:00
1.871220,45.793740,20.10,2009-04-22T12:00:00+00:00
1.871220,45.797960,21.80,2009-04-22T12:00:00+00:00
1.871220,45.801200,10.90,2009-04-22T12:00:00+00:00
1.871220,45.810000,16.80,2009-04-22T12:00:00+00:00
1.871280,45.801150,14.10,2009-04-22T12:00:00+00:00
1.871240,45.780420,0.80,2009-04-22T12:00:00+00:00
1.871280,45.793360,20.20,2009-04-22T12:00:00+00:00
1.871250,45.791600,19.40,2009-04-22T12:00:00+00:00
1.871250,45.806060,18.90,2009-04-22T12:00:00+00:00
1.871260,45.813510,2.40,2009-04-22T12:00:00+00:00
1.871280,45.780450,0.80,2009-04-22T12:00:00+00:00
1.871280,45.782350,10.10,2009-04-22T12:00:00+00:00
1.871280,45.783120,10.90,2009-04-22T12:00:00+00:00
1.871360,45.801090,16.40,2009-04-22T12:00:00+00:00
1.871220,45.813430,2.80,2009-04-22T12:00:00+00:00
1.871470,45.806090,21.60,2009-04-22T12:00:00+00:00
1.871350,45.797960,21.80,2009-04-22T12:00:00+00:00
1.871430,45.782480,10.30,2009-04-22T12:00:00+00:00
1.871430,45.785300,3.00,2009-04-22T12:00:00+00:00
1.871440,45.801020,18.30,2009-04-22T12:00:00+00:00
1.871450,45.813420,3.50,2009-04-22T12:00:00+00:00
1.871460,45.790800,18.80,2009-04-22T12:00:00+00:00
1.871460,45.793040,20.00,2009-04-22T12:00:00+00:00
1.871420,45.809890,16.30,2009-04-22T12:00:00+00:00
1.871470,45.797960,21.70,2009-04-22T12:00:00+00:00
1.871420,45.793120,19.80,2009-04-22T12:00:00+00:00
1.871480,45.784190,12.20,2009-04-22T12:00:00+00:00
1.871480,45.791680,18.40,2009-04-22T12:00:00+00:00
1.871480,45.813840,1.50,2009-04-22T12:00:00+00:00
1.871500,45.789730,17.40,2009-04-22T12:00:00+00:00
1.871500,45.792960,19.90,2009-04-22T12:00:00+00:00
1.871500,45.795620,20.60,2009-04-22T12:00:00+00:00
1.871500,45.800950,19.60,2009-04-22T12:00:00+00:00
1.871460,45.793940,20.60,2009-04-22T12:00:00+00:00
1.871390,45.784240,12.10,2009-04-22T12:00:00+00:00
1.871200,45.785450,2.00,2009-04-22T12:00:00+00:00
1.871360,45.806080,20.20,2009-04-22T12:00:00+00:00
1.871370,45.780690,3.20,2009-04-22T12:00:00+00:00
1.871370,45.791630,19.00,2009-04-22T12:00:00+00:00
1.871370,45.813670,1.90,2009-04-22T12:00:00+00:00
1.871380,45.793200,20.20,2009-04-22T12:00:00+00:00
1.871380,45.793880,20.40,2009-04-22T12:00:00+00:00
1.871420,45.813760,1.70,2009-04-22T12:00:00+00:00
1.871390,45.780660,2.00,2009-04-22T12:00:00+00:00
1.871360,45.780760,5.00,2009-04-22T12:00:00+00:00
1.871390,45.789710,17.60,2009-04-22T12:00:00+00:00
1.871400,45.780590,1.60,2009-04-22T12:00:00+00:00
1.871400,45.783090,10.70,2009-04-22T12:00:00+00:00
1.871400,45.790720,18.60,2009-04-22T12:00:00+00:00
1.871400,45.795590,20.50,2009-04-22T12:00:00+00:00
1.871400,45.805090,10.80,2009-04-22T12:00:00+00:00
1.871410,45.802350,6.20,2009-04-22T12:00:00+00:00
1.871390,45.780540,1.10,2009-04-22T12:00:00+00:00
1.871060,45.785550,1.80,2009-04-22T12:00:00+00:00
1.871080,45.780350,0.90,2009-04-22T12:00:00+00:00
1.871030,45.780300,0.50,2009-04-22T12:00:00+00:00
1.871030,45.791530,19.90,2009-04-22T12:00:00+00:00
1.871040,45.783180,11.20,2009-04-22T12:00:00+00:00
1.871040,45.784500,12.00,2009-04-22T12:00:00+00:00
1.871040,45.802330,3.90,2009-04-22T12:00:00+00:00
1.871040,45.806040,17.00,2009-04-22T12:00:00+00:00
1.871020,45.793640,20.80,2009-04-22T12:00:00+00:00
1.871060,45.780330,1.00,2009-04-22T12:00:00+00:00
1.871010,45.781030,9.50,2009-04-22T12:00:00+00:00
1.871060,45.789630,17.50,2009-04-22T12:00:00+00:00
1.871060,45.790350,18.10,2009-04-22T12:00:00+00:00
1.871060,45.793610,20.30,2009-04-22T12:00:00+00:00
1.871060,45.801320,6.80,2009-04-22T12:00:00+00:00
1.871070,45.782170,10.20,2009-04-22T12:00:00+00:00
1.871070,45.795490,20.40,2009-04-22T12:00:00+00:00
1.871200,45.813380,3.00,2009-04-22T12:00:00+00:00
1.871040,45.813100,3.60,2009-04-22T12:00:00+00:00
1.870990,45.801390,5.30,2009-04-22T12:00:00+00:00
1.875040,45.807080,1.30,2009-04-22T12:00:00+00:00
1.870960,45.784560,11.20,2009-04-22T12:00:00+00:00
1.870960,45.793720,21.80,2009-04-22T12:00:00+00:00
1.870960,45.795460,20.00,2009-04-22T12:00:00+00:00
1.870960,45.813350,2.40,2009-04-22T12:00:00+00:00
1.870980,45.793540,20.00,2009-04-22T12:00:00+00:00
1.870990,45.780220,0.70,2009-04-22T12:00:00+00:00
1.871030,45.780260,0.60,2009-04-22T12:00:00+00:00
1.870990,45.797970,21.20,2009-04-22T12:00:00+00:00
1.871080,45.780960,9.30,2009-04-22T12:00:00+00:00
1.870990,45.805260,9.30,2009-04-22T12:00:00+00:00
1.870990,45.813010,4.60,2009-04-22T12:00:00+00:00
1.871000,45.782110,10.20,2009-04-22T12:00:00+00:00
1.871000,45.790280,18.40,2009-04-22T12:00:00+00:00
1.871000,45.810090,16.50,2009-04-22T12:00:00+00:00
1.871000,45.811900,3.20,2009-04-22T12:00:00+00:00
1.871000,45.812560,6.10,2009-04-22T12:00:00+00:00
1.870990,45.785600,2.60,2009-04-22T12:00:00+00:00
1.871180,45.789670,17.90,2009-04-22T12:00:00+00:00
1.871070,45.812490,4.70,2009-04-22T12:00:00+00:00
1.871140,45.812410,1.50,2009-04-22T12:00:00+00:00
1.871150,45.780400,1.00,2009-04-22T12:00:00+00:00
1.871150,45.780910,8.20,2009-04-22T12:00:00+00:00
1.871160,45.783140,10.80,2009-04-22T12:00:00+00:00
1.871160,45.793510,20.10,2009-04-22T12:00:00+00:00
1.871160,45.812190,3.60,2009-04-22T12:00:00+00:00
1.871140,45.806050,18.00,2009-04-22T12:00:00+00:00
1.871170,45.813350,3.50,2009-04-22T12:00:00+00:00
1.871140,45.802340,4.40,2009-04-22T12:00:00+00:00
1.871180,45.795530,20.70,2009-04-22T12:00:00+00:00
1.871180,45.805180,10.10,2009-04-22T12:00:00+00:00
1.871190,45.790500,18.50,2009-04-22T12:00:00+00:00
1.871190,45.812340,0.60,2009-04-22T12:00:00+00:00
1.871200,45.780410,0.90,2009-04-22T12:00:00+00:00
1.871200,45.782280,10.10,2009-04-22T12:00:00+00:00
1.871520,45.783080,10.40,2009-04-22T12:00:00+00:00
1.871170,45.812270,0.90,2009-04-22T12:00:00+00:00
1.871130,45.784430,11.90,2009-04-22T12:00:00+00:00
1.871080,45.813180,3.90,2009-04-22T12:00:00+00:00
1.871080,45.813370,2.90,2009-04-22T12:00:00+00:00
1.871090,45.793580,20.50,2009-04-22T12:00:00+00:00
1.871090,45.805220,9.90,2009-04-22T12:00:00+00:00
1.871090,45.811960,0.90,2009-04-22T12:00:00+00:00
1.871110,45.797960,21.40,2009-04-22T12:00:00+00:00
1.871110,45.810050,16.80,2009-04-22T12:00:00+00:00
1.871140,45.812120,0.60,2009-04-22T12:00:00+00:00
1.871120,45.790420,18.40,2009-04-22T12:00:00+00:00
1.871200,45.802350,5.30,2009-04-22T12:00:00+00:00
1.871130,45.812040,0.80,2009-04-22T12:00:00+00:00
1.871130,45.813260,3.70,2009-04-22T12:00:00+00:00
1.871140,45.782240,10.30,2009-04-22T12:00:00+00:00
1.871140,45.785490,1.80,2009-04-22T12:00:00+00:00
1.871140,45.791560,20.50,2009-04-22T12:00:00+00:00
1.871140,45.793680,20.00,2009-04-22T12:00:00+00:00
1.871140,45.801270,8.90,2009-04-22T12:00:00+00:00
1.871120,45.780380,1.00,2009-04-22T12:00:00+00:00
1.872050,45.782990,8.10,2009-04-22T12:00:00+00:00
1.872070,45.800400,22.10,2009-04-22T12:00:00+00:00
1.872000,45.792270,19.00,2009-04-22T12:00:00+00:00
1.872000,45.800480,22.10,2009-04-22T12:00:00+00:00
1.872010,45.783020,9.30,2009-04-22T12:00:00+00:00
1.872010,45.791410,15.80,2009-04-22T12:00:00+00:00
1.872020,45.785080,10.90,2009-04-22T12:00:00+00:00
1.872020,45.789900,15.20,2009-04-22T12:00:00+00:00
1.871980,45.794340,19.90,2009-04-22T12:00:00+00:00
1.872030,45.806160,22.80,2009-04-22T12:00:00+00:00
1.871980,45.782920,8.90,2009-04-22T12:00:00+00:00
1.872050,45.783840,8.80,2009-04-22T12:00:00+00:00
1.872050,45.792190,18.90,2009-04-22T12:00:00+00:00
1.872050,45.795790,21.00,2009-04-22T12:00:00+00:00
1.872050,45.804870,17.20,2009-04-22T12:00:00+00:00
1.872050,45.814100,1.40,2009-04-22T12:00:00+00:00
1.872060,45.798020,22.10,2009-04-22T12:00:00+00:00
1.871890,45.783040,9.70,2009-04-22T12:00:00+00:00
1.872020,45.791920,16.90,2009-04-22T12:00:00+00:00
1.871940,45.798000,22.00,2009-04-22T12:00:00+00:00
1.871500,45.805060,11.60,2009-04-22T12:00:00+00:00
1.871900,45.794270,19.90,2009-04-22T12:00:00+00:00
1.871910,45.782860,9.50,2009-04-22T12:00:00+00:00
1.871910,45.791870,17.60,2009-04-22T12:00:00+00:00
1.871920,45.785110,9.20,2009-04-22T12:00:00+00:00
1.871920,45.789880,16.00,2009-04-22T12:00:00+00:00
1.871920,45.806150,22.90,2009-04-22T12:00:00+00:00
1.871980,45.814170,1.10,2009-04-22T12:00:00+00:00
1.871940,45.792340,19.30,2009-04-22T12:00:00+00:00
1.872070,45.813460,2.20,2009-04-22T12:00:00+00:00
1.871940,45.800540,22.00,2009-04-22T12:00:00+00:00
1.871940,45.804910,16.20,2009-04-22T12:00:00+00:00
1.871940,45.813460,2.50,2009-04-22T12:00:00+00:00
1.871950,45.783900,10.50,2009-04-22T12:00:00+00:00
1.871950,45.795760,20.70,2009-04-22T12:00:00+00:00
1.871960,45.802440,11.20,2009-04-22T12:00:00+00:00
1.871960,45.809680,6.10,2009-04-22T12:00:00+00:00
1.871940,45.791330,16.20,2009-04-22T12:00:00+00:00
1.872230,45.785040,12.80,2009-04-22T12:00:00+00:00
1.872070,45.794400,20.10,2009-04-22T12:00:00+00:00
1.872200,45.783120,6.80,2009-04-22T12:00:00+00:00
1.872200,45.802460,13.70,2009-04-22T12:00:00+00:00
1.872200,45.813470,1.90,2009-04-22T12:00:00+00:00
1.872200,45.813960,1.60,2009-04-22T12:00:00+00:00
1.872210,45.791600,14.40,2009-04-22T12:00:00+00:00
1.872210,45.792040,15.50,2009-04-22T12:00:00+00:00
1.872180,45.798040,23.50,2009-04-22T12:00:00+00:00
1.872220,45.800270,22.60,2009-04-22T12:00:00+00:00
1.872170,45.792040,17.10,2009-04-22T12:00:00+00:00
1.872240,45.782970,7.80,2009-04-22T12:00:00+00:00
1.872240,45.783730,7.70,2009-04-22T12:00:00+00:00
1.872240,45.789970,11.70,2009-04-22T12:00:00+00:00
1.872240,45.794530,20.00,2009-04-22T12:00:00+00:00
1.872260,45.783190,6.10,2009-04-22T12:00:00+00:00
1.872260,45.806190,23.80,2009-04-22T12:00:00+00:00
1.872270,45.795880,22.50,2009-04-22T12:00:00+00:00
1.872220,45.791970,16.30,2009-04-22T12:00:00+00:00
1.872130,45.791530,14.90,2009-04-22T12:00:00+00:00
1.872080,45.791480,15.20,2009-04-22T12:00:00+00:00
1.872080,45.802450,12.40,2009-04-22T12:00:00+00:00
1.872080,45.809640,4.30,2009-04-22T12:00:00+00:00
1.872100,45.792120,17.20,2009-04-22T12:00:00+00:00
1.872120,45.783000,8.60,2009-04-22T12:00:00+00:00
1.872120,45.783060,7.60,2009-04-22T12:00:00+00:00
1.872120,45.791980,16.20,2009-04-22T12:00:00+00:00
1.872190,45.809600,2.90,2009-04-22T12:00:00+00:00
1.872130,45.789940,13.60,2009-04-22T12:00:00+00:00
1.871870,45.792410,19.30,2009-04-22T12:00:00+00:00
1.872130,45.814020,1.60,2009-04-22T12:00:00+00:00
1.872140,45.800340,22.80,2009-04-22T12:00:00+00:00
1.872150,45.783780,8.20,2009-04-22T12:00:00+00:00
1.872150,45.794460,20.10,2009-04-22T12:00:00+00:00
1.872150,45.806170,23.00,2009-04-22T12:00:00+00:00
1.872160,45.795830,22.00,2009-04-22T12:00:00+00:00
1.872160,45.804840,18.00,2009-04-22T12:00:00+00:00
1.872130,45.785060,12.40,2009-04-22T12:00:00+00:00
1.871640,45.783060,10.10,2009-04-22T12:00:00+00:00
1.871670,45.792640,19.40,2009-04-22T12:00:00+00:00
1.871610,45.814090,1.30,2009-04-22T12:00:00+00:00
1.871610,45.814260,1.30,2009-04-22T12:00:00+00:00
1.871610,45.814320,1.10,2009-04-22T12:00:00+00:00
1.871620,45.785210,4.90,2009-04-22T12:00:00+00:00
1.871620,45.792720,19.30,2009-04-22T12:00:00+00:00
1.871620,45.814180,1.40,2009-04-22T12:00:00+00:00
1.871600,45.789770,17.60,2009-04-22T12:00:00+00:00
1.871630,45.802380,8.00,2009-04-22T12:00:00+00:00
1.871600,45.782600,9.90,2009-04-22T12:00:00+00:00
1.871640,45.794060,20.40,2009-04-22T12:00:00+00:00
1.871640,45.809800,15.00,2009-04-22T12:00:00+00:00
1.871650,45.791040,17.70,2009-04-22T12:00:00+00:00
1.871660,45.800820,20.80,2009-04-22T12:00:00+00:00
1.871660,45.814380,0.80,2009-04-22T12:00:00+00:00
1.871670,45.782660,10.30,2009-04-22T12:00:00+00:00
1.871890,45.814230,0.80,2009-04-22T12:00:00+00:00
1.871630,45.795650,20.60,2009-04-22T12:00:00+00:00
1.871580,45.792800,19.50,2009-04-22T12:00:00+00:00
1.870950,45.789600,18.00,2009-04-22T12:00:00+00:00
1.871520,45.785260,4.00,2009-04-22T12:00:00+00:00
1.871520,45.802360,6.70,2009-04-22T12:00:00+00:00
1.871530,45.790870,18.40,2009-04-22T12:00:00+00:00
1.871530,45.809840,15.90,2009-04-22T12:00:00+00:00
1.871540,45.813920,1.60,2009-04-22T12:00:00+00:00
1.871550,45.792880,19.90,2009-04-22T12:00:00+00:00
1.871610,45.805020,12.70,2009-04-22T12:00:00+00:00
1.871580,45.784120,11.90,2009-04-22T12:00:00+00:00
1.871690,45.791770,17.80,2009-04-22T12:00:00+00:00
1.871580,45.800890,20.40,2009-04-22T12:00:00+00:00
1.871580,45.806100,22.60,2009-04-22T12:00:00+00:00
1.871580,45.813430,3.10,2009-04-22T12:00:00+00:00
1.871580,45.814010,1.50,2009-04-22T12:00:00+00:00
1.871590,45.790960,18.20,2009-04-22T12:00:00+00:00
1.871590,45.791720,17.40,2009-04-22T12:00:00+00:00
1.871590,45.797970,21.90,2009-04-22T12:00:00+00:00
1.871550,45.794000,20.70,2009-04-22T12:00:00+00:00
1.871830,45.804950,15.40,2009-04-22T12:00:00+00:00
1.871670,45.784070,11.50,2009-04-22T12:00:00+00:00
1.871800,45.800680,21.40,2009-04-22T12:00:00+00:00
1.871800,45.806140,22.40,2009-04-22T12:00:00+00:00
1.871800,45.814280,0.50,2009-04-22T12:00:00+00:00
1.871820,45.785140,7.70,2009-04-22T12:00:00+00:00
1.871820,45.789840,16.70,2009-04-22T12:00:00+00:00
1.871820,45.794200,20.00,2009-04-22T12:00:00+00:00
1.871800,45.791820,17.50,2009-04-22T12:00:00+00:00
1.871830,45.797990,21.90,2009-04-22T12:00:00+00:00
1.871770,45.791190,16.70,2009-04-22T12:00:00+00:00
1.871840,45.782790,10.10,2009-04-22T12:00:00+00:00
1.871840,45.795710,20.90,2009-04-22T12:00:00+00:00
1.871850,45.802420,10.00,2009-04-22T12:00:00+00:00
1.871850,45.809720,9.60,2009-04-22T12:00:00+00:00
1.871860,45.783960,10.80,2009-04-22T12:00:00+00:00
1.871860,45.791260,16.00,2009-04-22T12:00:00+00:00
1.871860,45.800610,20.60,2009-04-22T12:00:00+00:00
1.871820,45.813450,2.60,2009-04-22T12:00:00+00:00
1.871730,45.800750,21.00,2009-04-22T12:00:00+00:00
1.871690,45.806120,22.70,2009-04-22T12:00:00+00:00
1.871690,45.813440,2.80,2009-04-22T12:00:00+00:00
1.871710,45.789800,16.30,2009-04-22T12:00:00+00:00
1.871710,45.791110,17.50,2009-04-22T12:00:00+00:00
1.871710,45.797970,22.10,2009-04-22T12:00:00+00:00
1.871720,45.785170,6.00,2009-04-22T12:00:00+00:00
1.871720,45.804990,13.90,2009-04-22T12:00:00+00:00
1.871800,45.792480,19.50,2009-04-22T12:00:00+00:00
1.871730,45.794140,20.20,2009-04-22T12:00:00+00:00
1.871510,45.782540,10.20,2009-04-22T12:00:00+00:00
1.871740,45.795680,20.80,2009-04-22T12:00:00+00:00
1.871740,45.802400,9.00,2009-04-22T12:00:00+00:00
1.871750,45.809760,12.20,2009-04-22T12:00:00+00:00
1.871750,45.814350,8.00,2009-04-22T12:00:00+00:00
1.871760,45.782730,9.90,2009-04-22T12:00:00+00:00
1.871760,45.783060,10.20,2009-04-22T12:00:00+00:00
1.871760,45.784010,11.30,2009-04-22T12:00:00+00:00
1.871730,45.792560,19.60,2009-04-22T12:00:00+00:00
1.870200,45.785330,5.30,2009-04-22T12:00:00+00:00
1.870170,45.789450,16.90,2009-04-22T12:00:00+00:00
1.870170,45.792890,21.40,2009-04-22T12:00:00+00:00
1.870170,45.794580,16.80,2009-04-22T12:00:00+00:00
1.870170,45.811530,10.40,2009-04-22T12:00:00+00:00
1.870180,45.778430,4.20,2009-04-22T12:00:00+00:00
1.870180,45.789660,20.20,2009-04-22T12:00:00+00:00
1.870950,45.812930,4.30,2009-04-22T12:00:00+00:00
1.870200,45.783310,12.00,2009-04-22T12:00:00+00:00
1.870160,45.785410,5.40,2009-04-22T12:00:00+00:00
1.870220,45.795200,16.80,2009-04-22T12:00:00+00:00
1.870220,45.811580,10.60,2009-04-22T12:00:00+00:00
1.870230,45.777920,2.20,2009-04-22T12:00:00+00:00
1.870230,45.780280,10.00,2009-04-22T12:00:00+00:00
1.870230,45.781680,11.30,2009-04-22T12:00:00+00:00
1.870240,45.791300,21.50,2009-04-22T12:00:00+00:00
1.870240,45.794510,17.20,2009-04-22T12:00:00+00:00
1.870180,45.811500,10.90,2009-04-22T12:00:00+00:00
1.870130,45.780310,9.90,2009-04-22T12:00:00+00:00
1.870080,45.792830,20.80,2009-04-22T12:00:00+00:00
1.870090,45.789600,17.50,2009-04-22T12:00:00+00:00
1.870100,45.778490,4.90,2009-04-22T12:00:00+00:00
1.870100,45.785720,7.30,2009-04-22T12:00:00+00:00
1.870100,45.794650,16.00,2009-04-22T12:00:00+00:00
1.870100,45.811320,11.00,2009-04-22T12:00:00+00:00
1.870110,45.785630,7.40,2009-04-22T12:00:00+00:00
1.870160,45.798110,17.20,2009-04-22T12:00:00+00:00
1.870120,45.791260,20.40,2009-04-22T12:00:00+00:00
1.870160,45.786110,2.30,2009-04-22T12:00:00+00:00
1.870130,45.785550,7.30,2009-04-22T12:00:00+00:00
1.870140,45.777880,2.40,2009-04-22T12:00:00+00:00
1.870140,45.811410,11.00,2009-04-22T12:00:00+00:00
1.870150,45.781750,11.40,2009-04-22T12:00:00+00:00
1.870150,45.785480,6.60,2009-04-22T12:00:00+00:00
1.870150,45.810460,8.00,2009-04-22T12:00:00+00:00
1.870250,45.810420,9.50,2009-04-22T12:00:00+00:00
1.870110,45.795160,16.40,2009-04-22T12:00:00+00:00
1.870360,45.811930,9.10,2009-04-22T12:00:00+00:00
1.870250,45.778370,3.50,2009-04-22T12:00:00+00:00
1.870340,45.789770,18.60,2009-04-22T12:00:00+00:00
1.870340,45.791330,20.50,2009-04-22T12:00:00+00:00
1.870340,45.793030,20.20,2009-04-22T12:00:00+00:00
1.870350,45.805760,1.20,2009-04-22T12:00:00+00:00
1.870350,45.805780,1.50,2009-04-22T12:00:00+00:00
1.870360,45.781570,11.60,2009-04-22T12:00:00+00:00
1.870330,45.811840,9.60,2009-04-22T12:00:00+00:00
1.870360,45.805860,2.30,2009-04-22T12:00:00+00:00
1.870330,45.783300,12.10,2009-04-22T12:00:00+00:00
1.870370,45.786100,0.80,2009-04-22T12:00:00+00:00
1.870370,45.805900,4.10,2009-04-22T12:00:00+00:00
1.870380,45.778020,1.70,2009-04-22T12:00:00+00:00
1.870380,45.778250,2.20,2009-04-22T12:00:00+00:00
1.870380,45.780240,7.40,2009-04-22T12:00:00+00:00
1.870390,45.781560,10.90,2009-04-22T12:00:00+00:00
1.870390,45.798040,20.80,2009-04-22T12:00:00+00:00
1.870360,45.794370,18.10,2009-04-22T12:00:00+00:00
1.870290,45.811570,10.10,2009-04-22T12:00:00+00:00
1.870080,45.783320,12.20,2009-04-22T12:00:00+00:00
1.870260,45.781500,11.20,2009-04-22T12:00:00+00:00
1.870260,45.789710,18.90,2009-04-22T12:00:00+00:00
1.870260,45.792960,21.20,2009-04-22T12:00:00+00:00
1.870260,45.811670,10.00,2009-04-22T12:00:00+00:00
1.870270,45.786130,1.00,2009-04-22T12:00:00+00:00
1.870270,45.798080,20.20,2009-04-22T12:00:00+00:00
1.870340,45.785100,7.10,2009-04-22T12:00:00+00:00
1.870290,45.789470,19.40,2009-04-22T12:00:00+00:00
1.870250,45.785250,5.90,2009-04-22T12:00:00+00:00
1.870290,45.811760,9.70,2009-04-22T12:00:00+00:00
1.870300,45.794440,17.70,2009-04-22T12:00:00+00:00
1.870310,45.780250,8.80,2009-04-22T12:00:00+00:00
1.870310,45.781620,11.20,2009-04-22T12:00:00+00:00
1.870320,45.777970,2.00,2009-04-22T12:00:00+00:00
1.870320,45.778320,2.90,2009-04-22T12:00:00+00:00
1.870320,45.795240,17.00,2009-04-22T12:00:00+00:00
1.870290,45.785170,6.30,2009-04-22T12:00:00+00:00
1.869830,45.798220,11.40,2009-04-22T12:00:00+00:00
1.869890,45.789380,4.80,2009-04-22T12:00:00+00:00
1.869800,45.791140,19.60,2009-04-22T12:00:00+00:00
1.869820,45.782000,11.10,2009-04-22T12:00:00+00:00
1.869820,45.789310,3.20,2009-04-22T12:00:00+00:00
1.869820,45.789390,6.50,2009-04-22T12:00:00+00:00
1.869820,45.795030,14.90,2009-04-22T12:00:00+00:00
1.869820,45.810620,5.50,2009-04-22T12:00:00+00:00
1.869790,45.781230,10.80,2009-04-22T12:00:00+00:00
1.869830,45.783360,12.10,2009-04-22T12:00:00+00:00
1.869780,45.810840,5.30,2009-04-22T12:00:00+00:00
1.869830,45.810910,5.80,2009-04-22T12:00:00+00:00
1.869830,45.811420,8.70,2009-04-22T12:00:00+00:00
1.869840,45.792620,18.90,2009-04-22T12:00:00+00:00
1.869860,45.777740,2.20,2009-04-22T12:00:00+00:00
1.869860,45.780400,10.60,2009-04-22T12:00:00+00:00
1.869880,45.781290,11.20,2009-04-22T12:00:00+00:00
1.870080,45.786050,4.30,2009-04-22T12:00:00+00:00
1.869830,45.778660,6.10,2009-04-22T12:00:00+00:00
1.869720,45.811380,8.00,2009-04-22T12:00:00+00:00
1.869680,45.791110,19.10,2009-04-22T12:00:00+00:00
1.869690,45.789370,5.80,2009-04-22T12:00:00+00:00
1.869700,45.795250,14.50,2009-04-22T12:00:00+00:00
1.869710,45.781160,10.60,2009-04-22T12:00:00+00:00
1.869710,45.783380,12.00,2009-04-22T12:00:00+00:00
1.869710,45.789180,1.40,2009-04-22T12:00:00+00:00
1.869710,45.810660,3.80,2009-04-22T12:00:00+00:00
1.869790,45.795080,14.80,2009-04-22T12:00:00+00:00
1.869720,45.810750,4.60,2009-04-22T12:00:00+00:00
1.869890,45.810990,7.40,2009-04-22T12:00:00+00:00
1.869730,45.795160,14.50,2009-04-22T12:00:00+00:00
1.869740,45.782070,11.10,2009-04-22T12:00:00+00:00
1.869750,45.792560,18.80,2009-04-22T12:00:00+00:00
1.869760,45.780450,10.10,2009-04-22T12:00:00+00:00
1.869770,45.777690,2.10,2009-04-22T12:00:00+00:00
1.869770,45.789240,2.20,2009-04-22T12:00:00+00:00
1.869780,45.795060,14.60,2009-04-22T12:00:00+00:00
1.869720,45.798260,7.20,2009-04-22T12:00:00+00:00
1.870060,45.785890,6.60,2009-04-22T12:00:00+00:00
1.869880,45.794950,14.60,2009-04-22T12:00:00+00:00
1.870000,45.811160,9.50,2009-04-22T12:00:00+00:00
1.870010,45.778540,5.40,2009-04-22T12:00:00+00:00
1.870010,45.791220,20.00,2009-04-22T12:00:00+00:00
1.870040,45.794720,15.80,2009-04-22T12:00:00+00:00
1.870040,45.810520,6.70,2009-04-22T12:00:00+00:00
1.870050,45.777830,2.40,2009-04-22T12:00:00+00:00
1.870000,45.792760,20.50,2009-04-22T12:00:00+00:00
1.870060,45.780330,10.10,2009-04-22T12:00:00+00:00
1.870000,45.789530,12.70,2009-04-22T12:00:00+00:00
1.870060,45.785980,5.80,2009-04-22T12:00:00+00:00
1.870060,45.798140,16.20,2009-04-22T12:00:00+00:00
1.870060,45.811240,10.30,2009-04-22T12:00:00+00:00
1.870070,45.781400,11.40,2009-04-22T12:00:00+00:00
1.870070,45.781810,11.40,2009-04-22T12:00:00+00:00
1.870070,45.811500,10.40,2009-04-22T12:00:00+00:00
1.870400,45.789480,18.80,2009-04-22T12:00:00+00:00
1.870050,45.789440,13.90,2009-04-22T12:00:00+00:00
1.869950,45.798190,14.30,2009-04-22T12:00:00+00:00
1.869900,45.781940,11.20,2009-04-22T12:00:00+00:00
1.869900,45.791180,19.80,2009-04-22T12:00:00+00:00
1.869900,45.795090,15.20,2009-04-22T12:00:00+00:00
1.869920,45.778600,5.90,2009-04-22T12:00:00+00:00
1.869920,45.792700,19.50,2009-04-22T12:00:00+00:00
1.869930,45.789410,9.80,2009-04-22T12:00:00+00:00
1.869930,45.794880,15.10,2009-04-22T12:00:00+00:00
1.870000,45.795120,16.00,2009-04-22T12:00:00+00:00
1.869940,45.811460,10.10,2009-04-22T12:00:00+00:00
1.870080,45.785810,7.10,2009-04-22T12:00:00+00:00
1.869950,45.811070,8.60,2009-04-22T12:00:00+00:00
1.869960,45.777790,2.40,2009-04-22T12:00:00+00:00
1.869960,45.780360,10.50,2009-04-22T12:00:00+00:00
1.869960,45.783340,12.20,2009-04-22T12:00:00+00:00
1.869970,45.781350,11.40,2009-04-22T12:00:00+00:00
1.869980,45.781870,11.20,2009-04-22T12:00:00+00:00
1.869980,45.794800,15.30,2009-04-22T12:00:00+00:00
1.869940,45.789460,7.60,2009-04-22T12:00:00+00:00
1.870780,45.781230,10.20,2009-04-22T12:00:00+00:00
1.870810,45.783230,11.50,2009-04-22T12:00:00+00:00
1.870750,45.797990,20.90,2009-04-22T12:00:00+00:00
1.870750,45.802280,2.50,2009-04-22T12:00:00+00:00
1.870750,45.812590,6.30,2009-04-22T12:00:00+00:00
1.870760,45.781900,10.80,2009-04-22T12:00:00+00:00
1.870760,45.790090,18.30,2009-04-22T12:00:00+00:00
1.870760,45.793360,19.40,2009-04-22T12:00:00+00:00
1.870730,45.813300,1.10,2009-04-22T12:00:00+00:00
1.870760,45.801650,1.90,2009-04-22T12:00:00+00:00
1.870730,45.805400,7.00,2009-04-22T12:00:00+00:00
1.870780,45.784690,9.60,2009-04-22T12:00:00+00:00
1.870780,45.793950,21.30,2009-04-22T12:00:00+00:00
1.870780,45.810180,16.00,2009-04-22T12:00:00+00:00
1.870780,45.812780,4.50,2009-04-22T12:00:00+00:00
1.870790,45.785770,1.40,2009-04-22T12:00:00+00:00
1.870800,45.812680,6.00,2009-04-22T12:00:00+00:00
1.870680,45.801840,1.80,2009-04-22T12:00:00+00:00
1.870760,45.795380,17.40,2009-04-22T12:00:00+00:00
1.870710,45.801710,1.50,2009-04-22T12:00:00+00:00
1.870390,45.805710,1.50,2009-04-22T12:00:00+00:00
1.870690,45.781830,10.80,2009-04-22T12:00:00+00:00
1.870690,45.813240,1.20,2009-04-22T12:00:00+00:00
1.870700,45.781300,10.40,2009-04-22T12:00:00+00:00
1.870700,45.783260,11.70,2009-04-22T12:00:00+00:00
1.870700,45.784760,9.30,2009-04-22T12:00:00+00:00
1.870700,45.791420,20.20,2009-04-22T12:00:00+00:00
1.870740,45.806010,12.80,2009-04-22T12:00:00+00:00
1.870700,45.812510,6.70,2009-04-22T12:00:00+00:00
1.870810,45.791460,20.10,2009-04-22T12:00:00+00:00
1.870710,45.801750,1.60,2009-04-22T12:00:00+00:00
1.870710,45.811730,5.60,2009-04-22T12:00:00+00:00
1.870710,45.812840,2.20,2009-04-22T12:00:00+00:00
1.870720,45.789560,18.10,2009-04-22T12:00:00+00:00
1.870720,45.794020,21.30,2009-04-22T12:00:00+00:00
1.870730,45.780140,2.20,2009-04-22T12:00:00+00:00
1.870730,45.785830,1.50,2009-04-22T12:00:00+00:00
1.870700,45.801810,1.70,2009-04-22T12:00:00+00:00
1.870930,45.782040,10.30,2009-04-22T12:00:00+00:00
1.870810,45.780160,1.60,2009-04-22T12:00:00+00:00
1.870890,45.810140,16.20,2009-04-22T12:00:00+00:00
1.870900,45.793800,22.10,2009-04-22T12:00:00+00:00
1.870900,45.805310,8.70,2009-04-22T12:00:00+00:00
1.870900,45.812840,5.20,2009-04-22T12:00:00+00:00
1.870910,45.801470,3.90,2009-04-22T12:00:00+00:00
1.870910,45.811850,2.90,2009-04-22T12:00:00+00:00
1.870870,45.780140,1.00,2009-04-22T12:00:00+00:00
1.870920,45.793490,19.60,2009-04-22T12:00:00+00:00
1.870860,45.812700,5.60,2009-04-22T12:00:00+00:00
1.870930,45.783200,11.40,2009-04-22T12:00:00+00:00
1.870930,45.785660,1.70,2009-04-22T12:00:00+00:00
1.870930,45.790210,18.40,2009-04-22T12:00:00+00:00
1.870930,45.806020,15.50,2009-04-22T12:00:00+00:00
1.870930,45.812630,6.10,2009-04-22T12:00:00+00:00
1.870940,45.781100,9.80,2009-04-22T12:00:00+00:00
1.870950,45.780200,0.80,2009-04-22T12:00:00+00:00
1.870920,45.791500,20.10,2009-04-22T12:00:00+00:00
1.870850,45.806020,14.50,2009-04-22T12:00:00+00:00
1.870810,45.805350,8.10,2009-04-22T12:00:00+00:00
1.870810,45.811790,4.40,2009-04-22T12:00:00+00:00
1.870820,45.789580,18.00,2009-04-22T12:00:00+00:00
1.870820,45.801590,2.40,2009-04-22T12:00:00+00:00
1.870840,45.793420,19.50,2009-04-22T12:00:00+00:00
1.870840,45.813340,2.00,2009-04-22T12:00:00+00:00
1.870850,45.781970,10.40,2009-04-22T12:00:00+00:00
1.870870,45.784630,10.70,2009-04-22T12:00:00+00:00
1.870850,45.793870,21.70,2009-04-22T12:00:00+00:00
1.870680,45.793290,19.40,2009-04-22T12:00:00+00:00
1.870850,45.812760,5.60,2009-04-22T12:00:00+00:00
1.870860,45.781160,10.10,2009-04-22T12:00:00+00:00
1.870860,45.785710,1.30,2009-04-22T12:00:00+00:00
1.870860,45.795420,18.60,2009-04-22T12:00:00+00:00
1.870860,45.797980,21.10,2009-04-22T12:00:00+00:00
1.870860,45.801520,3.10,2009-04-22T12:00:00+00:00
1.870860,45.802310,3.00,2009-04-22T12:00:00+00:00
1.870850,45.790140,18.10,2009-04-22T12:00:00+00:00
1.870510,45.811640,6.70,2009-04-22T12:00:00+00:00
1.870540,45.802060,1.50,2009-04-22T12:00:00+00:00
1.870470,45.805570,2.60,2009-04-22T12:00:00+00:00
1.870480,45.780200,6.40,2009-04-22T12:00:00+00:00
1.870480,45.784960,7.80,2009-04-22T12:00:00+00:00
1.870500,45.812180,7.30,2009-04-22T12:00:00+00:00
1.870510,45.789500,18.50,2009-04-22T12:00:00+00:00
1.870510,45.789900,18.30,2009-04-22T12:00:00+00:00
1.870450,45.812100,7.90,2009-04-22T12:00:00+00:00
1.870510,45.802120,1.80,2009-04-22T12:00:00+00:00
1.870450,45.810310,13.50,2009-04-22T12:00:00+00:00
1.870520,45.786000,1.30,2009-04-22T12:00:00+00:00
1.870520,45.794230,19.20,2009-04-22T12:00:00+00:00
1.870520,45.805540,3.20,2009-04-22T12:00:00+00:00
1.870530,45.781700,11.10,2009-04-22T12:00:00+00:00
1.870530,45.802030,1.70,2009-04-22T12:00:00+00:00
1.870530,45.805980,9.60,2009-04-22T12:00:00+00:00
1.870680,45.810220,15.70,2009-04-22T12:00:00+00:00
1.870510,45.793160,19.70,2009-04-22T12:00:00+00:00
1.870420,45.793090,19.80,2009-04-22T12:00:00+00:00
1.872280,45.809550,2.00,2009-04-22T12:00:00+00:00
1.870400,45.805630,1.80,2009-04-22T12:00:00+00:00
1.870400,45.811610,9.20,2009-04-22T12:00:00+00:00
1.870410,45.785030,7.40,2009-04-22T12:00:00+00:00
1.870410,45.812010,8.50,2009-04-22T12:00:00+00:00
1.870420,45.778060,1.50,2009-04-22T12:00:00+00:00
1.870420,45.778120,1.40,2009-04-22T12:00:00+00:00
1.870460,45.791360,19.70,2009-04-22T12:00:00+00:00
1.870420,45.789840,18.10,2009-04-22T12:00:00+00:00
1.870550,45.780180,5.30,2009-04-22T12:00:00+00:00
1.870420,45.795270,16.90,2009-04-22T12:00:00+00:00
1.870440,45.781630,11.20,2009-04-22T12:00:00+00:00
1.870440,45.794300,18.60,2009-04-22T12:00:00+00:00
1.870440,45.805600,2.00,2009-04-22T12:00:00+00:00
1.870440,45.805950,6.80,2009-04-22T12:00:00+00:00
1.870450,45.783290,11.60,2009-04-22T12:00:00+00:00
1.870450,45.786050,2.10,2009-04-22T12:00:00+00:00
1.870420,45.778160,1.50,2009-04-22T12:00:00+00:00
1.870640,45.805990,11.00,2009-04-22T12:00:00+00:00
1.870540,45.795320,16.90,2009-04-22T12:00:00+00:00
1.870620,45.780160,3.40,2009-04-22T12:00:00+00:00
1.870620,45.798010,21.00,2009-04-22T12:00:00+00:00
1.870620,45.802260,2.20,2009-04-22T12:00:00+00:00
1.870620,45.813120,0.70,2009-04-22T12:00:00+00:00
1.870630,45.781360,10.50,2009-04-22T12:00:00+00:00
1.870630,45.784820,9.00,2009-04-22T12:00:00+00:00
1.870610,45.789540,18.30,2009-04-22T12:00:00+00:00
1.870640,45.795340,16.80,2009-04-22T12:00:00+00:00
1.870610,45.781770,11.10,2009-04-22T12:00:00+00:00
1.870650,45.805440,5.70,2009-04-22T12:00:00+00:00
1.870650,45.812920,1.60,2009-04-22T12:00:00+00:00
1.870660,45.785880,1.50,2009-04-22T12:00:00+00:00
1.870660,45.794100,20.80,2009-04-22T12:00:00+00:00
1.870660,45.812430,6.90,2009-04-22T12:00:00+00:00
1.870670,45.790020,18.30,2009-04-22T12:00:00+00:00
1.870670,45.802280,2.20,2009-04-22T12:00:00+00:00
1.870630,45.813180,0.60,2009-04-22T12:00:00+00:00
1.870590,45.802220,2.10,2009-04-22T12:00:00+00:00
1.870550,45.781430,11.00,2009-04-22T12:00:00+00:00
1.870550,45.812260,7.40,2009-04-22T12:00:00+00:00
1.870560,45.802160,2.10,2009-04-22T12:00:00+00:00
1.870560,45.810270,14.90,2009-04-22T12:00:00+00:00
1.870570,45.783280,11.80,2009-04-22T12:00:00+00:00
1.870580,45.791400,20.00,2009-04-22T12:00:00+00:00
1.870580,45.801950,1.60,2009-04-22T12:00:00+00:00
1.870610,45.811690,6.30,2009-04-22T12:00:00+00:00
1.870590,45.794170,20.10,2009-04-22T12:00:00+00:00
1.870400,45.778200,1.90,2009-04-22T12:00:00+00:00
1.870590,45.805470,4.70,2009-04-22T12:00:00+00:00
1.870590,45.812980,1.10,2009-04-22T12:00:00+00:00
1.870600,45.785940,1.30,2009-04-22T12:00:00+00:00
1.870600,45.793220,19.60,2009-04-22T12:00:00+00:00
1.870600,45.801910,1.60,2009-04-22T12:00:00+00:00
1.870600,45.812340,7.20,2009-04-22T12:00:00+00:00
1.870600,45.813050,0.90,2009-04-22T12:00:00+00:00
1.870590,45.789960,18.30,2009-04-22T12:00:00+00:00
1.874150,45.790200,2.10,2009-04-22T12:00:00+00:00
1.874130,45.784240,3.50,2009-04-22T12:00:00+00:00
1.874130,45.784310,3.70,2009-04-22T12:00:00+00:00
1.874130,45.792880,6.30,2009-04-22T12:00:00+00:00
1.874130,45.792960,7.50,2009-04-22T12:00:00+00:00
1.874130,45.810380,7.80,2009-04-22T12:00:00+00:00
1.874140,45.787490,0.80,2009-04-22T12:00:00+00:00
1.872280,45.791890,15.30,2009-04-22T12:00:00+00:00
1.874140,45.811660,3.30,2009-04-22T12:00:00+00:00
1.874120,45.790120,3.70,2009-04-22T12:00:00+00:00
1.874150,45.808250,19.70,2009-04-22T12:00:00+00:00
1.874170,45.787410,0.70,2009-04-22T12:00:00+00:00
1.874190,45.809450,6.30,2009-04-22T12:00:00+00:00
1.874200,45.789930,6.40,2009-04-22T12:00:00+00:00
1.874200,45.806540,8.30,2009-04-22T12:00:00+00:00
1.874200,45.809410,11.80,2009-04-22T12:00:00+00:00
1.874210,45.787340,0.50,2009-04-22T12:00:00+00:00
1.874140,45.804410,24.60,2009-04-22T12:00:00+00:00
1.874110,45.787740,2.00,2009-04-22T12:00:00+00:00
1.874090,45.812320,2.00,2009-04-22T12:00:00+00:00
1.874100,45.787820,2.60,2009-04-22T12:00:00+00:00
1.874100,45.787900,3.30,2009-04-22T12:00:00+00:00
1.874100,45.788480,12.70,2009-04-22T12:00:00+00:00
1.874100,45.790260,1.10,2009-04-22T12:00:00+00:00
1.874100,45.809380,4.50,2009-04-22T12:00:00+00:00
1.874100,45.809430,6.30,2009-04-22T12:00:00+00:00
1.874120,45.812380,1.30,2009-04-22T12:00:00+00:00
1.874110,45.787650,1.40,2009-04-22T12:00:00+00:00
1.874120,45.810820,6.40,2009-04-22T12:00:00+00:00
1.874110,45.787990,4.40,2009-04-22T12:00:00+00:00
1.874110,45.788070,5.60,2009-04-22T12:00:00+00:00
1.874110,45.788320,9.40,2009-04-22T12:00:00+00:00
1.874110,45.788400,13.00,2009-04-22T12:00:00+00:00
1.874120,45.788150,6.50,2009-04-22T12:00:00+00:00
1.874120,45.788230,7.60,2009-04-22T12:00:00+00:00
1.874220,45.808180,19.30,2009-04-22T12:00:00+00:00
1.874110,45.787570,1.10,2009-04-22T12:00:00+00:00
1.874360,45.792860,5.20,2009-04-22T12:00:00+00:00
1.874210,45.802910,22.00,2009-04-22T12:00:00+00:00
1.874320,45.809390,14.00,2009-04-22T12:00:00+00:00
1.874320,45.809890,6.60,2009-04-22T12:00:00+00:00
1.874320,45.810270,10.30,2009-04-22T12:00:00+00:00
1.874330,45.787140,2.30,2009-04-22T12:00:00+00:00
1.874330,45.793060,6.80,2009-04-22T12:00:00+00:00
1.874340,45.784170,1.20,2009-04-22T12:00:00+00:00
1.874320,45.802930,22.10,2009-04-22T12:00:00+00:00
1.874350,45.808030,18.20,2009-04-22T12:00:00+00:00
1.874310,45.812410,1.10,2009-04-22T12:00:00+00:00
1.874360,45.810070,10.60,2009-04-22T12:00:00+00:00
1.874370,45.784310,3.00,2009-04-22T12:00:00+00:00
1.874370,45.810810,9.10,2009-04-22T12:00:00+00:00
1.874370,45.811640,6.00,2009-04-22T12:00:00+00:00
1.874380,45.804370,23.40,2009-04-22T12:00:00+00:00
1.874380,45.810160,11.10,2009-04-22T12:00:00+00:00
1.874390,45.787050,2.40,2009-04-22T12:00:00+00:00
1.874340,45.809970,9.60,2009-04-22T12:00:00+00:00
1.874250,45.811650,4.80,2009-04-22T12:00:00+00:00
1.874080,45.806520,7.90,2009-04-22T12:00:00+00:00
1.874220,45.810330,9.30,2009-04-22T12:00:00+00:00
1.874230,45.784200,2.50,2009-04-22T12:00:00+00:00
1.874230,45.787280,1.20,2009-04-22T12:00:00+00:00
1.874230,45.793010,7.30,2009-04-22T12:00:00+00:00
1.874240,45.784310,3.20,2009-04-22T12:00:00+00:00
1.874240,45.792870,6.00,2009-04-22T12:00:00+00:00
1.874320,45.806560,9.80,2009-04-22T12:00:00+00:00
1.874250,45.809520,7.90,2009-04-22T12:00:00+00:00
1.874210,45.812400,1.20,2009-04-22T12:00:00+00:00
1.874260,45.804390,23.70,2009-04-22T12:00:00+00:00
1.874270,45.809610,7.30,2009-04-22T12:00:00+00:00
1.874280,45.809700,5.90,2009-04-22T12:00:00+00:00
1.874290,45.787210,2.10,2009-04-22T12:00:00+00:00
1.874290,45.808110,18.90,2009-04-22T12:00:00+00:00
1.874300,45.789900,7.80,2009-04-22T12:00:00+00:00
1.874300,45.809790,5.10,2009-04-22T12:00:00+00:00
1.874240,45.810820,8.30,2009-04-22T12:00:00+00:00
1.873940,45.789080,16.30,2009-04-22T12:00:00+00:00
1.873960,45.802880,23.20,2009-04-22T12:00:00+00:00
1.873890,45.808540,19.10,2009-04-22T12:00:00+00:00
1.873900,45.792860,6.60,2009-04-22T12:00:00+00:00
1.873910,45.789150,17.00,2009-04-22T12:00:00+00:00
1.873910,45.804460,23.40,2009-04-22T12:00:00+00:00
1.873910,45.809450,1.90,2009-04-22T12:00:00+00:00
1.873920,45.784320,6.40,2009-04-22T12:00:00+00:00
1.873890,45.789540,11.50,2009-04-22T12:00:00+00:00
1.873920,45.790320,1.00,2009-04-22T12:00:00+00:00
1.873890,45.789230,17.40,2009-04-22T12:00:00+00:00
1.873940,45.795880,8.90,2009-04-22T12:00:00+00:00
1.873940,45.796160,1.90,2009-04-22T12:00:00+00:00
1.873950,45.789740,7.40,2009-04-22T12:00:00+00:00
1.873950,45.810560,2.00,2009-04-22T12:00:00+00:00
1.873950,45.810640,1.80,2009-04-22T12:00:00+00:00
1.873950,45.811920,0.90,2009-04-22T12:00:00+00:00
1.874090,45.808320,19.90,2009-04-22T12:00:00+00:00
1.873920,45.789670,8.50,2009-04-22T12:00:00+00:00
1.873860,45.809300,2.90,2009-04-22T12:00:00+00:00
1.873820,45.784360,7.80,2009-04-22T12:00:00+00:00
1.873820,45.790320,1.20,2009-04-22T12:00:00+00:00
1.873830,45.808610,17.70,2009-04-22T12:00:00+00:00
1.873840,45.796410,0.60,2009-04-22T12:00:00+00:00
1.873850,45.802860,23.20,2009-04-22T12:00:00+00:00
1.873850,45.809410,1.00,2009-04-22T12:00:00+00:00
1.873860,45.795810,11.20,2009-04-22T12:00:00+00:00
1.873890,45.796200,1.50,2009-04-22T12:00:00+00:00
1.873860,45.806480,8.60,2009-04-22T12:00:00+00:00
1.873960,45.808470,19.70,2009-04-22T12:00:00+00:00
1.873880,45.789320,15.60,2009-04-22T12:00:00+00:00
1.873880,45.789390,14.80,2009-04-22T12:00:00+00:00
1.873880,45.789470,13.40,2009-04-22T12:00:00+00:00
1.873880,45.790040,4.10,2009-04-22T12:00:00+00:00
1.873880,45.792860,6.00,2009-04-22T12:00:00+00:00
1.873880,45.796280,1.40,2009-04-22T12:00:00+00:00
1.873890,45.784280,4.80,2009-04-22T12:00:00+00:00
1.873860,45.796350,1.50,2009-04-22T12:00:00+00:00
1.874060,45.788720,16.40,2009-04-22T12:00:00+00:00
1.873960,45.789010,16.20,2009-04-22T12:00:00+00:00
1.874030,45.796020,3.60,2009-04-22T12:00:00+00:00
1.874030,45.804430,23.80,2009-04-22T12:00:00+00:00
1.874030,45.808400,19.80,2009-04-22T12:00:00+00:00
1.874030,45.811760,1.30,2009-04-22T12:00:00+00:00
1.874040,45.788790,16.90,2009-04-22T12:00:00+00:00
1.874040,45.789980,5.90,2009-04-22T12:00:00+00:00
1.874020,45.810790,3.50,2009-04-22T12:00:00+00:00
1.874040,45.812170,4.30,2009-04-22T12:00:00+00:00
1.874020,45.788860,16.90,2009-04-22T12:00:00+00:00
1.874060,45.790040,5.00,2009-04-22T12:00:00+00:00
1.874060,45.811700,1.90,2009-04-22T12:00:00+00:00
1.874070,45.788640,15.60,2009-04-22T12:00:00+00:00
1.874070,45.812240,3.20,2009-04-22T12:00:00+00:00
1.874080,45.788560,13.30,2009-04-22T12:00:00+00:00
1.874080,45.802890,22.60,2009-04-22T12:00:00+00:00
1.874400,45.807960,15.20,2009-04-22T12:00:00+00:00
1.874040,45.810430,4.90,2009-04-22T12:00:00+00:00
1.874000,45.789900,6.10,2009-04-22T12:00:00+00:00
1.873960,45.810490,2.50,2009-04-22T12:00:00+00:00
1.873960,45.810720,2.00,2009-04-22T12:00:00+00:00
1.873960,45.812000,3.50,2009-04-22T12:00:00+00:00
1.873970,45.789820,6.60,2009-04-22T12:00:00+00:00
1.873970,45.806500,8.20,2009-04-22T12:00:00+00:00
1.873980,45.789990,4.60,2009-04-22T12:00:00+00:00
1.873980,45.809340,3.60,2009-04-22T12:00:00+00:00
1.874030,45.784280,5.10,2009-04-22T12:00:00+00:00
1.873990,45.788940,16.60,2009-04-22T12:00:00+00:00
1.874090,45.789960,5.70,2009-04-22T12:00:00+00:00
1.874000,45.792880,6.30,2009-04-22T12:00:00+00:00
1.874000,45.809450,3.10,2009-04-22T12:00:00+00:00
1.874000,45.811840,1.10,2009-04-22T12:00:00+00:00
1.874010,45.784290,4.20,2009-04-22T12:00:00+00:00
1.874010,45.790300,1.80,2009-04-22T12:00:00+00:00
1.874010,45.792920,7.10,2009-04-22T12:00:00+00:00
1.874010,45.795940,7.10,2009-04-22T12:00:00+00:00
1.873980,45.812080,4.40,2009-04-22T12:00:00+00:00
1.874870,45.807320,1.20,2009-04-22T12:00:00+00:00
1.874920,45.785510,14.10,2009-04-22T12:00:00+00:00
1.874840,45.807390,2.00,2009-04-22T12:00:00+00:00
1.874850,45.785840,14.50,2009-04-22T12:00:00+00:00
1.874850,45.804310,22.20,2009-04-22T12:00:00+00:00
1.874860,45.806640,6.50,2009-04-22T12:00:00+00:00
1.874860,45.809940,10.40,2009-04-22T12:00:00+00:00
1.874860,45.810780,10.70,2009-04-22T12:00:00+00:00
1.874830,45.806620,7.30,2009-04-22T12:00:00+00:00
1.874870,45.784230,1.60,2009-04-22T12:00:00+00:00
1.874820,45.789720,13.40,2009-04-22T12:00:00+00:00
1.874880,45.785760,14.40,2009-04-22T12:00:00+00:00
1.874880,45.793250,1.20,2009-04-22T12:00:00+00:00
1.874890,45.792830,0.70,2009-04-22T12:00:00+00:00
1.874890,45.803070,20.30,2009-04-22T12:00:00+00:00
1.874900,45.785680,14.00,2009-04-22T12:00:00+00:00
1.874910,45.806660,6.00,2009-04-22T12:00:00+00:00
1.874720,45.793250,3.20,2009-04-22T12:00:00+00:00
1.874860,45.811610,8.40,2009-04-22T12:00:00+00:00
1.874780,45.803040,20.50,2009-04-22T12:00:00+00:00
1.874390,45.810230,11.10,2009-04-22T12:00:00+00:00
1.874740,45.804330,22.50,2009-04-22T12:00:00+00:00
1.874740,45.807530,2.50,2009-04-22T12:00:00+00:00
1.874740,45.810780,10.50,2009-04-22T12:00:00+00:00
1.874750,45.786170,15.10,2009-04-22T12:00:00+00:00
1.874750,45.811620,8.00,2009-04-22T12:00:00+00:00
1.874760,45.786080,15.00,2009-04-22T12:00:00+00:00
1.874840,45.784290,2.30,2009-04-22T12:00:00+00:00
1.874780,45.793270,1.30,2009-04-22T12:00:00+00:00
1.874920,45.785600,14.10,2009-04-22T12:00:00+00:00
1.874780,45.809990,11.30,2009-04-22T12:00:00+00:00
1.874790,45.786000,15.00,2009-04-22T12:00:00+00:00
1.874790,45.806610,7.90,2009-04-22T12:00:00+00:00
1.874790,45.807460,1.90,2009-04-22T12:00:00+00:00
1.874790,45.809320,13.00,2009-04-22T12:00:00+00:00
1.874800,45.792790,1.40,2009-04-22T12:00:00+00:00
1.874820,45.785920,14.80,2009-04-22T12:00:00+00:00
1.874770,45.784200,1.40,2009-04-22T12:00:00+00:00
1.875020,45.807100,1.20,2009-04-22T12:00:00+00:00
1.874910,45.809320,8.80,2009-04-22T12:00:00+00:00
1.875000,45.785100,12.50,2009-04-22T12:00:00+00:00
1.875000,45.807140,1.40,2009-04-22T12:00:00+00:00
1.875010,45.784340,3.30,2009-04-22T12:00:00+00:00
1.875020,45.784940,11.80,2009-04-22T12:00:00+00:00
1.875020,45.785020,12.20,2009-04-22T12:00:00+00:00
1.875020,45.789630,15.70,2009-04-22T12:00:00+00:00
1.874990,45.810770,11.00,2009-04-22T12:00:00+00:00
1.875020,45.806710,4.00,2009-04-22T12:00:00+00:00
1.874990,45.806700,4.40,2009-04-22T12:00:00+00:00
1.875020,45.809320,5.20,2009-04-22T12:00:00+00:00
1.875030,45.784410,4.90,2009-04-22T12:00:00+00:00
1.875030,45.784860,10.50,2009-04-22T12:00:00+00:00
1.875030,45.807060,1.40,2009-04-22T12:00:00+00:00
1.875040,45.784800,9.90,2009-04-22T12:00:00+00:00
1.875040,45.806730,3.50,2009-04-22T12:00:00+00:00
1.860000,45.810020,2.90,2009-04-22T12:00:00+00:00
1.875020,45.803100,20.00,2009-04-22T12:00:00+00:00
1.874950,45.809880,8.00,2009-04-22T12:00:00+00:00
1.874920,45.789670,14.90,2009-04-22T12:00:00+00:00
1.874920,45.793100,1.10,2009-04-22T12:00:00+00:00
1.874920,45.807250,1.30,2009-04-22T12:00:00+00:00
1.874940,45.785420,13.90,2009-04-22T12:00:00+00:00
1.874940,45.792890,0.70,2009-04-22T12:00:00+00:00
1.874940,45.806670,5.50,2009-04-22T12:00:00+00:00
1.874950,45.785340,13.70,2009-04-22T12:00:00+00:00
1.874990,45.811600,7.80,2009-04-22T12:00:00+00:00
1.874950,45.807180,1.40,2009-04-22T12:00:00+00:00
1.874720,45.789760,13.00,2009-04-22T12:00:00+00:00
1.874960,45.784280,2.20,2009-04-22T12:00:00+00:00
1.874960,45.785260,13.30,2009-04-22T12:00:00+00:00
1.874960,45.806680,5.10,2009-04-22T12:00:00+00:00
1.874970,45.784290,2.70,2009-04-22T12:00:00+00:00
1.874980,45.785170,13.00,2009-04-22T12:00:00+00:00
1.874980,45.792950,0.80,2009-04-22T12:00:00+00:00
1.874980,45.804290,22.00,2009-04-22T12:00:00+00:00
1.874950,45.793030,0.70,2009-04-22T12:00:00+00:00
1.874470,45.811480,6.90,2009-04-22T12:00:00+00:00
1.874480,45.811830,7.20,2009-04-22T12:00:00+00:00
1.874440,45.812250,4.10,2009-04-22T12:00:00+00:00
1.874440,45.812340,2.80,2009-04-22T12:00:00+00:00
1.874450,45.784140,0.60,2009-04-22T12:00:00+00:00
1.874450,45.811220,6.20,2009-04-22T12:00:00+00:00
1.874450,45.812000,6.40,2009-04-22T12:00:00+00:00
1.874460,45.807880,13.40,2009-04-22T12:00:00+00:00
1.874440,45.812080,6.00,2009-04-22T12:00:00+00:00
1.874470,45.811390,6.80,2009-04-22T12:00:00+00:00
1.874440,45.811140,6.70,2009-04-22T12:00:00+00:00
1.874470,45.811910,6.80,2009-04-22T12:00:00+00:00
1.874480,45.784310,2.70,2009-04-22T12:00:00+00:00
1.874480,45.786900,2.80,2009-04-22T12:00:00+00:00
1.874480,45.792830,4.80,2009-04-22T12:00:00+00:00
1.874480,45.811560,7.10,2009-04-22T12:00:00+00:00
1.874480,45.811660,7.20,2009-04-22T12:00:00+00:00
1.874730,45.784290,2.20,2009-04-22T12:00:00+00:00
1.874460,45.811300,6.40,2009-04-22T12:00:00+00:00
1.874430,45.786980,2.80,2009-04-22T12:00:00+00:00
1.873800,45.798820,1.30,2009-04-22T12:00:00+00:00
1.874400,45.810320,11.20,2009-04-22T12:00:00+00:00
1.874400,45.810410,10.70,2009-04-22T12:00:00+00:00
1.874400,45.810510,10.60,2009-04-22T12:00:00+00:00
1.874400,45.810600,10.10,2009-04-22T12:00:00+00:00
1.874400,45.812400,1.60,2009-04-22T12:00:00+00:00
1.874410,45.810220,11.00,2009-04-22T12:00:00+00:00
1.874440,45.812160,5.50,2009-04-22T12:00:00+00:00
1.874420,45.810780,9.50,2009-04-22T12:00:00+00:00
1.874500,45.804360,22.80,2009-04-22T12:00:00+00:00
1.874430,45.806570,10.10,2009-04-22T12:00:00+00:00
1.874430,45.809360,14.80,2009-04-22T12:00:00+00:00
1.874430,45.810870,9.00,2009-04-22T12:00:00+00:00
1.874440,45.793110,6.20,2009-04-22T12:00:00+00:00
1.874440,45.802950,21.60,2009-04-22T12:00:00+00:00
1.874440,45.810960,8.40,2009-04-22T12:00:00+00:00
1.874440,45.811050,7.70,2009-04-22T12:00:00+00:00
1.874410,45.810690,9.90,2009-04-22T12:00:00+00:00
1.874680,45.803010,20.80,2009-04-22T12:00:00+00:00
1.874480,45.811740,7.30,2009-04-22T12:00:00+00:00
1.874620,45.810790,10.10,2009-04-22T12:00:00+00:00
1.874620,45.811630,7.70,2009-04-22T12:00:00+00:00
1.874630,45.807670,4.50,2009-04-22T12:00:00+00:00
1.874640,45.786490,14.50,2009-04-22T12:00:00+00:00
1.874640,45.793200,4.50,2009-04-22T12:00:00+00:00
1.874660,45.784170,0.80,2009-04-22T12:00:00+00:00
1.874620,45.789800,12.00,2009-04-22T12:00:00+00:00
1.874660,45.806610,9.10,2009-04-22T12:00:00+00:00
1.874600,45.786580,13.00,2009-04-22T12:00:00+00:00
1.874680,45.807600,3.60,2009-04-22T12:00:00+00:00
1.874680,45.809330,15.00,2009-04-22T12:00:00+00:00
1.874690,45.786330,15.40,2009-04-22T12:00:00+00:00
1.874690,45.792790,2.40,2009-04-22T12:00:00+00:00
1.874690,45.810060,11.70,2009-04-22T12:00:00+00:00
1.874710,45.806610,8.50,2009-04-22T12:00:00+00:00
1.874720,45.786250,15.70,2009-04-22T12:00:00+00:00
1.874660,45.786410,15.50,2009-04-22T12:00:00+00:00
1.874560,45.784150,0.50,2009-04-22T12:00:00+00:00
1.874500,45.810160,11.10,2009-04-22T12:00:00+00:00
1.874500,45.810800,9.80,2009-04-22T12:00:00+00:00
1.874500,45.811630,6.90,2009-04-22T12:00:00+00:00
1.874510,45.786820,5.00,2009-04-22T12:00:00+00:00
1.874510,45.807810,10.40,2009-04-22T12:00:00+00:00
1.874520,45.806580,9.90,2009-04-22T12:00:00+00:00
1.874540,45.786740,8.80,2009-04-22T12:00:00+00:00
1.874620,45.804340,22.80,2009-04-22T12:00:00+00:00
1.874550,45.809350,15.20,2009-04-22T12:00:00+00:00
1.874400,45.789870,8.50,2009-04-22T12:00:00+00:00
1.874560,45.802980,21.40,2009-04-22T12:00:00+00:00
1.874570,45.807740,7.00,2009-04-22T12:00:00+00:00
1.874580,45.786660,11.40,2009-04-22T12:00:00+00:00
1.874580,45.792810,3.90,2009-04-22T12:00:00+00:00
1.874580,45.806600,9.70,2009-04-22T12:00:00+00:00
1.874590,45.810110,11.50,2009-04-22T12:00:00+00:00
1.874600,45.784290,2.60,2009-04-22T12:00:00+00:00
1.874540,45.793160,5.50,2009-04-22T12:00:00+00:00
1.872820,45.799750,20.90,2009-04-22T12:00:00+00:00
1.872870,45.784870,14.50,2009-04-22T12:00:00+00:00
1.872780,45.790100,5.00,2009-04-22T12:00:00+00:00
1.872790,45.782780,6.30,2009-04-22T12:00:00+00:00
1.872790,45.792060,8.70,2009-04-22T12:00:00+00:00
1.872790,45.796070,18.00,2009-04-22T12:00:00+00:00
1.872800,45.783370,2.90,2009-04-22T12:00:00+00:00
1.872800,45.783660,5.30,2009-04-22T12:00:00+00:00
1.872760,45.784910,14.30,2009-04-22T12:00:00+00:00
1.872810,45.813580,1.30,2009-04-22T12:00:00+00:00
1.872750,45.799820,22.30,2009-04-22T12:00:00+00:00
1.872820,45.806300,23.10,2009-04-22T12:00:00+00:00
1.872830,45.791040,5.20,2009-04-22T12:00:00+00:00
1.872830,45.813280,1.30,2009-04-22T12:00:00+00:00
1.872840,45.792310,7.40,2009-04-22T12:00:00+00:00
1.872850,45.802580,21.60,2009-04-22T12:00:00+00:00
1.872850,45.804660,20.10,2009-04-22T12:00:00+00:00
1.872660,45.813410,1.60,2009-04-22T12:00:00+00:00
1.872800,45.791120,6.40,2009-04-22T12:00:00+00:00
1.872720,45.783600,5.10,2009-04-22T12:00:00+00:00
1.873060,45.799560,18.80,2009-04-22T12:00:00+00:00
1.872680,45.790080,5.70,2009-04-22T12:00:00+00:00
1.872680,45.799890,22.70,2009-04-22T12:00:00+00:00
1.872690,45.791280,8.60,2009-04-22T12:00:00+00:00
1.872690,45.796030,19.90,2009-04-22T12:00:00+00:00
1.872700,45.806290,23.00,2009-04-22T12:00:00+00:00
1.872700,45.813540,1.40,2009-04-22T12:00:00+00:00
1.872770,45.798150,17.70,2009-04-22T12:00:00+00:00
1.872710,45.791980,9.30,2009-04-22T12:00:00+00:00
1.872870,45.790960,4.40,2009-04-22T12:00:00+00:00
1.872730,45.794940,19.10,2009-04-22T12:00:00+00:00
1.872730,45.804690,20.00,2009-04-22T12:00:00+00:00
1.872740,45.791190,7.50,2009-04-22T12:00:00+00:00
1.872740,45.802560,19.50,2009-04-22T12:00:00+00:00
1.872740,45.809330,0.90,2009-04-22T12:00:00+00:00
1.872740,45.813340,1.40,2009-04-22T12:00:00+00:00
1.872750,45.792260,9.00,2009-04-22T12:00:00+00:00
1.872710,45.783430,3.70,2009-04-22T12:00:00+00:00
1.873000,45.798190,14.40,2009-04-22T12:00:00+00:00
1.872850,45.809300,1.00,2009-04-22T12:00:00+00:00
1.872970,45.802600,22.00,2009-04-22T12:00:00+00:00
1.872970,45.804640,20.70,2009-04-22T12:00:00+00:00
1.872970,45.813510,1.10,2009-04-22T12:00:00+00:00
1.872980,45.783250,2.40,2009-04-22T12:00:00+00:00
1.872980,45.783780,4.90,2009-04-22T12:00:00+00:00
1.872980,45.790170,4.20,2009-04-22T12:00:00+00:00
1.872970,45.784830,14.50,2009-04-22T12:00:00+00:00
1.873000,45.796150,14.30,2009-04-22T12:00:00+00:00
1.872950,45.809270,1.00,2009-04-22T12:00:00+00:00
1.873010,45.782730,5.60,2009-04-22T12:00:00+00:00
1.873010,45.792270,5.60,2009-04-22T12:00:00+00:00
1.873010,45.795130,18.60,2009-04-22T12:00:00+00:00
1.873040,45.790660,3.00,2009-04-22T12:00:00+00:00
1.873040,45.792410,5.00,2009-04-22T12:00:00+00:00
1.873050,45.806340,19.60,2009-04-22T12:00:00+00:00
1.873810,45.809360,1.10,2009-04-22T12:00:00+00:00
1.872980,45.790730,3.20,2009-04-22T12:00:00+00:00
1.872900,45.813340,1.30,2009-04-22T12:00:00+00:00
1.872870,45.792120,7.70,2009-04-22T12:00:00+00:00
1.872880,45.790140,4.60,2009-04-22T12:00:00+00:00
1.872880,45.798170,16.30,2009-04-22T12:00:00+00:00
1.872890,45.783720,5.50,2009-04-22T12:00:00+00:00
1.872900,45.782750,6.00,2009-04-22T12:00:00+00:00
1.872900,45.783310,2.50,2009-04-22T12:00:00+00:00
1.872900,45.790880,3.80,2009-04-22T12:00:00+00:00
1.872970,45.799620,19.50,2009-04-22T12:00:00+00:00
1.872900,45.799690,20.60,2009-04-22T12:00:00+00:00
1.872650,45.809360,1.10,2009-04-22T12:00:00+00:00
1.872920,45.795060,18.60,2009-04-22T12:00:00+00:00
1.872920,45.813580,1.00,2009-04-22T12:00:00+00:00
1.872930,45.792360,6.10,2009-04-22T12:00:00+00:00
1.872930,45.806320,22.10,2009-04-22T12:00:00+00:00
1.872940,45.790800,3.40,2009-04-22T12:00:00+00:00
1.872940,45.792190,6.50,2009-04-22T12:00:00+00:00
1.872940,45.813430,1.10,2009-04-22T12:00:00+00:00
1.872900,45.796110,16.10,2009-04-22T12:00:00+00:00
1.872430,45.792120,13.70,2009-04-22T12:00:00+00:00
1.872460,45.800080,22.60,2009-04-22T12:00:00+00:00
1.872380,45.806220,25.30,2009-04-22T12:00:00+00:00
1.872380,45.809500,1.20,2009-04-22T12:00:00+00:00
1.872390,45.783340,5.00,2009-04-22T12:00:00+00:00
1.872400,45.813730,2.10,2009-04-22T12:00:00+00:00
1.872420,45.794660,19.70,2009-04-22T12:00:00+00:00
1.872420,45.798090,21.70,2009-04-22T12:00:00+00:00
1.872380,45.800150,22.80,2009-04-22T12:00:00+00:00
1.872430,45.783610,6.20,2009-04-22T12:00:00+00:00
1.872380,45.791740,12.90,2009-04-22T12:00:00+00:00
1.872440,45.784990,13.50,2009-04-22T12:00:00+00:00
1.872440,45.791660,12.10,2009-04-22T12:00:00+00:00
1.872450,45.790020,8.60,2009-04-22T12:00:00+00:00
1.872450,45.813500,1.80,2009-04-22T12:00:00+00:00
1.872460,45.782880,6.90,2009-04-22T12:00:00+00:00
1.872460,45.783410,5.00,2009-04-22T12:00:00+00:00
1.872670,45.782820,6.60,2009-04-22T12:00:00+00:00
1.872420,45.802500,15.50,2009-04-22T12:00:00+00:00
1.872330,45.785020,13.00,2009-04-22T12:00:00+00:00
1.869670,45.795030,14.50,2009-04-22T12:00:00+00:00
1.872280,45.813890,1.80,2009-04-22T12:00:00+00:00
1.872290,45.791670,13.60,2009-04-22T12:00:00+00:00
1.872290,45.800210,22.60,2009-04-22T12:00:00+00:00
1.872300,45.798060,22.30,2009-04-22T12:00:00+00:00
1.872310,45.802480,14.90,2009-04-22T12:00:00+00:00
1.872320,45.792070,14.90,2009-04-22T12:00:00+00:00
1.872380,45.804770,18.80,2009-04-22T12:00:00+00:00
1.872330,45.783270,5.50,2009-04-22T12:00:00+00:00
1.872460,45.809450,0.90,2009-04-22T12:00:00+00:00
1.872330,45.791820,14.00,2009-04-22T12:00:00+00:00
1.872330,45.794590,19.90,2009-04-22T12:00:00+00:00
1.872340,45.783670,6.80,2009-04-22T12:00:00+00:00
1.872350,45.782920,7.30,2009-04-22T12:00:00+00:00
1.872350,45.789990,10.10,2009-04-22T12:00:00+00:00
1.872350,45.813810,1.80,2009-04-22T12:00:00+00:00
1.872360,45.795910,21.70,2009-04-22T12:00:00+00:00
1.872320,45.813480,1.90,2009-04-22T12:00:00+00:00
1.872630,45.783540,5.00,2009-04-22T12:00:00+00:00
1.872460,45.791800,11.60,2009-04-22T12:00:00+00:00
1.872570,45.813510,1.70,2009-04-22T12:00:00+00:00
1.872580,45.791430,10.60,2009-04-22T12:00:00+00:00
1.872580,45.796000,21.10,2009-04-22T12:00:00+00:00
1.872590,45.806270,23.60,2009-04-22T12:00:00+00:00
1.872590,45.813490,1.70,2009-04-22T12:00:00+00:00
1.872610,45.799960,23.80,2009-04-22T12:00:00+00:00
1.872560,45.794810,19.40,2009-04-22T12:00:00+00:00
1.872620,45.804720,20.00,2009-04-22T12:00:00+00:00
1.872560,45.790050,7.50,2009-04-22T12:00:00+00:00
1.872640,45.791350,9.10,2009-04-22T12:00:00+00:00
1.872640,45.791920,10.00,2009-04-22T12:00:00+00:00
1.872640,45.792210,10.60,2009-04-22T12:00:00+00:00
1.872640,45.794880,19.20,2009-04-22T12:00:00+00:00
1.872640,45.802550,18.10,2009-04-22T12:00:00+00:00
1.872650,45.784940,14.40,2009-04-22T12:00:00+00:00
1.872650,45.798130,19.20,2009-04-22T12:00:00+00:00
1.872620,45.783490,4.70,2009-04-22T12:00:00+00:00
1.872530,45.813570,1.70,2009-04-22T12:00:00+00:00
1.872460,45.813650,1.80,2009-04-22T12:00:00+00:00
1.872470,45.795960,21.50,2009-04-22T12:00:00+00:00
1.872480,45.791580,11.50,2009-04-22T12:00:00+00:00
1.872480,45.806240,24.40,2009-04-22T12:00:00+00:00
1.872490,45.794730,19.50,2009-04-22T12:00:00+00:00
1.872500,45.804740,19.50,2009-04-22T12:00:00+00:00
1.872520,45.783550,5.30,2009-04-22T12:00:00+00:00
1.872560,45.809410,0.80,2009-04-22T12:00:00+00:00
1.872520,45.802530,16.30,2009-04-22T12:00:00+00:00
1.873070,45.784780,14.30,2009-04-22T12:00:00+00:00
1.872540,45.783480,4.80,2009-04-22T12:00:00+00:00
1.872540,45.784970,13.90,2009-04-22T12:00:00+00:00
1.872540,45.791510,11.10,2009-04-22T12:00:00+00:00
1.872540,45.791860,10.80,2009-04-22T12:00:00+00:00
1.872540,45.798110,20.80,2009-04-22T12:00:00+00:00
1.872540,45.800020,22.90,2009-04-22T12:00:00+00:00
1.872560,45.782850,6.60,2009-04-22T12:00:00+00:00
1.872520,45.792160,12.30,2009-04-22T12:00:00+00:00
1.873620,45.799070,6.00,2009-04-22T12:00:00+00:00
1.873660,45.790400,1.00,2009-04-22T12:00:00+00:00
1.873590,45.790450,0.70,2009-04-22T12:00:00+00:00
1.873590,45.798380,3.20,2009-04-22T12:00:00+00:00
1.873600,45.782920,0.90,2009-04-22T12:00:00+00:00
1.873600,45.790170,3.00,2009-04-22T12:00:00+00:00
1.873600,45.792720,0.90,2009-04-22T12:00:00+00:00
1.873600,45.808920,6.90,2009-04-22T12:00:00+00:00
1.873580,45.795580,15.60,2009-04-22T12:00:00+00:00
1.873620,45.796370,3.50,2009-04-22T12:00:00+00:00
1.873580,45.784190,5.40,2009-04-22T12:00:00+00:00
1.873620,45.802810,23.30,2009-04-22T12:00:00+00:00
1.873620,45.806440,10.10,2009-04-22T12:00:00+00:00
1.873620,45.809260,1.60,2009-04-22T12:00:00+00:00
1.873620,45.809300,1.00,2009-04-22T12:00:00+00:00
1.873640,45.792810,2.60,2009-04-22T12:00:00+00:00
1.873650,45.782870,0.70,2009-04-22T12:00:00+00:00
1.873480,45.799190,9.80,2009-04-22T12:00:00+00:00
1.873620,45.784460,10.00,2009-04-22T12:00:00+00:00
1.873520,45.784510,12.30,2009-04-22T12:00:00+00:00
1.873060,45.783840,5.20,2009-04-22T12:00:00+00:00
1.873500,45.795520,15.80,2009-04-22T12:00:00+00:00
1.873500,45.809080,4.00,2009-04-22T12:00:00+00:00
1.873510,45.790220,2.50,2009-04-22T12:00:00+00:00
1.873510,45.792670,0.80,2009-04-22T12:00:00+00:00
1.873510,45.798350,4.30,2009-04-22T12:00:00+00:00
1.873510,45.802770,23.20,2009-04-22T12:00:00+00:00
1.873590,45.782640,2.60,2009-04-22T12:00:00+00:00
1.873510,45.809240,1.10,2009-04-22T12:00:00+00:00
1.873660,45.795640,15.00,2009-04-22T12:00:00+00:00
1.873530,45.796340,4.90,2009-04-22T12:00:00+00:00
1.873530,45.809270,1.00,2009-04-22T12:00:00+00:00
1.873540,45.782970,1.10,2009-04-22T12:00:00+00:00
1.873540,45.792760,1.50,2009-04-22T12:00:00+00:00
1.873540,45.809010,5.40,2009-04-22T12:00:00+00:00
1.873550,45.799130,7.90,2009-04-22T12:00:00+00:00
1.873550,45.804530,22.10,2009-04-22T12:00:00+00:00
1.873510,45.806420,10.90,2009-04-22T12:00:00+00:00
1.873780,45.798620,1.00,2009-04-22T12:00:00+00:00
1.873650,45.808850,9.30,2009-04-22T12:00:00+00:00
1.873750,45.782740,1.70,2009-04-22T12:00:00+00:00
1.873750,45.798960,2.70,2009-04-22T12:00:00+00:00
1.873760,45.792850,5.30,2009-04-22T12:00:00+00:00
1.873770,45.796410,1.00,2009-04-22T12:00:00+00:00
1.873770,45.798480,1.10,2009-04-22T12:00:00+00:00
1.873770,45.808690,15.90,2009-04-22T12:00:00+00:00
1.873740,45.806460,9.30,2009-04-22T12:00:00+00:00
1.873780,45.798550,0.90,2009-04-22T12:00:00+00:00
1.873740,45.782770,1.10,2009-04-22T12:00:00+00:00
1.873780,45.798680,1.20,2009-04-22T12:00:00+00:00
1.873780,45.798750,1.30,2009-04-22T12:00:00+00:00
1.873790,45.790080,3.70,2009-04-22T12:00:00+00:00
1.873790,45.792820,5.60,2009-04-22T12:00:00+00:00
1.873790,45.804480,22.70,2009-04-22T12:00:00+00:00
1.873800,45.795760,12.40,2009-04-22T12:00:00+00:00
1.872280,45.804800,18.30,2009-04-22T12:00:00+00:00
1.873780,45.784250,5.10,2009-04-22T12:00:00+00:00
1.873710,45.796400,2.30,2009-04-22T12:00:00+00:00
1.873670,45.798390,2.40,2009-04-22T12:00:00+00:00
1.873680,45.784220,5.10,2009-04-22T12:00:00+00:00
1.873680,45.804510,22.30,2009-04-22T12:00:00+00:00
1.873690,45.782670,2.30,2009-04-22T12:00:00+00:00
1.873690,45.809330,1.20,2009-04-22T12:00:00+00:00
1.873700,45.790120,3.70,2009-04-22T12:00:00+00:00
1.873700,45.792770,3.50,2009-04-22T12:00:00+00:00
1.873740,45.809280,2.10,2009-04-22T12:00:00+00:00
1.873710,45.784410,9.00,2009-04-22T12:00:00+00:00
1.873480,45.784160,5.50,2009-04-22T12:00:00+00:00
1.873710,45.808770,12.10,2009-04-22T12:00:00+00:00
1.873730,45.782830,0.80,2009-04-22T12:00:00+00:00
1.873730,45.790350,1.30,2009-04-22T12:00:00+00:00
1.873730,45.795700,13.90,2009-04-22T12:00:00+00:00
1.873730,45.798430,1.30,2009-04-22T12:00:00+00:00
1.873730,45.802840,23.50,2009-04-22T12:00:00+00:00
1.873730,45.809360,1.10,2009-04-22T12:00:00+00:00
1.873700,45.799020,3.90,2009-04-22T12:00:00+00:00
1.873220,45.798260,9.70,2009-04-22T12:00:00+00:00
1.873270,45.806380,13.20,2009-04-22T12:00:00+00:00
1.873180,45.783140,2.20,2009-04-22T12:00:00+00:00
1.873180,45.783960,5.20,2009-04-22T12:00:00+00:00
1.873180,45.795260,18.00,2009-04-22T12:00:00+00:00
1.873190,45.804600,20.90,2009-04-22T12:00:00+00:00
1.873200,45.802660,24.30,2009-04-22T12:00:00+00:00
1.873210,45.799430,16.30,2009-04-22T12:00:00+00:00
1.873160,45.806360,15.30,2009-04-22T12:00:00+00:00
1.873220,45.796220,10.60,2009-04-22T12:00:00+00:00
1.873160,45.792410,3.80,2009-04-22T12:00:00+00:00
1.873240,45.784670,13.60,2009-04-22T12:00:00+00:00
1.873240,45.792480,3.10,2009-04-22T12:00:00+00:00
1.873240,45.792530,2.90,2009-04-22T12:00:00+00:00
1.873250,45.782680,4.30,2009-04-22T12:00:00+00:00
1.873250,45.784020,4.40,2009-04-22T12:00:00+00:00
1.873260,45.790300,2.70,2009-04-22T12:00:00+00:00
1.873500,45.790460,0.80,2009-04-22T12:00:00+00:00
1.873220,45.790450,2.70,2009-04-22T12:00:00+00:00
1.873110,45.798220,12.00,2009-04-22T12:00:00+00:00
1.873070,45.809260,0.80,2009-04-22T12:00:00+00:00
1.873080,45.783190,2.40,2009-04-22T12:00:00+00:00
1.873080,45.790210,3.70,2009-04-22T12:00:00+00:00
1.873080,45.804620,20.70,2009-04-22T12:00:00+00:00
1.873090,45.790580,3.00,2009-04-22T12:00:00+00:00
1.873090,45.792340,4.70,2009-04-22T12:00:00+00:00
1.873090,45.802620,22.60,2009-04-22T12:00:00+00:00
1.873170,45.809250,0.60,2009-04-22T12:00:00+00:00
1.873110,45.796190,12.60,2009-04-22T12:00:00+00:00
1.873280,45.799370,14.70,2009-04-22T12:00:00+00:00
1.873130,45.782700,5.10,2009-04-22T12:00:00+00:00
1.873130,45.783900,5.10,2009-04-22T12:00:00+00:00
1.873140,45.792460,3.90,2009-04-22T12:00:00+00:00
1.873140,45.799500,17.70,2009-04-22T12:00:00+00:00
1.873150,45.784730,14.00,2009-04-22T12:00:00+00:00
1.873160,45.790250,3.10,2009-04-22T12:00:00+00:00
1.873160,45.790520,2.70,2009-04-22T12:00:00+00:00
1.873100,45.795190,18.50,2009-04-22T12:00:00+00:00
1.873440,45.790270,2.50,2009-04-22T12:00:00+00:00
1.873260,45.795330,17.60,2009-04-22T12:00:00+00:00
1.873400,45.809240,0.70,2009-04-22T12:00:00+00:00
1.873410,45.799250,11.30,2009-04-22T12:00:00+00:00
1.873420,45.784560,12.90,2009-04-22T12:00:00+00:00
1.873420,45.790400,1.80,2009-04-22T12:00:00+00:00
1.873420,45.792620,1.40,2009-04-22T12:00:00+00:00
1.873420,45.795460,15.60,2009-04-22T12:00:00+00:00
1.873390,45.806400,12.00,2009-04-22T12:00:00+00:00
1.873420,45.802720,23.90,2009-04-22T12:00:00+00:00
1.873380,45.783060,1.60,2009-04-22T12:00:00+00:00
1.873440,45.796300,6.60,2009-04-22T12:00:00+00:00
1.873440,45.804550,21.40,2009-04-22T12:00:00+00:00
1.873450,45.792700,1.10,2009-04-22T12:00:00+00:00
1.873450,45.809150,2.50,2009-04-22T12:00:00+00:00
1.873460,45.783010,1.40,2009-04-22T12:00:00+00:00
1.873470,45.809210,1.40,2009-04-22T12:00:00+00:00
1.873480,45.782640,3.10,2009-04-22T12:00:00+00:00
1.873420,45.798330,5.90,2009-04-22T12:00:00+00:00
1.873330,45.796260,8.60,2009-04-22T12:00:00+00:00
1.873290,45.783100,1.70,2009-04-22T12:00:00+00:00
1.873290,45.790390,2.30,2009-04-22T12:00:00+00:00
1.873290,45.809240,0.60,2009-04-22T12:00:00+00:00
1.873300,45.792560,2.40,2009-04-22T12:00:00+00:00
1.873310,45.802690,24.70,2009-04-22T12:00:00+00:00
1.873320,45.784070,4.80,2009-04-22T12:00:00+00:00
1.873320,45.804570,21.20,2009-04-22T12:00:00+00:00
1.873400,45.784120,5.40,2009-04-22T12:00:00+00:00
1.873330,45.792580,1.70,2009-04-22T12:00:00+00:00
1.873800,45.798880,1.80,2009-04-22T12:00:00+00:00
1.873330,45.798300,7.70,2009-04-22T12:00:00+00:00
1.873340,45.795390,17.00,2009-04-22T12:00:00+00:00
1.873340,45.799310,13.30,2009-04-22T12:00:00+00:00
1.873350,45.790340,2.20,2009-04-22T12:00:00+00:00
1.873360,45.782650,3.70,2009-04-22T12:00:00+00:00
1.873360,45.790330,2.30,2009-04-22T12:00:00+00:00
1.873370,45.792630,1.50,2009-04-22T12:00:00+00:00
1.873330,45.784610,13.20,2009-04-22T12:00:00+00:00
1.863070,45.817140,15.30,2009-04-22T12:00:00+00:00
1.863040,45.818360,0.70,2009-04-22T12:00:00+00:00
1.863050,45.804220,1.70,2009-04-22T12:00:00+00:00
1.863050,45.804380,5.90,2009-04-22T12:00:00+00:00
1.863050,45.805920,26.60,2009-04-22T12:00:00+00:00
1.863060,45.796830,8.50,2009-04-22T12:00:00+00:00
1.863060,45.804300,3.30,2009-04-22T12:00:00+00:00
1.865220,45.777830,1.20,2009-04-22T12:00:00+00:00
1.863060,45.818300,2.30,2009-04-22T12:00:00+00:00
1.863020,45.805830,25.30,2009-04-22T12:00:00+00:00
1.863080,45.806000,26.80,2009-04-22T12:00:00+00:00
1.863090,45.793020,1.40,2009-04-22T12:00:00+00:00
1.863090,45.793780,11.70,2009-04-22T12:00:00+00:00
1.863110,45.806090,27.10,2009-04-22T12:00:00+00:00
1.863140,45.793860,12.00,2009-04-22T12:00:00+00:00
1.863140,45.806180,26.80,2009-04-22T12:00:00+00:00
1.863150,45.796880,9.20,2009-04-22T12:00:00+00:00
1.863060,45.816170,11.50,2009-04-22T12:00:00+00:00
1.863000,45.805370,21.30,2009-04-22T12:00:00+00:00
1.862980,45.805100,19.20,2009-04-22T12:00:00+00:00
1.862980,45.817200,15.60,2009-04-22T12:00:00+00:00
1.862990,45.804820,16.80,2009-04-22T12:00:00+00:00
1.862990,45.804920,18.30,2009-04-22T12:00:00+00:00
1.862990,45.805280,20.60,2009-04-22T12:00:00+00:00
1.862990,45.805460,21.80,2009-04-22T12:00:00+00:00
1.862990,45.818420,0.60,2009-04-22T12:00:00+00:00
1.863040,45.818240,3.80,2009-04-22T12:00:00+00:00
1.863000,45.804740,14.90,2009-04-22T12:00:00+00:00
1.863030,45.804460,8.40,2009-04-22T12:00:00+00:00
1.863000,45.805550,22.30,2009-04-22T12:00:00+00:00
1.863000,45.805640,22.80,2009-04-22T12:00:00+00:00
1.863000,45.805740,22.70,2009-04-22T12:00:00+00:00
1.863000,45.818150,6.00,2009-04-22T12:00:00+00:00
1.863020,45.793710,11.40,2009-04-22T12:00:00+00:00
1.863020,45.804550,10.60,2009-04-22T12:00:00+00:00
1.863170,45.817080,15.30,2009-04-22T12:00:00+00:00
1.863000,45.804640,12.60,2009-04-22T12:00:00+00:00
1.863300,45.807740,25.70,2009-04-22T12:00:00+00:00
1.863170,45.793030,2.10,2009-04-22T12:00:00+00:00
1.863290,45.807570,25.70,2009-04-22T12:00:00+00:00
1.863290,45.808850,24.90,2009-04-22T12:00:00+00:00
1.863290,45.808910,23.90,2009-04-22T12:00:00+00:00
1.863290,45.808990,21.10,2009-04-22T12:00:00+00:00
1.863290,45.809080,15.80,2009-04-22T12:00:00+00:00
1.863300,45.807390,26.00,2009-04-22T12:00:00+00:00
1.863280,45.807220,26.50,2009-04-22T12:00:00+00:00
1.863300,45.807660,25.60,2009-04-22T12:00:00+00:00
1.863280,45.794120,12.40,2009-04-22T12:00:00+00:00
1.863300,45.807830,25.70,2009-04-22T12:00:00+00:00
1.863300,45.807910,25.90,2009-04-22T12:00:00+00:00
1.863300,45.808000,25.10,2009-04-22T12:00:00+00:00
1.863300,45.808770,25.90,2009-04-22T12:00:00+00:00
1.863310,45.808090,25.50,2009-04-22T12:00:00+00:00
1.863310,45.808600,26.60,2009-04-22T12:00:00+00:00
1.863310,45.808680,26.40,2009-04-22T12:00:00+00:00
1.863300,45.807480,25.50,2009-04-22T12:00:00+00:00
1.863240,45.806800,25.90,2009-04-22T12:00:00+00:00
1.862980,45.796770,8.30,2009-04-22T12:00:00+00:00
1.863180,45.793950,12.10,2009-04-22T12:00:00+00:00
1.863180,45.816180,10.40,2009-04-22T12:00:00+00:00
1.863200,45.806360,27.60,2009-04-22T12:00:00+00:00
1.863220,45.806440,27.10,2009-04-22T12:00:00+00:00
1.863230,45.806960,25.70,2009-04-22T12:00:00+00:00
1.863240,45.794040,12.40,2009-04-22T12:00:00+00:00
1.863290,45.807310,26.20,2009-04-22T12:00:00+00:00
1.863240,45.806530,27.20,2009-04-22T12:00:00+00:00
1.863170,45.806270,26.90,2009-04-22T12:00:00+00:00
1.863240,45.806880,25.90,2009-04-22T12:00:00+00:00
1.863250,45.806620,26.50,2009-04-22T12:00:00+00:00
1.863250,45.806710,26.70,2009-04-22T12:00:00+00:00
1.863250,45.807050,25.80,2009-04-22T12:00:00+00:00
1.863260,45.807140,26.00,2009-04-22T12:00:00+00:00
1.863270,45.817020,15.30,2009-04-22T12:00:00+00:00
1.863280,45.793050,2.90,2009-04-22T12:00:00+00:00
1.863240,45.796920,10.50,2009-04-22T12:00:00+00:00
1.862620,45.796470,8.80,2009-04-22T12:00:00+00:00
1.862680,45.818440,2.60,2009-04-22T12:00:00+00:00
1.862550,45.816190,16.20,2009-04-22T12:00:00+00:00
1.862560,45.793080,2.70,2009-04-22T12:00:00+00:00
1.862560,45.818420,3.30,2009-04-22T12:00:00+00:00
1.862580,45.792930,0.80,2009-04-22T12:00:00+00:00
1.862580,45.804230,1.20,2009-04-22T12:00:00+00:00
1.862580,45.817710,13.60,2009-04-22T12:00:00+00:00
1.862550,45.796400,10.30,2009-04-22T12:00:00+00:00
1.862620,45.793160,3.40,2009-04-22T12:00:00+00:00
1.862540,45.814500,6.50,2009-04-22T12:00:00+00:00
1.862640,45.814440,5.10,2009-04-22T12:00:00+00:00
1.862660,45.792960,1.20,2009-04-22T12:00:00+00:00
1.862660,45.793230,4.20,2009-04-22T12:00:00+00:00
1.862660,45.813750,3.40,2009-04-22T12:00:00+00:00
1.862660,45.817780,12.80,2009-04-22T12:00:00+00:00
1.862670,45.816170,14.80,2009-04-22T12:00:00+00:00
1.862980,45.805000,18.50,2009-04-22T12:00:00+00:00
1.862600,45.817420,14.90,2009-04-22T12:00:00+00:00
1.862450,45.814550,8.30,2009-04-22T12:00:00+00:00
1.862330,45.818400,5.10,2009-04-22T12:00:00+00:00
1.862350,45.804180,1.70,2009-04-22T12:00:00+00:00
1.862380,45.814600,9.80,2009-04-22T12:00:00+00:00
1.862400,45.796280,12.80,2009-04-22T12:00:00+00:00
1.862400,45.817520,14.40,2009-04-22T12:00:00+00:00
1.862410,45.817570,14.60,2009-04-22T12:00:00+00:00
1.862430,45.804210,1.40,2009-04-22T12:00:00+00:00
1.862550,45.813780,5.20,2009-04-22T12:00:00+00:00
1.862430,45.816200,16.80,2009-04-22T12:00:00+00:00
1.862690,45.796520,8.10,2009-04-22T12:00:00+00:00
1.862450,45.818410,4.30,2009-04-22T12:00:00+00:00
1.862480,45.796340,11.80,2009-04-22T12:00:00+00:00
1.862480,45.817640,14.20,2009-04-22T12:00:00+00:00
1.862500,45.804230,1.50,2009-04-22T12:00:00+00:00
1.862500,45.817480,14.60,2009-04-22T12:00:00+00:00
1.862510,45.792950,0.80,2009-04-22T12:00:00+00:00
1.862510,45.793010,1.60,2009-04-22T12:00:00+00:00
1.862430,45.813800,6.90,2009-04-22T12:00:00+00:00
1.862900,45.818440,1.00,2009-04-22T12:00:00+00:00
1.862680,45.804230,1.10,2009-04-22T12:00:00+00:00
1.862840,45.814110,0.80,2009-04-22T12:00:00+00:00
1.862850,45.793460,9.60,2009-04-22T12:00:00+00:00
1.862850,45.813910,1.30,2009-04-22T12:00:00+00:00
1.862860,45.793000,0.90,2009-04-22T12:00:00+00:00
1.862870,45.814040,0.70,2009-04-22T12:00:00+00:00
1.862880,45.804200,1.10,2009-04-22T12:00:00+00:00
1.862840,45.796650,8.10,2009-04-22T12:00:00+00:00
1.862880,45.818000,9.70,2009-04-22T12:00:00+00:00
1.862830,45.814240,1.10,2009-04-22T12:00:00+00:00
1.862910,45.793540,10.80,2009-04-22T12:00:00+00:00
1.862910,45.796710,8.00,2009-04-22T12:00:00+00:00
1.862930,45.816160,11.90,2009-04-22T12:00:00+00:00
1.862930,45.818070,8.00,2009-04-22T12:00:00+00:00
1.862960,45.793630,11.10,2009-04-22T12:00:00+00:00
1.862970,45.793010,1.10,2009-04-22T12:00:00+00:00
1.863320,45.796980,11.60,2009-04-22T12:00:00+00:00
1.862880,45.817260,15.60,2009-04-22T12:00:00+00:00
1.862790,45.817310,15.20,2009-04-22T12:00:00+00:00
1.862690,45.817370,15.10,2009-04-22T12:00:00+00:00
1.862730,45.793300,6.30,2009-04-22T12:00:00+00:00
1.862730,45.814380,3.50,2009-04-22T12:00:00+00:00
1.862740,45.817840,11.70,2009-04-22T12:00:00+00:00
1.862760,45.792970,0.90,2009-04-22T12:00:00+00:00
1.862760,45.796580,7.90,2009-04-22T12:00:00+00:00
1.862760,45.813730,2.00,2009-04-22T12:00:00+00:00
1.862840,45.813980,1.20,2009-04-22T12:00:00+00:00
1.862790,45.793390,8.10,2009-04-22T12:00:00+00:00
1.862980,45.804190,1.70,2009-04-22T12:00:00+00:00
1.862790,45.818440,1.70,2009-04-22T12:00:00+00:00
1.862800,45.814320,2.10,2009-04-22T12:00:00+00:00
1.862800,45.816160,13.00,2009-04-22T12:00:00+00:00
1.862810,45.814170,0.80,2009-04-22T12:00:00+00:00
1.862820,45.817910,10.60,2009-04-22T12:00:00+00:00
1.862830,45.813760,1.60,2009-04-22T12:00:00+00:00
1.862830,45.813830,1.50,2009-04-22T12:00:00+00:00
1.862780,45.804210,1.40,2009-04-22T12:00:00+00:00
1.864420,45.797180,6.60,2009-04-22T12:00:00+00:00
1.864640,45.793380,14.00,2009-04-22T12:00:00+00:00
1.864320,45.797580,1.90,2009-04-22T12:00:00+00:00
1.864330,45.809370,4.30,2009-04-22T12:00:00+00:00
1.864340,45.796960,10.10,2009-04-22T12:00:00+00:00
1.864370,45.797040,9.40,2009-04-22T12:00:00+00:00
1.864370,45.797470,2.30,2009-04-22T12:00:00+00:00
1.864390,45.809300,5.80,2009-04-22T12:00:00+00:00
1.864320,45.796880,10.70,2009-04-22T12:00:00+00:00
1.864420,45.793320,13.70,2009-04-22T12:00:00+00:00
1.864310,45.793300,13.20,2009-04-22T12:00:00+00:00
1.864430,45.797410,2.30,2009-04-22T12:00:00+00:00
1.864450,45.797250,4.70,2009-04-22T12:00:00+00:00
1.864450,45.809210,8.10,2009-04-22T12:00:00+00:00
1.864470,45.797330,3.00,2009-04-22T12:00:00+00:00
1.864520,45.809140,13.80,2009-04-22T12:00:00+00:00
1.864530,45.793350,13.80,2009-04-22T12:00:00+00:00
1.864190,45.796550,8.80,2009-04-22T12:00:00+00:00
1.864400,45.797110,8.70,2009-04-22T12:00:00+00:00
1.864260,45.797680,0.70,2009-04-22T12:00:00+00:00
1.863310,45.809160,10.60,2009-04-22T12:00:00+00:00
1.864210,45.795470,1.10,2009-04-22T12:00:00+00:00
1.864210,45.796220,9.30,2009-04-22T12:00:00+00:00
1.864220,45.796640,9.70,2009-04-22T12:00:00+00:00
1.864230,45.795560,1.00,2009-04-22T12:00:00+00:00
1.864240,45.795650,1.20,2009-04-22T12:00:00+00:00
1.864240,45.796130,9.90,2009-04-22T12:00:00+00:00
1.864320,45.797530,2.40,2009-04-22T12:00:00+00:00
1.864260,45.796720,10.30,2009-04-22T12:00:00+00:00
1.864650,45.808980,23.80,2009-04-22T12:00:00+00:00
1.864260,45.809450,3.20,2009-04-22T12:00:00+00:00
1.864270,45.796060,9.30,2009-04-22T12:00:00+00:00
1.864280,45.795820,3.20,2009-04-22T12:00:00+00:00
1.864280,45.796800,10.50,2009-04-22T12:00:00+00:00
1.864300,45.795900,5.50,2009-04-22T12:00:00+00:00
1.864300,45.795990,7.80,2009-04-22T12:00:00+00:00
1.864300,45.797650,1.20,2009-04-22T12:00:00+00:00
1.864260,45.795730,1.90,2009-04-22T12:00:00+00:00
1.865100,45.808340,25.30,2009-04-22T12:00:00+00:00
1.864580,45.809060,19.70,2009-04-22T12:00:00+00:00
1.864980,45.808510,25.60,2009-04-22T12:00:00+00:00
1.865030,45.781190,1.80,2009-04-22T12:00:00+00:00
1.865040,45.777590,0.70,2009-04-22T12:00:00+00:00
1.865040,45.777640,0.60,2009-04-22T12:00:00+00:00
1.865040,45.808430,25.60,2009-04-22T12:00:00+00:00
1.865080,45.781780,3.60,2009-04-22T12:00:00+00:00
1.864970,45.793480,14.70,2009-04-22T12:00:00+00:00
1.865090,45.777700,1.10,2009-04-22T12:00:00+00:00
1.864960,45.781200,1.10,2009-04-22T12:00:00+00:00
1.865120,45.777580,0.90,2009-04-22T12:00:00+00:00
1.865120,45.781180,2.50,2009-04-22T12:00:00+00:00
1.865150,45.777760,1.30,2009-04-22T12:00:00+00:00
1.865150,45.808260,25.00,2009-04-22T12:00:00+00:00
1.865180,45.781760,4.40,2009-04-22T12:00:00+00:00
1.865190,45.793550,15.10,2009-04-22T12:00:00+00:00
1.869680,45.777650,1.80,2009-04-22T12:00:00+00:00
1.865080,45.793510,14.80,2009-04-22T12:00:00+00:00
1.864830,45.781450,2.00,2009-04-22T12:00:00+00:00
1.864710,45.808910,25.70,2009-04-22T12:00:00+00:00
1.864750,45.793410,14.40,2009-04-22T12:00:00+00:00
1.864770,45.781570,2.00,2009-04-22T12:00:00+00:00
1.864770,45.808830,26.40,2009-04-22T12:00:00+00:00
1.864780,45.781670,1.80,2009-04-22T12:00:00+00:00
1.864790,45.781540,2.10,2009-04-22T12:00:00+00:00
1.864810,45.781700,1.90,2009-04-22T12:00:00+00:00
1.864980,45.781770,3.00,2009-04-22T12:00:00+00:00
1.864820,45.808750,27.10,2009-04-22T12:00:00+00:00
1.864180,45.795380,1.40,2009-04-22T12:00:00+00:00
1.864830,45.781620,1.80,2009-04-22T12:00:00+00:00
1.864860,45.781350,1.20,2009-04-22T12:00:00+00:00
1.864860,45.793450,14.40,2009-04-22T12:00:00+00:00
1.864870,45.808670,25.30,2009-04-22T12:00:00+00:00
1.864880,45.781260,1.00,2009-04-22T12:00:00+00:00
1.864890,45.781760,2.10,2009-04-22T12:00:00+00:00
1.864930,45.808580,25.70,2009-04-22T12:00:00+00:00
1.864820,45.781420,1.60,2009-04-22T12:00:00+00:00
1.863640,45.797230,13.30,2009-04-22T12:00:00+00:00
1.863720,45.809660,2.30,2009-04-22T12:00:00+00:00
1.863530,45.809400,1.10,2009-04-22T12:00:00+00:00
1.863540,45.816850,15.10,2009-04-22T12:00:00+00:00
1.863550,45.797170,13.30,2009-04-22T12:00:00+00:00
1.863550,45.816190,3.90,2009-04-22T12:00:00+00:00
1.863570,45.794510,9.50,2009-04-22T12:00:00+00:00
1.863580,45.809460,1.70,2009-04-22T12:00:00+00:00
1.863510,45.793100,5.10,2009-04-22T12:00:00+00:00
1.863620,45.794590,8.70,2009-04-22T12:00:00+00:00
1.863470,45.797110,13.10,2009-04-22T12:00:00+00:00
1.863640,45.809530,2.60,2009-04-22T12:00:00+00:00
1.863650,45.816790,14.50,2009-04-22T12:00:00+00:00
1.863670,45.809600,2.10,2009-04-22T12:00:00+00:00
1.863680,45.794670,7.60,2009-04-22T12:00:00+00:00
1.863680,45.816190,2.40,2009-04-22T12:00:00+00:00
1.863710,45.797300,13.10,2009-04-22T12:00:00+00:00
1.864200,45.793270,13.10,2009-04-22T12:00:00+00:00
1.863620,45.793140,6.30,2009-04-22T12:00:00+00:00
1.863360,45.816960,15.20,2009-04-22T12:00:00+00:00
1.862300,45.817580,14.20,2009-04-22T12:00:00+00:00
1.863320,45.808170,25.30,2009-04-22T12:00:00+00:00
1.863320,45.808260,26.50,2009-04-22T12:00:00+00:00
1.863330,45.794200,12.10,2009-04-22T12:00:00+00:00
1.863330,45.808350,27.60,2009-04-22T12:00:00+00:00
1.863330,45.808430,27.20,2009-04-22T12:00:00+00:00
1.863330,45.808520,27.10,2009-04-22T12:00:00+00:00
1.863510,45.794440,10.40,2009-04-22T12:00:00+00:00
1.863360,45.809300,2.10,2009-04-22T12:00:00+00:00
1.863740,45.793170,7.80,2009-04-22T12:00:00+00:00
1.863380,45.794280,12.00,2009-04-22T12:00:00+00:00
1.863390,45.793070,3.70,2009-04-22T12:00:00+00:00
1.863400,45.797040,12.90,2009-04-22T12:00:00+00:00
1.863440,45.794360,11.30,2009-04-22T12:00:00+00:00
1.863440,45.809350,1.20,2009-04-22T12:00:00+00:00
1.863440,45.816190,6.70,2009-04-22T12:00:00+00:00
1.863460,45.816910,15.50,2009-04-22T12:00:00+00:00
1.863330,45.809240,4.50,2009-04-22T12:00:00+00:00
1.864140,45.795300,1.60,2009-04-22T12:00:00+00:00
1.863720,45.794750,6.30,2009-04-22T12:00:00+00:00
1.864030,45.809660,1.70,2009-04-22T12:00:00+00:00
1.864060,45.797600,3.80,2009-04-22T12:00:00+00:00
1.864060,45.816600,6.60,2009-04-22T12:00:00+00:00
1.864080,45.793240,12.40,2009-04-22T12:00:00+00:00
1.864080,45.795220,1.90,2009-04-22T12:00:00+00:00
1.864080,45.816420,2.00,2009-04-22T12:00:00+00:00
1.864020,45.816360,1.70,2009-04-22T12:00:00+00:00
1.864120,45.797640,2.20,2009-04-22T12:00:00+00:00
1.863980,45.797550,6.40,2009-04-22T12:00:00+00:00
1.864140,45.796380,7.70,2009-04-22T12:00:00+00:00
1.864160,45.796300,8.50,2009-04-22T12:00:00+00:00
1.864160,45.796470,7.90,2009-04-22T12:00:00+00:00
1.864160,45.816480,2.60,2009-04-22T12:00:00+00:00
1.864160,45.816540,4.00,2009-04-22T12:00:00+00:00
1.864170,45.797700,0.80,2009-04-22T12:00:00+00:00
1.864170,45.809520,2.10,2009-04-22T12:00:00+00:00
1.864100,45.809590,1.60,2009-04-22T12:00:00+00:00
1.863880,45.809740,1.40,2009-04-22T12:00:00+00:00
1.863750,45.816730,14.00,2009-04-22T12:00:00+00:00
1.863760,45.816230,2.60,2009-04-22T12:00:00+00:00
1.863770,45.794830,5.10,2009-04-22T12:00:00+00:00
1.863780,45.797360,12.20,2009-04-22T12:00:00+00:00
1.863780,45.809720,1.80,2009-04-22T12:00:00+00:00
1.863830,45.816290,2.40,2009-04-22T12:00:00+00:00
1.863840,45.797430,10.50,2009-04-22T12:00:00+00:00
1.864030,45.795140,2.10,2009-04-22T12:00:00+00:00
1.863860,45.793190,9.70,2009-04-22T12:00:00+00:00
1.863310,45.816190,8.50,2009-04-22T12:00:00+00:00
1.863900,45.794990,3.30,2009-04-22T12:00:00+00:00
1.863910,45.797490,8.70,2009-04-22T12:00:00+00:00
1.863930,45.816310,1.90,2009-04-22T12:00:00+00:00
1.863950,45.816640,11.20,2009-04-22T12:00:00+00:00
1.863970,45.793220,11.40,2009-04-22T12:00:00+00:00
1.863970,45.795060,2.80,2009-04-22T12:00:00+00:00
1.863970,45.809720,1.30,2009-04-22T12:00:00+00:00
1.863850,45.816690,13.20,2009-04-22T12:00:00+00:00
1.860470,45.809680,1.00,2009-04-22T12:00:00+00:00
1.860540,45.794940,12.20,2009-04-22T12:00:00+00:00
1.860460,45.809600,1.40,2009-04-22T12:00:00+00:00
1.860460,45.809620,1.20,2009-04-22T12:00:00+00:00
1.860460,45.809700,0.90,2009-04-22T12:00:00+00:00
1.860460,45.809720,0.70,2009-04-22T12:00:00+00:00
1.860460,45.809740,0.50,2009-04-22T12:00:00+00:00
1.860460,45.815760,19.70,2009-04-22T12:00:00+00:00
1.860460,45.798140,17.30,2009-04-22T12:00:00+00:00
1.860470,45.807830,17.40,2009-04-22T12:00:00+00:00
1.860460,45.794890,11.90,2009-04-22T12:00:00+00:00
1.860480,45.809640,0.90,2009-04-22T12:00:00+00:00
1.860480,45.816600,9.30,2009-04-22T12:00:00+00:00
1.860490,45.809670,0.80,2009-04-22T12:00:00+00:00
1.860500,45.798220,16.80,2009-04-22T12:00:00+00:00
1.860500,45.807740,19.40,2009-04-22T12:00:00+00:00
1.860500,45.809660,0.80,2009-04-22T12:00:00+00:00
1.860400,45.799950,1.50,2009-04-22T12:00:00+00:00
1.860460,45.815910,18.70,2009-04-22T12:00:00+00:00
1.860430,45.809600,1.70,2009-04-22T12:00:00+00:00
1.860800,45.799870,2.00,2009-04-22T12:00:00+00:00
1.860410,45.808000,14.60,2009-04-22T12:00:00+00:00
1.860410,45.809580,2.10,2009-04-22T12:00:00+00:00
1.860420,45.798060,17.90,2009-04-22T12:00:00+00:00
1.860420,45.809580,1.80,2009-04-22T12:00:00+00:00
1.860420,45.809590,1.80,2009-04-22T12:00:00+00:00
1.860420,45.809760,0.70,2009-04-22T12:00:00+00:00
1.860460,45.799980,1.40,2009-04-22T12:00:00+00:00
1.860430,45.809580,1.70,2009-04-22T12:00:00+00:00
1.860540,45.798310,15.30,2009-04-22T12:00:00+00:00
1.860440,45.786440,3.30,2009-04-22T12:00:00+00:00
1.860440,45.807910,15.80,2009-04-22T12:00:00+00:00
1.860440,45.809590,1.60,2009-04-22T12:00:00+00:00
1.860440,45.809600,1.50,2009-04-22T12:00:00+00:00
1.860440,45.809610,1.50,2009-04-22T12:00:00+00:00
1.860440,45.809760,0.60,2009-04-22T12:00:00+00:00
1.860440,45.814360,21.90,2009-04-22T12:00:00+00:00
1.860430,45.786440,3.70,2009-04-22T12:00:00+00:00
1.860760,45.786550,1.40,2009-04-22T12:00:00+00:00
1.860530,45.786420,2.90,2009-04-22T12:00:00+00:00
1.860680,45.799970,1.10,2009-04-22T12:00:00+00:00
1.860710,45.807240,26.70,2009-04-22T12:00:00+00:00
1.860720,45.795060,12.50,2009-04-22T12:00:00+00:00
1.860720,45.816530,13.00,2009-04-22T12:00:00+00:00
1.860740,45.798720,10.90,2009-04-22T12:00:00+00:00
1.860740,45.816100,16.40,2009-04-22T12:00:00+00:00
1.860670,45.807320,26.70,2009-04-22T12:00:00+00:00
1.860750,45.815580,20.30,2009-04-22T12:00:00+00:00
1.860660,45.798560,12.30,2009-04-22T12:00:00+00:00
1.860760,45.799930,1.50,2009-04-22T12:00:00+00:00
1.860770,45.786370,1.90,2009-04-22T12:00:00+00:00
1.860770,45.798800,10.30,2009-04-22T12:00:00+00:00
1.860780,45.814230,21.10,2009-04-22T12:00:00+00:00
1.860790,45.807070,26.60,2009-04-22T12:00:00+00:00
1.860800,45.795120,12.80,2009-04-22T12:00:00+00:00
1.862330,45.817490,15.50,2009-04-22T12:00:00+00:00
1.860750,45.807160,26.30,2009-04-22T12:00:00+00:00
1.860610,45.800000,0.80,2009-04-22T12:00:00+00:00
1.860540,45.799980,0.80,2009-04-22T12:00:00+00:00
1.860540,45.807660,22.90,2009-04-22T12:00:00+00:00
1.860550,45.786490,2.40,2009-04-22T12:00:00+00:00
1.860560,45.814320,21.40,2009-04-22T12:00:00+00:00
1.860560,45.815700,20.20,2009-04-22T12:00:00+00:00
1.860560,45.815970,18.00,2009-04-22T12:00:00+00:00
1.860570,45.807580,26.50,2009-04-22T12:00:00+00:00
1.860670,45.814280,21.20,2009-04-22T12:00:00+00:00
1.860600,45.807490,28.00,2009-04-22T12:00:00+00:00
1.860380,45.808090,13.60,2009-04-22T12:00:00+00:00
1.860630,45.795000,12.50,2009-04-22T12:00:00+00:00
1.860630,45.798480,13.40,2009-04-22T12:00:00+00:00
1.860640,45.807410,27.40,2009-04-22T12:00:00+00:00
1.860650,45.786520,1.80,2009-04-22T12:00:00+00:00
1.860650,45.815630,20.30,2009-04-22T12:00:00+00:00
1.860650,45.816040,17.60,2009-04-22T12:00:00+00:00
1.860660,45.786400,2.20,2009-04-22T12:00:00+00:00
1.860590,45.798400,14.40,2009-04-22T12:00:00+00:00
1.860230,45.799760,3.80,2009-04-22T12:00:00+00:00
1.860250,45.808690,10.20,2009-04-22T12:00:00+00:00
1.860180,45.797550,21.40,2009-04-22T12:00:00+00:00
1.860180,45.815730,20.30,2009-04-22T12:00:00+00:00
1.860180,45.815950,16.30,2009-04-22T12:00:00+00:00
1.860200,45.786500,4.60,2009-04-22T12:00:00+00:00
1.860200,45.794710,10.50,2009-04-22T12:00:00+00:00
1.860220,45.797640,21.20,2009-04-22T12:00:00+00:00
1.860170,45.809890,2.50,2009-04-22T12:00:00+00:00
1.860220,45.814430,21.70,2009-04-22T12:00:00+00:00
1.860150,45.799700,4.70,2009-04-22T12:00:00+00:00
1.860230,45.809040,8.00,2009-04-22T12:00:00+00:00
1.860230,45.809130,7.10,2009-04-22T12:00:00+00:00
1.860240,45.808870,8.80,2009-04-22T12:00:00+00:00
1.860240,45.808960,8.20,2009-04-22T12:00:00+00:00
1.860240,45.809220,6.90,2009-04-22T12:00:00+00:00
1.860250,45.808520,11.40,2009-04-22T12:00:00+00:00
1.860400,45.809760,1.10,2009-04-22T12:00:00+00:00
1.860220,45.809890,2.00,2009-04-22T12:00:00+00:00
1.860090,45.786520,4.90,2009-04-22T12:00:00+00:00
1.860000,45.815600,20.30,2009-04-22T12:00:00+00:00
1.860020,45.816730,4.00,2009-04-22T12:00:00+00:00
1.860030,45.794590,10.20,2009-04-22T12:00:00+00:00
1.860030,45.797200,22.10,2009-04-22T12:00:00+00:00
1.860060,45.809960,2.60,2009-04-22T12:00:00+00:00
1.860070,45.797280,21.80,2009-04-22T12:00:00+00:00
1.860080,45.799630,6.20,2009-04-22T12:00:00+00:00
1.860180,45.786290,3.70,2009-04-22T12:00:00+00:00
1.860090,45.786270,2.80,2009-04-22T12:00:00+00:00
1.860250,45.808780,9.70,2009-04-22T12:00:00+00:00
1.860090,45.815660,20.60,2009-04-22T12:00:00+00:00
1.860100,45.797360,21.90,2009-04-22T12:00:00+00:00
1.860100,45.814470,22.00,2009-04-22T12:00:00+00:00
1.860110,45.794650,10.20,2009-04-22T12:00:00+00:00
1.860110,45.809910,2.70,2009-04-22T12:00:00+00:00
1.860130,45.816700,5.40,2009-04-22T12:00:00+00:00
1.860150,45.797450,21.80,2009-04-22T12:00:00+00:00
1.860080,45.816000,15.30,2009-04-22T12:00:00+00:00
1.860360,45.816630,7.80,2009-04-22T12:00:00+00:00
1.860250,45.808600,10.80,2009-04-22T12:00:00+00:00
1.860320,45.808260,12.40,2009-04-22T12:00:00+00:00
1.860320,45.809740,1.90,2009-04-22T12:00:00+00:00
1.860330,45.809520,3.20,2009-04-22T12:00:00+00:00
1.860330,45.814400,21.70,2009-04-22T12:00:00+00:00
1.860340,45.797890,20.00,2009-04-22T12:00:00+00:00
1.860350,45.808170,12.90,2009-04-22T12:00:00+00:00
1.860310,45.809780,1.70,2009-04-22T12:00:00+00:00
1.860360,45.786390,3.70,2009-04-22T12:00:00+00:00
1.860310,45.809770,1.80,2009-04-22T12:00:00+00:00
1.860370,45.794830,11.50,2009-04-22T12:00:00+00:00
1.860370,45.797980,18.70,2009-04-22T12:00:00+00:00
1.860370,45.799890,2.20,2009-04-22T12:00:00+00:00
1.860370,45.809560,2.60,2009-04-22T12:00:00+00:00
1.860370,45.809750,1.30,2009-04-22T12:00:00+00:00
1.860370,45.815820,18.30,2009-04-22T12:00:00+00:00
1.860370,45.815850,19.50,2009-04-22T12:00:00+00:00
1.860350,45.809740,1.70,2009-04-22T12:00:00+00:00
1.860280,45.815880,17.40,2009-04-22T12:00:00+00:00
1.860250,45.809310,6.30,2009-04-22T12:00:00+00:00
1.860250,45.816660,6.40,2009-04-22T12:00:00+00:00
1.860260,45.797720,20.70,2009-04-22T12:00:00+00:00
1.860270,45.808440,11.70,2009-04-22T12:00:00+00:00
1.860270,45.809400,5.40,2009-04-22T12:00:00+00:00
1.860280,45.786340,3.90,2009-04-22T12:00:00+00:00
1.860280,45.794780,10.90,2009-04-22T12:00:00+00:00
1.860310,45.809800,1.50,2009-04-22T12:00:00+00:00
1.860280,45.815790,19.90,2009-04-22T12:00:00+00:00
1.860820,45.798970,9.00,2009-04-22T12:00:00+00:00
1.860290,45.799830,3.00,2009-04-22T12:00:00+00:00
1.860290,45.809470,4.10,2009-04-22T12:00:00+00:00
1.860290,45.809850,1.80,2009-04-22T12:00:00+00:00
1.860300,45.797800,20.30,2009-04-22T12:00:00+00:00
1.860300,45.809800,1.50,2009-04-22T12:00:00+00:00
1.860310,45.786470,4.30,2009-04-22T12:00:00+00:00
1.860310,45.809760,1.80,2009-04-22T12:00:00+00:00
1.860280,45.808350,12.00,2009-04-22T12:00:00+00:00
1.861830,45.805090,19.90,2009-04-22T12:00:00+00:00
1.861930,45.804920,17.50,2009-04-22T12:00:00+00:00
1.861770,45.817010,17.90,2009-04-22T12:00:00+00:00
1.861780,45.805160,20.40,2009-04-22T12:00:00+00:00
1.861780,45.818300,1.50,2009-04-22T12:00:00+00:00
1.861810,45.813900,11.20,2009-04-22T12:00:00+00:00
1.861810,45.816300,19.70,2009-04-22T12:00:00+00:00
1.861810,45.817830,12.00,2009-04-22T12:00:00+00:00
1.861750,45.795740,8.00,2009-04-22T12:00:00+00:00
1.861820,45.814940,19.00,2009-04-22T12:00:00+00:00
1.861720,45.815000,20.40,2009-04-22T12:00:00+00:00
1.861830,45.817080,17.70,2009-04-22T12:00:00+00:00
1.861860,45.818350,2.40,2009-04-22T12:00:00+00:00
1.861870,45.805010,19.20,2009-04-22T12:00:00+00:00
1.861890,45.795860,8.20,2009-04-22T12:00:00+00:00
1.861900,45.817160,17.50,2009-04-22T12:00:00+00:00
1.861910,45.814880,17.60,2009-04-22T12:00:00+00:00
1.861550,45.817990,4.10,2009-04-22T12:00:00+00:00
1.861820,45.795790,8.10,2009-04-22T12:00:00+00:00
1.861660,45.805410,20.30,2009-04-22T12:00:00+00:00
1.860800,45.798880,9.40,2009-04-22T12:00:00+00:00
1.861560,45.816340,20.00,2009-04-22T12:00:00+00:00
1.861580,45.795630,8.50,2009-04-22T12:00:00+00:00
1.861580,45.813970,13.30,2009-04-22T12:00:00+00:00
1.861600,45.805490,19.80,2009-04-22T12:00:00+00:00
1.861620,45.816860,18.10,2009-04-22T12:00:00+00:00
1.861630,45.815060,20.50,2009-04-22T12:00:00+00:00
1.861750,45.805240,20.80,2009-04-22T12:00:00+00:00
1.861640,45.818200,2.10,2009-04-22T12:00:00+00:00
1.861930,45.816280,19.30,2009-04-22T12:00:00+00:00
1.861670,45.795680,8.20,2009-04-22T12:00:00+00:00
1.861680,45.816320,19.90,2009-04-22T12:00:00+00:00
1.861690,45.813930,12.10,2009-04-22T12:00:00+00:00
1.861690,45.816940,18.30,2009-04-22T12:00:00+00:00
1.861700,45.805320,20.70,2009-04-22T12:00:00+00:00
1.861710,45.817880,10.70,2009-04-22T12:00:00+00:00
1.861710,45.818250,2.20,2009-04-22T12:00:00+00:00
1.861630,45.817940,7.70,2009-04-22T12:00:00+00:00
1.862220,45.818390,4.80,2009-04-22T12:00:00+00:00
1.861910,45.817780,13.20,2009-04-22T12:00:00+00:00
1.862160,45.804350,7.70,2009-04-22T12:00:00+00:00
1.862160,45.817350,16.30,2009-04-22T12:00:00+00:00
1.862180,45.816240,18.30,2009-04-22T12:00:00+00:00
1.862190,45.796100,10.90,2009-04-22T12:00:00+00:00
1.862190,45.804270,5.00,2009-04-22T12:00:00+00:00
1.862190,45.813840,9.90,2009-04-22T12:00:00+00:00
1.862120,45.804520,13.00,2009-04-22T12:00:00+00:00
1.862200,45.817620,14.20,2009-04-22T12:00:00+00:00
1.862110,45.817680,13.50,2009-04-22T12:00:00+00:00
1.862240,45.804200,2.90,2009-04-22T12:00:00+00:00
1.862250,45.817420,16.10,2009-04-22T12:00:00+00:00
1.862260,45.796160,12.70,2009-04-22T12:00:00+00:00
1.862290,45.814650,11.00,2009-04-22T12:00:00+00:00
1.862300,45.813820,8.40,2009-04-22T12:00:00+00:00
1.862300,45.816220,17.90,2009-04-22T12:00:00+00:00
1.865220,45.781140,2.90,2009-04-22T12:00:00+00:00
1.862190,45.814710,13.00,2009-04-22T12:00:00+00:00
1.862050,45.804680,16.20,2009-04-22T12:00:00+00:00
1.861940,45.813880,11.40,2009-04-22T12:00:00+00:00
1.861960,45.795920,8.40,2009-04-22T12:00:00+00:00
1.861960,45.804840,17.80,2009-04-22T12:00:00+00:00
1.861970,45.818370,3.30,2009-04-22T12:00:00+00:00
1.861980,45.817220,17.20,2009-04-22T12:00:00+00:00
1.861990,45.814820,16.10,2009-04-22T12:00:00+00:00
1.862010,45.804760,17.30,2009-04-22T12:00:00+00:00
1.862140,45.804430,10.70,2009-04-22T12:00:00+00:00
1.862030,45.795990,9.00,2009-04-22T12:00:00+00:00
1.861550,45.816790,18.10,2009-04-22T12:00:00+00:00
1.862050,45.816260,19.00,2009-04-22T12:00:00+00:00
1.862060,45.813860,10.80,2009-04-22T12:00:00+00:00
1.862070,45.817280,16.70,2009-04-22T12:00:00+00:00
1.862090,45.804600,14.80,2009-04-22T12:00:00+00:00
1.862090,45.814760,14.50,2009-04-22T12:00:00+00:00
1.862090,45.818380,4.00,2009-04-22T12:00:00+00:00
1.862110,45.796040,10.00,2009-04-22T12:00:00+00:00
1.862010,45.817730,13.50,2009-04-22T12:00:00+00:00
1.860980,45.806650,27.00,2009-04-22T12:00:00+00:00
1.861060,45.815410,21.10,2009-04-22T12:00:00+00:00
1.860930,45.799750,3.20,2009-04-22T12:00:00+00:00
1.860940,45.799660,5.10,2009-04-22T12:00:00+00:00
1.860950,45.786330,1.50,2009-04-22T12:00:00+00:00
1.860950,45.806740,27.00,2009-04-22T12:00:00+00:00
1.860960,45.786580,0.80,2009-04-22T12:00:00+00:00
1.860960,45.795240,11.40,2009-04-22T12:00:00+00:00
1.860930,45.786360,1.30,2009-04-22T12:00:00+00:00
1.860960,45.816480,16.20,2009-04-22T12:00:00+00:00
1.860920,45.816220,16.80,2009-04-22T12:00:00+00:00
1.860990,45.786440,1.10,2009-04-22T12:00:00+00:00
1.860990,45.814140,20.30,2009-04-22T12:00:00+00:00
1.861000,45.786510,0.80,2009-04-22T12:00:00+00:00
1.861010,45.816290,17.10,2009-04-22T12:00:00+00:00
1.861020,45.806570,25.70,2009-04-22T12:00:00+00:00
1.861050,45.795300,10.80,2009-04-22T12:00:00+00:00
1.861560,45.805570,18.60,2009-04-22T12:00:00+00:00
1.860960,45.815460,20.70,2009-04-22T12:00:00+00:00
1.860870,45.806910,26.60,2009-04-22T12:00:00+00:00
1.860820,45.799060,8.50,2009-04-22T12:00:00+00:00
1.860820,45.799160,8.40,2009-04-22T12:00:00+00:00
1.860820,45.806990,26.90,2009-04-22T12:00:00+00:00
1.860830,45.816160,16.80,2009-04-22T12:00:00+00:00
1.860840,45.799240,9.20,2009-04-22T12:00:00+00:00
1.860840,45.816510,14.20,2009-04-22T12:00:00+00:00
1.860850,45.799330,9.40,2009-04-22T12:00:00+00:00
1.860930,45.799580,6.50,2009-04-22T12:00:00+00:00
1.860860,45.786580,1.00,2009-04-22T12:00:00+00:00
1.861080,45.816440,17.30,2009-04-22T12:00:00+00:00
1.860880,45.786360,1.60,2009-04-22T12:00:00+00:00
1.860880,45.795180,11.90,2009-04-22T12:00:00+00:00
1.860880,45.799410,9.10,2009-04-22T12:00:00+00:00
1.860880,45.814180,20.90,2009-04-22T12:00:00+00:00
1.860900,45.799500,7.80,2009-04-22T12:00:00+00:00
1.860900,45.799830,2.20,2009-04-22T12:00:00+00:00
1.860910,45.806820,26.30,2009-04-22T12:00:00+00:00
1.860850,45.815520,20.50,2009-04-22T12:00:00+00:00
1.861460,45.814000,14.90,2009-04-22T12:00:00+00:00
1.861060,45.806480,22.20,2009-04-22T12:00:00+00:00
1.861340,45.816560,17.40,2009-04-22T12:00:00+00:00
1.861360,45.805900,16.80,2009-04-22T12:00:00+00:00
1.861410,45.795520,8.90,2009-04-22T12:00:00+00:00
1.861410,45.805810,17.30,2009-04-22T12:00:00+00:00
1.861410,45.816640,17.50,2009-04-22T12:00:00+00:00
1.861430,45.815180,21.20,2009-04-22T12:00:00+00:00
1.861340,45.814030,16.10,2009-04-22T12:00:00+00:00
1.861460,45.805730,17.60,2009-04-22T12:00:00+00:00
1.861320,45.816380,19.60,2009-04-22T12:00:00+00:00
1.861470,45.818120,1.40,2009-04-22T12:00:00+00:00
1.861480,45.816720,16.90,2009-04-22T12:00:00+00:00
1.861480,45.818040,2.40,2009-04-22T12:00:00+00:00
1.861500,45.795570,8.80,2009-04-22T12:00:00+00:00
1.861520,45.805650,18.10,2009-04-22T12:00:00+00:00
1.861530,45.815120,21.20,2009-04-22T12:00:00+00:00
1.861540,45.818160,1.90,2009-04-22T12:00:00+00:00
1.861430,45.816360,19.60,2009-04-22T12:00:00+00:00
1.861220,45.795420,9.80,2009-04-22T12:00:00+00:00
1.861100,45.806400,18.00,2009-04-22T12:00:00+00:00
1.861100,45.814100,19.10,2009-04-22T12:00:00+00:00
1.861100,45.816350,17.00,2009-04-22T12:00:00+00:00
1.861130,45.795350,10.40,2009-04-22T12:00:00+00:00
1.861150,45.806320,17.10,2009-04-22T12:00:00+00:00
1.861160,45.815350,21.30,2009-04-22T12:00:00+00:00
1.861190,45.806240,16.30,2009-04-22T12:00:00+00:00
1.861340,45.815230,21.20,2009-04-22T12:00:00+00:00
1.861190,45.816420,17.20,2009-04-22T12:00:00+00:00
1.862330,45.796220,13.50,2009-04-22T12:00:00+00:00
1.861220,45.814060,18.10,2009-04-22T12:00:00+00:00
1.861240,45.806150,16.00,2009-04-22T12:00:00+00:00
1.861240,45.815300,20.80,2009-04-22T12:00:00+00:00
1.861270,45.816490,17.40,2009-04-22T12:00:00+00:00
1.861280,45.806070,16.20,2009-04-22T12:00:00+00:00
1.861310,45.795470,9.30,2009-04-22T12:00:00+00:00
1.861320,45.805980,16.80,2009-04-22T12:00:00+00:00
1.861190,45.816410,18.30,2009-04-22T12:00:00+00:00
1.868670,45.780820,9.50,2009-04-22T12:00:00+00:00
1.868650,45.797730,5.80,2009-04-22T12:00:00+00:00
1.868650,45.797810,5.20,2009-04-22T12:00:00+00:00
1.868660,45.777900,3.20,2009-04-22T12:00:00+00:00
1.868660,45.789380,1.70,2009-04-22T12:00:00+00:00
1.868660,45.797560,7.20,2009-04-22T12:00:00+00:00
1.868660,45.797890,4.00,2009-04-22T12:00:00+00:00
1.865200,45.777570,0.50,2009-04-22T12:00:00+00:00
1.868660,45.809350,18.30,2009-04-22T12:00:00+00:00
1.868630,45.791730,15.60,2009-04-22T12:00:00+00:00
1.868670,45.789260,3.30,2009-04-22T12:00:00+00:00
1.868670,45.789320,2.50,2009-04-22T12:00:00+00:00
1.868670,45.797480,8.10,2009-04-22T12:00:00+00:00
1.868690,45.779380,8.90,2009-04-22T12:00:00+00:00
1.868690,45.798020,2.70,2009-04-22T12:00:00+00:00
1.868700,45.780230,4.60,2009-04-22T12:00:00+00:00
1.868700,45.791800,15.90,2009-04-22T12:00:00+00:00
1.868660,45.797960,3.40,2009-04-22T12:00:00+00:00
1.868600,45.789130,2.90,2009-04-22T12:00:00+00:00
1.868530,45.779500,8.40,2009-04-22T12:00:00+00:00
1.868540,45.780110,4.30,2009-04-22T12:00:00+00:00
1.868540,45.782900,10.60,2009-04-22T12:00:00+00:00
1.868540,45.789180,2.60,2009-04-22T12:00:00+00:00
1.868540,45.791660,15.10,2009-04-22T12:00:00+00:00
1.868550,45.777940,3.40,2009-04-22T12:00:00+00:00
1.868560,45.780850,9.40,2009-04-22T12:00:00+00:00
1.868650,45.797650,6.50,2009-04-22T12:00:00+00:00
1.868600,45.783750,10.50,2009-04-22T12:00:00+00:00
1.868640,45.789200,3.10,2009-04-22T12:00:00+00:00
1.868610,45.779440,8.80,2009-04-22T12:00:00+00:00
1.868610,45.794650,17.90,2009-04-22T12:00:00+00:00
1.868610,45.809270,19.90,2009-04-22T12:00:00+00:00
1.868620,45.780180,4.40,2009-04-22T12:00:00+00:00
1.868620,45.790720,18.40,2009-04-22T12:00:00+00:00
1.868630,45.782850,10.80,2009-04-22T12:00:00+00:00
1.868710,45.794690,17.90,2009-04-22T12:00:00+00:00
1.868560,45.809190,21.20,2009-04-22T12:00:00+00:00
1.868860,45.809580,14.80,2009-04-22T12:00:00+00:00
1.868700,45.797400,9.00,2009-04-22T12:00:00+00:00
1.868820,45.794720,17.80,2009-04-22T12:00:00+00:00
1.868820,45.797160,10.90,2009-04-22T12:00:00+00:00
1.868840,45.777800,2.70,2009-04-22T12:00:00+00:00
1.868840,45.783680,11.00,2009-04-22T12:00:00+00:00
1.868840,45.789420,1.90,2009-04-22T12:00:00+00:00
1.868840,45.791940,16.40,2009-04-22T12:00:00+00:00
1.868820,45.789160,3.80,2009-04-22T12:00:00+00:00
1.868850,45.780350,5.70,2009-04-22T12:00:00+00:00
1.868800,45.809500,16.10,2009-04-22T12:00:00+00:00
1.868870,45.779280,9.00,2009-04-22T12:00:00+00:00
1.868870,45.797080,12.00,2009-04-22T12:00:00+00:00
1.868890,45.782670,11.10,2009-04-22T12:00:00+00:00
1.868900,45.780750,9.90,2009-04-22T12:00:00+00:00
1.868920,45.789200,3.60,2009-04-22T12:00:00+00:00
1.868920,45.790840,18.90,2009-04-22T12:00:00+00:00
1.868920,45.794770,17.50,2009-04-22T12:00:00+00:00
1.868840,45.798190,0.60,2009-04-22T12:00:00+00:00
1.868760,45.798120,1.50,2009-04-22T12:00:00+00:00
1.868500,45.794610,17.70,2009-04-22T12:00:00+00:00
1.868720,45.782790,10.80,2009-04-22T12:00:00+00:00
1.868720,45.783720,10.80,2009-04-22T12:00:00+00:00
1.868720,45.790760,18.60,2009-04-22T12:00:00+00:00
1.868720,45.798080,2.00,2009-04-22T12:00:00+00:00
1.868730,45.809430,17.30,2009-04-22T12:00:00+00:00
1.868740,45.789420,1.50,2009-04-22T12:00:00+00:00
1.868820,45.790800,18.70,2009-04-22T12:00:00+00:00
1.868760,45.777850,2.70,2009-04-22T12:00:00+00:00
1.868710,45.789130,3.50,2009-04-22T12:00:00+00:00
1.868770,45.791870,16.10,2009-04-22T12:00:00+00:00
1.868770,45.797230,10.60,2009-04-22T12:00:00+00:00
1.868780,45.779330,9.10,2009-04-22T12:00:00+00:00
1.868780,45.780290,5.30,2009-04-22T12:00:00+00:00
1.868790,45.780790,9.70,2009-04-22T12:00:00+00:00
1.868800,45.782730,10.90,2009-04-22T12:00:00+00:00
1.868800,45.798160,1.20,2009-04-22T12:00:00+00:00
1.868740,45.797320,9.80,2009-04-22T12:00:00+00:00
1.868140,45.790500,5.10,2009-04-22T12:00:00+00:00
1.868220,45.790540,7.50,2009-04-22T12:00:00+00:00
1.868080,45.780950,8.90,2009-04-22T12:00:00+00:00
1.868080,45.794450,17.50,2009-04-22T12:00:00+00:00
1.868090,45.783180,10.00,2009-04-22T12:00:00+00:00
1.868090,45.808450,23.80,2009-04-22T12:00:00+00:00
1.868120,45.778090,3.70,2009-04-22T12:00:00+00:00
1.868140,45.779770,6.90,2009-04-22T12:00:00+00:00
1.868050,45.808370,23.90,2009-04-22T12:00:00+00:00
1.868140,45.783860,9.00,2009-04-22T12:00:00+00:00
1.868050,45.790500,2.40,2009-04-22T12:00:00+00:00
1.868140,45.791310,12.10,2009-04-22T12:00:00+00:00
1.868140,45.808540,24.00,2009-04-22T12:00:00+00:00
1.868170,45.794500,17.80,2009-04-22T12:00:00+00:00
1.868180,45.783120,10.20,2009-04-22T12:00:00+00:00
1.868190,45.808620,23.30,2009-04-22T12:00:00+00:00
1.868200,45.780920,9.00,2009-04-22T12:00:00+00:00
1.868520,45.790670,16.80,2009-04-22T12:00:00+00:00
1.868140,45.779800,7.00,2009-04-22T12:00:00+00:00
1.867980,45.794390,17.80,2009-04-22T12:00:00+00:00
1.867920,45.783280,10.30,2009-04-22T12:00:00+00:00
1.867920,45.791100,8.80,2009-04-22T12:00:00+00:00
1.867930,45.783940,8.60,2009-04-22T12:00:00+00:00
1.867930,45.808220,23.60,2009-04-22T12:00:00+00:00
1.867950,45.790610,1.10,2009-04-22T12:00:00+00:00
1.867960,45.779900,6.20,2009-04-22T12:00:00+00:00
1.867970,45.779640,7.70,2009-04-22T12:00:00+00:00
1.868060,45.791240,11.20,2009-04-22T12:00:00+00:00
1.867980,45.791180,10.10,2009-04-22T12:00:00+00:00
1.868220,45.791380,12.50,2009-04-22T12:00:00+00:00
1.868000,45.790540,1.30,2009-04-22T12:00:00+00:00
1.868000,45.808290,24.00,2009-04-22T12:00:00+00:00
1.868010,45.783230,10.30,2009-04-22T12:00:00+00:00
1.868020,45.778120,3.90,2009-04-22T12:00:00+00:00
1.868030,45.783900,8.80,2009-04-22T12:00:00+00:00
1.868050,45.779700,7.30,2009-04-22T12:00:00+00:00
1.868050,45.779850,6.60,2009-04-22T12:00:00+00:00
1.867970,45.780980,8.60,2009-04-22T12:00:00+00:00
1.868450,45.779560,8.30,2009-04-22T12:00:00+00:00
1.868220,45.779740,7.40,2009-04-22T12:00:00+00:00
1.868380,45.789080,1.40,2009-04-22T12:00:00+00:00
1.868390,45.779970,4.90,2009-04-22T12:00:00+00:00
1.868390,45.794570,18.00,2009-04-22T12:00:00+00:00
1.868400,45.808940,23.80,2009-04-22T12:00:00+00:00
1.868420,45.789180,1.90,2009-04-22T12:00:00+00:00
1.868430,45.790630,13.50,2009-04-22T12:00:00+00:00
1.868370,45.783800,10.10,2009-04-22T12:00:00+00:00
1.868450,45.777980,3.70,2009-04-22T12:00:00+00:00
1.868370,45.779620,7.90,2009-04-22T12:00:00+00:00
1.868450,45.782960,10.60,2009-04-22T12:00:00+00:00
1.868450,45.791600,14.50,2009-04-22T12:00:00+00:00
1.868460,45.809020,23.00,2009-04-22T12:00:00+00:00
1.868470,45.780040,4.50,2009-04-22T12:00:00+00:00
1.868480,45.783770,10.40,2009-04-22T12:00:00+00:00
1.868480,45.789110,2.20,2009-04-22T12:00:00+00:00
1.868940,45.777750,2.90,2009-04-22T12:00:00+00:00
1.868440,45.780870,9.40,2009-04-22T12:00:00+00:00
1.868300,45.791460,12.80,2009-04-22T12:00:00+00:00
1.868230,45.779830,6.30,2009-04-22T12:00:00+00:00
1.868240,45.778050,3.80,2009-04-22T12:00:00+00:00
1.868240,45.808700,25.00,2009-04-22T12:00:00+00:00
1.868250,45.783830,9.40,2009-04-22T12:00:00+00:00
1.868250,45.789140,1.30,2009-04-22T12:00:00+00:00
1.868280,45.783070,10.20,2009-04-22T12:00:00+00:00
1.868280,45.789090,1.00,2009-04-22T12:00:00+00:00
1.868370,45.791530,14.00,2009-04-22T12:00:00+00:00
1.868300,45.779680,7.60,2009-04-22T12:00:00+00:00
1.868510,45.809110,22.20,2009-04-22T12:00:00+00:00
1.868320,45.779900,5.60,2009-04-22T12:00:00+00:00
1.868320,45.780890,9.20,2009-04-22T12:00:00+00:00
1.868320,45.789200,1.30,2009-04-22T12:00:00+00:00
1.868330,45.790590,9.20,2009-04-22T12:00:00+00:00
1.868350,45.778020,3.80,2009-04-22T12:00:00+00:00
1.868350,45.808860,24.20,2009-04-22T12:00:00+00:00
1.868360,45.783020,10.60,2009-04-22T12:00:00+00:00
1.868280,45.794540,17.70,2009-04-22T12:00:00+00:00
1.869440,45.780560,9.90,2009-04-22T12:00:00+00:00
1.869470,45.777580,1.60,2009-04-22T12:00:00+00:00
1.869400,45.798310,1.60,2009-04-22T12:00:00+00:00
1.869400,45.810280,3.00,2009-04-22T12:00:00+00:00
1.869400,45.810910,1.90,2009-04-22T12:00:00+00:00
1.869410,45.777320,0.50,2009-04-22T12:00:00+00:00
1.869410,45.778960,8.00,2009-04-22T12:00:00+00:00
1.869410,45.782320,11.10,2009-04-22T12:00:00+00:00
1.869390,45.811280,3.70,2009-04-22T12:00:00+00:00
1.869420,45.795720,14.90,2009-04-22T12:00:00+00:00
1.869390,45.792310,17.90,2009-04-22T12:00:00+00:00
1.869450,45.789200,3.10,2009-04-22T12:00:00+00:00
1.869460,45.789330,5.70,2009-04-22T12:00:00+00:00
1.869460,45.791060,19.30,2009-04-22T12:00:00+00:00
1.869460,45.794960,15.10,2009-04-22T12:00:00+00:00
1.869460,45.795640,14.60,2009-04-22T12:00:00+00:00
1.869460,45.810360,2.90,2009-04-22T12:00:00+00:00
1.869320,45.780600,9.90,2009-04-22T12:00:00+00:00
1.869420,45.780890,10.40,2009-04-22T12:00:00+00:00
1.869350,45.811070,1.50,2009-04-22T12:00:00+00:00
1.868920,45.797000,12.60,2009-04-22T12:00:00+00:00
1.869330,45.779010,8.50,2009-04-22T12:00:00+00:00
1.869330,45.782380,11.30,2009-04-22T12:00:00+00:00
1.869340,45.811140,2.60,2009-04-22T12:00:00+00:00
1.869350,45.777340,0.50,2009-04-22T12:00:00+00:00
1.869350,45.789230,3.50,2009-04-22T12:00:00+00:00
1.869350,45.789300,5.10,2009-04-22T12:00:00+00:00
1.869400,45.777560,4.10,2009-04-22T12:00:00+00:00
1.869350,45.810200,4.10,2009-04-22T12:00:00+00:00
1.869480,45.780960,10.60,2009-04-22T12:00:00+00:00
1.869350,45.811220,2.70,2009-04-22T12:00:00+00:00
1.869360,45.780820,10.30,2009-04-22T12:00:00+00:00
1.869360,45.790990,19.20,2009-04-22T12:00:00+00:00
1.869360,45.795800,14.80,2009-04-22T12:00:00+00:00
1.869370,45.810980,1.80,2009-04-22T12:00:00+00:00
1.869380,45.777540,1.60,2009-04-22T12:00:00+00:00
1.869380,45.783480,11.60,2009-04-22T12:00:00+00:00
1.869350,45.794930,15.50,2009-04-22T12:00:00+00:00
1.869630,45.810600,3.90,2009-04-22T12:00:00+00:00
1.869460,45.810840,1.90,2009-04-22T12:00:00+00:00
1.869580,45.782200,11.20,2009-04-22T12:00:00+00:00
1.869590,45.778840,7.30,2009-04-22T12:00:00+00:00
1.869600,45.783400,11.50,2009-04-22T12:00:00+00:00
1.869610,45.795400,14.50,2009-04-22T12:00:00+00:00
1.869610,45.811340,5.90,2009-04-22T12:00:00+00:00
1.869620,45.798290,5.10,2009-04-22T12:00:00+00:00
1.869570,45.810520,2.50,2009-04-22T12:00:00+00:00
1.869630,45.789130,1.20,2009-04-22T12:00:00+00:00
1.869570,45.792430,18.50,2009-04-22T12:00:00+00:00
1.869630,45.810720,3.00,2009-04-22T12:00:00+00:00
1.869650,45.780480,10.30,2009-04-22T12:00:00+00:00
1.869650,45.795330,14.50,2009-04-22T12:00:00+00:00
1.869660,45.782130,11.10,2009-04-22T12:00:00+00:00
1.869670,45.778780,6.90,2009-04-22T12:00:00+00:00
1.869670,45.792500,18.50,2009-04-22T12:00:00+00:00
1.875040,45.807100,1.20,2009-04-22T12:00:00+00:00
1.869630,45.781100,10.70,2009-04-22T12:00:00+00:00
1.869540,45.780520,9.90,2009-04-22T12:00:00+00:00
1.869480,45.783430,11.50,2009-04-22T12:00:00+00:00
1.869490,45.777520,3.00,2009-04-22T12:00:00+00:00
1.869490,45.792370,18.00,2009-04-22T12:00:00+00:00
1.869500,45.778900,7.60,2009-04-22T12:00:00+00:00
1.869500,45.782260,11.30,2009-04-22T12:00:00+00:00
1.869500,45.811300,4.80,2009-04-22T12:00:00+00:00
1.869510,45.795560,14.60,2009-04-22T12:00:00+00:00
1.869580,45.777610,1.80,2009-04-22T12:00:00+00:00
1.869520,45.810440,2.70,2009-04-22T12:00:00+00:00
1.869310,45.777500,1.30,2009-04-22T12:00:00+00:00
1.869540,45.789150,2.30,2009-04-22T12:00:00+00:00
1.869540,45.810780,2.10,2009-04-22T12:00:00+00:00
1.869550,45.781030,10.60,2009-04-22T12:00:00+00:00
1.869560,45.795000,14.70,2009-04-22T12:00:00+00:00
1.869560,45.795480,14.70,2009-04-22T12:00:00+00:00
1.869570,45.789350,5.70,2009-04-22T12:00:00+00:00
1.869570,45.791080,19.10,2009-04-22T12:00:00+00:00
1.869510,45.798300,2.80,2009-04-22T12:00:00+00:00
1.869110,45.780550,9.70,2009-04-22T12:00:00+00:00
1.869130,45.796600,16.80,2009-04-22T12:00:00+00:00
1.869050,45.780500,8.70,2009-04-22T12:00:00+00:00
1.869060,45.779180,9.40,2009-04-22T12:00:00+00:00
1.869060,45.782550,11.00,2009-04-22T12:00:00+00:00
1.869060,45.783610,11.20,2009-04-22T12:00:00+00:00
1.869060,45.809800,9.00,2009-04-22T12:00:00+00:00
1.869070,45.796770,14.30,2009-04-22T12:00:00+00:00
1.869030,45.792060,16.90,2009-04-22T12:00:00+00:00
1.869100,45.796690,15.20,2009-04-22T12:00:00+00:00
1.869030,45.777710,2.80,2009-04-22T12:00:00+00:00
1.869110,45.780670,9.90,2009-04-22T12:00:00+00:00
1.869110,45.809890,6.90,2009-04-22T12:00:00+00:00
1.869120,45.789250,4.00,2009-04-22T12:00:00+00:00
1.869120,45.792120,17.20,2009-04-22T12:00:00+00:00
1.869130,45.777660,2.40,2009-04-22T12:00:00+00:00
1.869130,45.789300,4.90,2009-04-22T12:00:00+00:00
1.869330,45.777580,2.10,2009-04-22T12:00:00+00:00
1.869070,45.798130,1.80,2009-04-22T12:00:00+00:00
1.868990,45.780440,7.60,2009-04-22T12:00:00+00:00
1.867890,45.779570,7.80,2009-04-22T12:00:00+00:00
1.868940,45.789380,3.10,2009-04-22T12:00:00+00:00
1.868940,45.792000,16.70,2009-04-22T12:00:00+00:00
1.868940,45.809650,13.10,2009-04-22T12:00:00+00:00
1.868950,45.783650,11.10,2009-04-22T12:00:00+00:00
1.868970,45.779230,9.60,2009-04-22T12:00:00+00:00
1.868970,45.782610,11.20,2009-04-22T12:00:00+00:00
1.869040,45.789350,4.70,2009-04-22T12:00:00+00:00
1.868980,45.798180,1.20,2009-04-22T12:00:00+00:00
1.869130,45.798170,1.50,2009-04-22T12:00:00+00:00
1.869000,45.809730,11.10,2009-04-22T12:00:00+00:00
1.869010,45.780710,9.80,2009-04-22T12:00:00+00:00
1.869010,45.798160,1.60,2009-04-22T12:00:00+00:00
1.869020,45.789220,3.80,2009-04-22T12:00:00+00:00
1.869020,45.790880,18.90,2009-04-22T12:00:00+00:00
1.869020,45.794810,17.00,2009-04-22T12:00:00+00:00
1.869020,45.796840,13.80,2009-04-22T12:00:00+00:00
1.868970,45.796920,13.10,2009-04-22T12:00:00+00:00
1.869280,45.777420,0.80,2009-04-22T12:00:00+00:00
1.869130,45.794850,16.70,2009-04-22T12:00:00+00:00
1.869240,45.780680,10.10,2009-04-22T12:00:00+00:00
1.869240,45.782440,11.20,2009-04-22T12:00:00+00:00
1.869240,45.789260,4.30,2009-04-22T12:00:00+00:00
1.869240,45.790960,19.20,2009-04-22T12:00:00+00:00
1.869240,45.794900,16.10,2009-04-22T12:00:00+00:00
1.869240,45.798270,0.60,2009-04-22T12:00:00+00:00
1.869230,45.810040,5.80,2009-04-22T12:00:00+00:00
1.869270,45.783520,11.20,2009-04-22T12:00:00+00:00
1.869230,45.789270,4.40,2009-04-22T12:00:00+00:00
1.869280,45.777460,1.10,2009-04-22T12:00:00+00:00
1.869280,45.810120,5.40,2009-04-22T12:00:00+00:00
1.869300,45.777380,0.50,2009-04-22T12:00:00+00:00
1.869300,45.780750,10.30,2009-04-22T12:00:00+00:00
1.869300,45.792250,17.30,2009-04-22T12:00:00+00:00
1.869300,45.795880,15.00,2009-04-22T12:00:00+00:00
1.869300,45.798300,0.80,2009-04-22T12:00:00+00:00
1.869260,45.795940,15.20,2009-04-22T12:00:00+00:00
1.869170,45.809970,6.10,2009-04-22T12:00:00+00:00
1.869140,45.790910,19.30,2009-04-22T12:00:00+00:00
1.869140,45.796270,16.00,2009-04-22T12:00:00+00:00
1.869140,45.796350,16.80,2009-04-22T12:00:00+00:00
1.869140,45.796440,16.90,2009-04-22T12:00:00+00:00
1.869140,45.796520,17.10,2009-04-22T12:00:00+00:00
1.869150,45.779120,9.00,2009-04-22T12:00:00+00:00
1.869150,45.782490,11.30,2009-04-22T12:00:00+00:00
1.869240,45.779060,8.50,2009-04-22T12:00:00+00:00
1.869170,45.783560,11.30,2009-04-22T12:00:00+00:00
1.868920,45.798200,0.50,2009-04-22T12:00:00+00:00
1.869180,45.780610,10.00,2009-04-22T12:00:00+00:00
1.869180,45.796100,15.60,2009-04-22T12:00:00+00:00
1.869200,45.792190,17.20,2009-04-22T12:00:00+00:00
1.869200,45.798210,1.10,2009-04-22T12:00:00+00:00
1.869210,45.780640,9.90,2009-04-22T12:00:00+00:00
1.869210,45.796030,15.00,2009-04-22T12:00:00+00:00
1.869230,45.777620,2.30,2009-04-22T12:00:00+00:00
1.869160,45.796180,15.70,2009-04-22T12:00:00+00:00
1.866440,45.793880,16.90,2009-04-22T12:00:00+00:00
1.866500,45.784450,2.20,2009-04-22T12:00:00+00:00
1.866350,45.784410,0.80,2009-04-22T12:00:00+00:00
1.866360,45.781350,6.00,2009-04-22T12:00:00+00:00
1.866360,45.784140,4.30,2009-04-22T12:00:00+00:00
1.866380,45.780610,4.70,2009-04-22T12:00:00+00:00
1.866380,45.784100,4.60,2009-04-22T12:00:00+00:00
1.866380,45.806480,7.70,2009-04-22T12:00:00+00:00
1.866340,45.784190,3.80,2009-04-22T12:00:00+00:00
1.866440,45.784020,5.30,2009-04-22T12:00:00+00:00
1.866340,45.778520,4.70,2009-04-22T12:00:00+00:00
1.866450,45.778620,4.60,2009-04-22T12:00:00+00:00
1.866460,45.778500,5.60,2009-04-22T12:00:00+00:00
1.866460,45.784430,1.80,2009-04-22T12:00:00+00:00
1.866460,45.806410,5.60,2009-04-22T12:00:00+00:00
1.866470,45.780580,5.00,2009-04-22T12:00:00+00:00
1.866480,45.781320,6.20,2009-04-22T12:00:00+00:00
1.866100,45.793790,16.10,2009-04-22T12:00:00+00:00
1.866400,45.784420,1.20,2009-04-22T12:00:00+00:00
1.866270,45.784360,1.40,2009-04-22T12:00:00+00:00
1.866560,45.784550,2.40,2009-04-22T12:00:00+00:00
1.866150,45.806660,10.90,2009-04-22T12:00:00+00:00
1.866170,45.778460,4.90,2009-04-22T12:00:00+00:00
1.866180,45.780650,4.40,2009-04-22T12:00:00+00:00
1.866200,45.793820,16.60,2009-04-22T12:00:00+00:00
1.866220,45.778540,3.50,2009-04-22T12:00:00+00:00
1.866230,45.806600,10.10,2009-04-22T12:00:00+00:00
1.866350,45.778570,4.60,2009-04-22T12:00:00+00:00
1.866260,45.778510,4.90,2009-04-22T12:00:00+00:00
1.866510,45.784560,1.30,2009-04-22T12:00:00+00:00
1.866280,45.780640,4.60,2009-04-22T12:00:00+00:00
1.866280,45.784320,1.90,2009-04-22T12:00:00+00:00
1.866290,45.784390,1.10,2009-04-22T12:00:00+00:00
1.866300,45.784280,2.60,2009-04-22T12:00:00+00:00
1.866310,45.806540,9.00,2009-04-22T12:00:00+00:00
1.866320,45.793850,16.60,2009-04-22T12:00:00+00:00
1.866330,45.784240,3.10,2009-04-22T12:00:00+00:00
1.866250,45.781380,6.00,2009-04-22T12:00:00+00:00
1.866550,45.784580,1.20,2009-04-22T12:00:00+00:00
1.866490,45.784000,5.90,2009-04-22T12:00:00+00:00
1.866540,45.784590,0.90,2009-04-22T12:00:00+00:00
1.866540,45.793920,17.00,2009-04-22T12:00:00+00:00
1.866540,45.806360,4.00,2009-04-22T12:00:00+00:00
1.866550,45.784510,2.70,2009-04-22T12:00:00+00:00
1.866550,45.784520,2.70,2009-04-22T12:00:00+00:00
1.866550,45.784530,2.70,2009-04-22T12:00:00+00:00
1.866540,45.784570,1.40,2009-04-22T12:00:00+00:00
1.866550,45.784570,1.60,2009-04-22T12:00:00+00:00
1.866540,45.784560,1.90,2009-04-22T12:00:00+00:00
1.866560,45.780560,5.30,2009-04-22T12:00:00+00:00
1.866560,45.784470,2.90,2009-04-22T12:00:00+00:00
1.866560,45.784480,3.00,2009-04-22T12:00:00+00:00
1.866560,45.784490,2.90,2009-04-22T12:00:00+00:00
1.866560,45.784500,2.80,2009-04-22T12:00:00+00:00
1.866560,45.784530,2.70,2009-04-22T12:00:00+00:00
1.867900,45.790660,1.10,2009-04-22T12:00:00+00:00
1.866550,45.784550,2.20,2009-04-22T12:00:00+00:00
1.866530,45.784570,1.10,2009-04-22T12:00:00+00:00
1.866510,45.784570,0.80,2009-04-22T12:00:00+00:00
1.866510,45.784580,0.70,2009-04-22T12:00:00+00:00
1.866520,45.784560,1.60,2009-04-22T12:00:00+00:00
1.866520,45.784570,1.10,2009-04-22T12:00:00+00:00
1.866520,45.784590,0.90,2009-04-22T12:00:00+00:00
1.866530,45.784500,2.50,2009-04-22T12:00:00+00:00
1.866530,45.784510,2.40,2009-04-22T12:00:00+00:00
1.866540,45.784580,1.00,2009-04-22T12:00:00+00:00
1.866530,45.784550,1.90,2009-04-22T12:00:00+00:00
1.866100,45.780670,4.30,2009-04-22T12:00:00+00:00
1.866530,45.784590,0.90,2009-04-22T12:00:00+00:00
1.866540,45.778680,4.60,2009-04-22T12:00:00+00:00
1.866540,45.783970,6.50,2009-04-22T12:00:00+00:00
1.866540,45.784460,2.60,2009-04-22T12:00:00+00:00
1.866540,45.784510,2.70,2009-04-22T12:00:00+00:00
1.866540,45.784520,2.40,2009-04-22T12:00:00+00:00
1.866540,45.784540,2.40,2009-04-22T12:00:00+00:00
1.866530,45.784540,2.10,2009-04-22T12:00:00+00:00
1.865560,45.807610,13.60,2009-04-22T12:00:00+00:00
1.865610,45.778050,2.40,2009-04-22T12:00:00+00:00
1.865470,45.807780,17.90,2009-04-22T12:00:00+00:00
1.865480,45.777650,1.60,2009-04-22T12:00:00+00:00
1.865480,45.781670,5.10,2009-04-22T12:00:00+00:00
1.865510,45.780790,2.20,2009-04-22T12:00:00+00:00
1.865510,45.807690,15.70,2009-04-22T12:00:00+00:00
1.865530,45.793640,15.40,2009-04-22T12:00:00+00:00
1.865420,45.807860,20.60,2009-04-22T12:00:00+00:00
1.865540,45.778060,1.70,2009-04-22T12:00:00+00:00
1.865420,45.777610,1.30,2009-04-22T12:00:00+00:00
1.865580,45.777760,2.10,2009-04-22T12:00:00+00:00
1.865590,45.781620,5.10,2009-04-22T12:00:00+00:00
1.865600,45.777830,2.30,2009-04-22T12:00:00+00:00
1.865600,45.778120,1.90,2009-04-22T12:00:00+00:00
1.865600,45.778180,1.10,2009-04-22T12:00:00+00:00
1.865610,45.777900,2.70,2009-04-22T12:00:00+00:00
1.866140,45.781420,5.80,2009-04-22T12:00:00+00:00
1.865540,45.777700,1.80,2009-04-22T12:00:00+00:00
1.865350,45.777580,1.00,2009-04-22T12:00:00+00:00
1.865220,45.808180,24.70,2009-04-22T12:00:00+00:00
1.865270,45.777560,0.80,2009-04-22T12:00:00+00:00
1.865270,45.781740,4.60,2009-04-22T12:00:00+00:00
1.865270,45.808100,24.20,2009-04-22T12:00:00+00:00
1.865280,45.781080,2.90,2009-04-22T12:00:00+00:00
1.865300,45.777900,1.10,2009-04-22T12:00:00+00:00
1.865300,45.793580,15.10,2009-04-22T12:00:00+00:00
1.865450,45.778020,1.20,2009-04-22T12:00:00+00:00
1.865320,45.808020,24.20,2009-04-22T12:00:00+00:00
1.865620,45.780780,2.90,2009-04-22T12:00:00+00:00
1.865350,45.780940,1.90,2009-04-22T12:00:00+00:00
1.865370,45.780860,1.60,2009-04-22T12:00:00+00:00
1.865370,45.807940,23.50,2009-04-22T12:00:00+00:00
1.865380,45.777950,1.10,2009-04-22T12:00:00+00:00
1.865380,45.781700,4.70,2009-04-22T12:00:00+00:00
1.865400,45.780820,1.60,2009-04-22T12:00:00+00:00
1.865410,45.793610,15.10,2009-04-22T12:00:00+00:00
1.865320,45.781020,2.40,2009-04-22T12:00:00+00:00
1.865990,45.778340,4.60,2009-04-22T12:00:00+00:00
1.865610,45.777980,2.70,2009-04-22T12:00:00+00:00
1.865880,45.807050,18.60,2009-04-22T12:00:00+00:00
1.865890,45.778490,2.90,2009-04-22T12:00:00+00:00
1.865910,45.778280,4.10,2009-04-22T12:00:00+00:00
1.865920,45.780740,4.00,2009-04-22T12:00:00+00:00
1.865920,45.781500,5.80,2009-04-22T12:00:00+00:00
1.865920,45.806970,16.40,2009-04-22T12:00:00+00:00
1.865840,45.807130,18.30,2009-04-22T12:00:00+00:00
1.865980,45.806890,14.80,2009-04-22T12:00:00+00:00
1.865820,45.780760,3.90,2009-04-22T12:00:00+00:00
1.865990,45.778540,2.90,2009-04-22T12:00:00+00:00
1.866010,45.780700,4.10,2009-04-22T12:00:00+00:00
1.866020,45.781460,5.90,2009-04-22T12:00:00+00:00
1.866020,45.806810,12.90,2009-04-22T12:00:00+00:00
1.866080,45.778390,4.80,2009-04-22T12:00:00+00:00
1.866090,45.806740,11.90,2009-04-22T12:00:00+00:00
1.866100,45.778550,3.00,2009-04-22T12:00:00+00:00
1.865980,45.793760,15.90,2009-04-22T12:00:00+00:00
1.865730,45.778160,2.60,2009-04-22T12:00:00+00:00
1.865620,45.807530,12.40,2009-04-22T12:00:00+00:00
1.865630,45.778240,0.80,2009-04-22T12:00:00+00:00
1.865640,45.778120,2.00,2009-04-22T12:00:00+00:00
1.865640,45.793670,15.80,2009-04-22T12:00:00+00:00
1.865660,45.807460,11.70,2009-04-22T12:00:00+00:00
1.865670,45.778300,0.90,2009-04-22T12:00:00+00:00
1.865700,45.781580,5.20,2009-04-22T12:00:00+00:00
1.865860,45.793730,15.60,2009-04-22T12:00:00+00:00
1.865720,45.780770,3.40,2009-04-22T12:00:00+00:00
1.866570,45.778470,6.40,2009-04-22T12:00:00+00:00
1.865730,45.778370,1.60,2009-04-22T12:00:00+00:00
1.865760,45.793700,16.30,2009-04-22T12:00:00+00:00
1.865760,45.807290,13.60,2009-04-22T12:00:00+00:00
1.865800,45.807210,16.70,2009-04-22T12:00:00+00:00
1.865810,45.778430,2.50,2009-04-22T12:00:00+00:00
1.865810,45.781540,5.50,2009-04-22T12:00:00+00:00
1.865820,45.778220,3.20,2009-04-22T12:00:00+00:00
1.865710,45.807370,12.00,2009-04-22T12:00:00+00:00
1.867450,45.784190,7.80,2009-04-22T12:00:00+00:00
1.867530,45.784130,8.00,2009-04-22T12:00:00+00:00
1.867360,45.778300,6.70,2009-04-22T12:00:00+00:00
1.867360,45.784240,7.70,2009-04-22T12:00:00+00:00
1.867390,45.807520,5.60,2009-04-22T12:00:00+00:00
1.867400,45.779180,7.40,2009-04-22T12:00:00+00:00
1.867410,45.781150,8.20,2009-04-22T12:00:00+00:00
1.867430,45.783460,9.00,2009-04-22T12:00:00+00:00
1.867340,45.794150,17.70,2009-04-22T12:00:00+00:00
1.867440,45.807590,5.40,2009-04-22T12:00:00+00:00
1.867340,45.780260,5.70,2009-04-22T12:00:00+00:00
1.867460,45.794180,17.60,2009-04-22T12:00:00+00:00
1.867470,45.778270,6.50,2009-04-22T12:00:00+00:00
1.867490,45.779240,7.50,2009-04-22T12:00:00+00:00
1.867500,45.807680,6.00,2009-04-22T12:00:00+00:00
1.867520,45.781130,8.10,2009-04-22T12:00:00+00:00
1.867530,45.780160,4.40,2009-04-22T12:00:00+00:00
1.867150,45.806930,10.80,2009-04-22T12:00:00+00:00
1.867440,45.780220,4.70,2009-04-22T12:00:00+00:00
1.867260,45.780300,6.20,2009-04-22T12:00:00+00:00
1.866560,45.784540,2.60,2009-04-22T12:00:00+00:00
1.867180,45.781180,7.40,2009-04-22T12:00:00+00:00
1.867180,45.784340,7.70,2009-04-22T12:00:00+00:00
1.867190,45.807010,12.20,2009-04-22T12:00:00+00:00
1.867200,45.779070,6.60,2009-04-22T12:00:00+00:00
1.867230,45.794120,17.70,2009-04-22T12:00:00+00:00
1.867230,45.807100,12.60,2009-04-22T12:00:00+00:00
1.867340,45.807440,6.50,2009-04-22T12:00:00+00:00
1.867260,45.778330,6.90,2009-04-22T12:00:00+00:00
1.867550,45.807760,7.60,2009-04-22T12:00:00+00:00
1.867260,45.807180,11.60,2009-04-22T12:00:00+00:00
1.867270,45.784290,7.80,2009-04-22T12:00:00+00:00
1.867280,45.807270,8.80,2009-04-22T12:00:00+00:00
1.867300,45.779130,7.30,2009-04-22T12:00:00+00:00
1.867300,45.781170,7.90,2009-04-22T12:00:00+00:00
1.867310,45.807360,7.50,2009-04-22T12:00:00+00:00
1.867330,45.783480,8.70,2009-04-22T12:00:00+00:00
1.867240,45.783500,8.70,2009-04-22T12:00:00+00:00
1.867830,45.783320,10.30,2009-04-22T12:00:00+00:00
1.867530,45.783430,9.10,2009-04-22T12:00:00+00:00
1.867760,45.790770,1.80,2009-04-22T12:00:00+00:00
1.867770,45.790960,5.00,2009-04-22T12:00:00+00:00
1.867780,45.794300,18.10,2009-04-22T12:00:00+00:00
1.867780,45.808070,22.50,2009-04-22T12:00:00+00:00
1.867790,45.778180,4.50,2009-04-22T12:00:00+00:00
1.867790,45.780000,5.20,2009-04-22T12:00:00+00:00
1.867750,45.779430,7.90,2009-04-22T12:00:00+00:00
1.867820,45.783980,8.30,2009-04-22T12:00:00+00:00
1.867730,45.783370,10.20,2009-04-22T12:00:00+00:00
1.867850,45.790720,1.80,2009-04-22T12:00:00+00:00
1.867850,45.791020,7.40,2009-04-22T12:00:00+00:00
1.867860,45.781020,8.60,2009-04-22T12:00:00+00:00
1.867860,45.808140,23.70,2009-04-22T12:00:00+00:00
1.867880,45.779950,5.80,2009-04-22T12:00:00+00:00
1.867880,45.794340,17.90,2009-04-22T12:00:00+00:00
1.869670,45.810680,4.40,2009-04-22T12:00:00+00:00
1.867820,45.779500,7.80,2009-04-22T12:00:00+00:00
1.867670,45.779370,7.90,2009-04-22T12:00:00+00:00
1.867570,45.794220,17.90,2009-04-22T12:00:00+00:00
1.867580,45.778240,5.80,2009-04-22T12:00:00+00:00
1.867580,45.779300,7.50,2009-04-22T12:00:00+00:00
1.867600,45.807840,10.50,2009-04-22T12:00:00+00:00
1.867610,45.780100,4.50,2009-04-22T12:00:00+00:00
1.867620,45.784070,8.10,2009-04-22T12:00:00+00:00
1.867630,45.781100,8.50,2009-04-22T12:00:00+00:00
1.867750,45.781060,8.30,2009-04-22T12:00:00+00:00
1.867660,45.807910,15.10,2009-04-22T12:00:00+00:00
1.867140,45.783520,8.20,2009-04-22T12:00:00+00:00
1.867680,45.778210,5.20,2009-04-22T12:00:00+00:00
1.867680,45.794260,18.20,2009-04-22T12:00:00+00:00
1.867700,45.780040,4.90,2009-04-22T12:00:00+00:00
1.867700,45.790820,1.90,2009-04-22T12:00:00+00:00
1.867700,45.790890,3.00,2009-04-22T12:00:00+00:00
1.867720,45.784030,8.30,2009-04-22T12:00:00+00:00
1.867720,45.808000,19.40,2009-04-22T12:00:00+00:00
1.867630,45.783400,9.50,2009-04-22T12:00:00+00:00
1.866770,45.806300,1.40,2009-04-22T12:00:00+00:00
1.866820,45.781240,6.70,2009-04-22T12:00:00+00:00
1.866720,45.784540,4.90,2009-04-22T12:00:00+00:00
1.866730,45.778790,4.60,2009-04-22T12:00:00+00:00
1.866730,45.783750,6.90,2009-04-22T12:00:00+00:00
1.866730,45.784540,5.00,2009-04-22T12:00:00+00:00
1.866740,45.784550,5.10,2009-04-22T12:00:00+00:00
1.866750,45.784550,5.30,2009-04-22T12:00:00+00:00
1.866710,45.781260,6.60,2009-04-22T12:00:00+00:00
1.866770,45.784550,5.30,2009-04-22T12:00:00+00:00
1.866700,45.784540,4.70,2009-04-22T12:00:00+00:00
1.866780,45.783720,6.70,2009-04-22T12:00:00+00:00
1.866780,45.784550,5.40,2009-04-22T12:00:00+00:00
1.866780,45.793980,17.50,2009-04-22T12:00:00+00:00
1.866790,45.784550,5.50,2009-04-22T12:00:00+00:00
1.866800,45.778420,7.10,2009-04-22T12:00:00+00:00
1.866800,45.784550,5.60,2009-04-22T12:00:00+00:00
1.867160,45.780350,6.80,2009-04-22T12:00:00+00:00
1.866760,45.780500,6.30,2009-04-22T12:00:00+00:00
1.866660,45.780530,6.10,2009-04-22T12:00:00+00:00
1.866570,45.783900,6.60,2009-04-22T12:00:00+00:00
1.866590,45.784510,3.20,2009-04-22T12:00:00+00:00
1.866600,45.781300,6.40,2009-04-22T12:00:00+00:00
1.866610,45.806300,2.70,2009-04-22T12:00:00+00:00
1.866620,45.784510,3.60,2009-04-22T12:00:00+00:00
1.866640,45.778740,4.70,2009-04-22T12:00:00+00:00
1.866640,45.783850,6.70,2009-04-22T12:00:00+00:00
1.866710,45.784540,4.90,2009-04-22T12:00:00+00:00
1.866650,45.784520,4.30,2009-04-22T12:00:00+00:00
1.866820,45.783660,6.90,2009-04-22T12:00:00+00:00
1.866660,45.793950,17.30,2009-04-22T12:00:00+00:00
1.866670,45.784520,4.30,2009-04-22T12:00:00+00:00
1.866680,45.778450,6.60,2009-04-22T12:00:00+00:00
1.866680,45.784530,4.50,2009-04-22T12:00:00+00:00
1.866690,45.784530,4.60,2009-04-22T12:00:00+00:00
1.866690,45.806280,1.70,2009-04-22T12:00:00+00:00
1.866700,45.783800,6.80,2009-04-22T12:00:00+00:00
1.866640,45.784510,4.00,2009-04-22T12:00:00+00:00
1.867060,45.781190,7.00,2009-04-22T12:00:00+00:00
1.866820,45.778850,2.80,2009-04-22T12:00:00+00:00
1.867000,45.794050,17.50,2009-04-22T12:00:00+00:00
1.867000,45.806510,2.50,2009-04-22T12:00:00+00:00
1.867010,45.778960,5.40,2009-04-22T12:00:00+00:00
1.867010,45.784430,7.30,2009-04-22T12:00:00+00:00
1.867020,45.806590,3.70,2009-04-22T12:00:00+00:00
1.867030,45.778370,7.10,2009-04-22T12:00:00+00:00
1.866970,45.783580,7.60,2009-04-22T12:00:00+00:00
1.867050,45.806670,5.70,2009-04-22T12:00:00+00:00
1.866970,45.780440,6.50,2009-04-22T12:00:00+00:00
1.867070,45.780400,6.80,2009-04-22T12:00:00+00:00
1.867080,45.806760,7.80,2009-04-22T12:00:00+00:00
1.867090,45.784400,7.60,2009-04-22T12:00:00+00:00
1.867110,45.779020,6.10,2009-04-22T12:00:00+00:00
1.867110,45.806840,9.40,2009-04-22T12:00:00+00:00
1.867120,45.794080,17.50,2009-04-22T12:00:00+00:00
1.867140,45.778350,7.10,2009-04-22T12:00:00+00:00
1.867050,45.783540,7.90,2009-04-22T12:00:00+00:00
1.866900,45.783620,7.20,2009-04-22T12:00:00+00:00
1.866820,45.784540,5.60,2009-04-22T12:00:00+00:00
1.866830,45.784540,5.80,2009-04-22T12:00:00+00:00
1.866830,45.806320,1.20,2009-04-22T12:00:00+00:00
1.866840,45.784540,5.80,2009-04-22T12:00:00+00:00
1.866850,45.784540,6.00,2009-04-22T12:00:00+00:00
1.866860,45.784540,5.90,2009-04-22T12:00:00+00:00
1.866870,45.780470,6.60,2009-04-22T12:00:00+00:00
1.866990,45.806430,1.20,2009-04-22T12:00:00+00:00
1.866890,45.784530,6.50,2009-04-22T12:00:00+00:00
1.867900,45.778150,4.20,2009-04-22T12:00:00+00:00
1.866900,45.794010,17.50,2009-04-22T12:00:00+00:00
1.866910,45.778400,7.30,2009-04-22T12:00:00+00:00
1.866910,45.778910,3.30,2009-04-22T12:00:00+00:00
1.866910,45.784510,7.00,2009-04-22T12:00:00+00:00
1.866920,45.806370,1.10,2009-04-22T12:00:00+00:00
1.866940,45.781210,6.80,2009-04-22T12:00:00+00:00
1.866950,45.784480,7.20,2009-04-22T12:00:00+00:00
1.866880,45.784530,6.80,2009-04-22T12:00:00+00:00
1.896670,45.792890,5.10,2009-04-22T12:00:00+00:00
1.896630,45.792810,5.10,2009-04-22T12:00:00+00:00
1.896630,45.793680,10.00,2009-04-22T12:00:00+00:00
1.896640,45.797810,12.60,2009-04-22T12:00:00+00:00
1.896640,45.802570,6.10,2009-04-22T12:00:00+00:00
1.896640,45.805880,6.50,2009-04-22T12:00:00+00:00
1.896650,45.791140,2.40,2009-04-22T12:00:00+00:00
1.895850,45.805040,2.20,2009-04-22T12:00:00+00:00
1.896660,45.808030,4.30,2009-04-22T12:00:00+00:00
1.896580,45.804940,3.90,2009-04-22T12:00:00+00:00
1.896670,45.804990,4.20,2009-04-22T12:00:00+00:00
1.896680,45.808060,4.00,2009-04-22T12:00:00+00:00
1.896700,45.795210,6.60,2009-04-22T12:00:00+00:00
1.896710,45.793610,9.30,2009-04-22T12:00:00+00:00
1.896730,45.792980,4.40,2009-04-22T12:00:00+00:00
1.896730,45.805940,6.70,2009-04-22T12:00:00+00:00
1.896730,45.808090,3.80,2009-04-22T12:00:00+00:00
1.896650,45.806850,6.70,2009-04-22T12:00:00+00:00
1.896540,45.791090,2.20,2009-04-22T12:00:00+00:00
1.896450,45.807880,4.70,2009-04-22T12:00:00+00:00
1.896460,45.793810,10.90,2009-04-22T12:00:00+00:00
1.896470,45.804870,3.60,2009-04-22T12:00:00+00:00
1.896470,45.806980,6.60,2009-04-22T12:00:00+00:00
1.896490,45.792540,4.30,2009-04-22T12:00:00+00:00
1.896510,45.807920,4.60,2009-04-22T12:00:00+00:00
1.896520,45.795080,7.80,2009-04-22T12:00:00+00:00
1.896610,45.795150,6.90,2009-04-22T12:00:00+00:00
1.896530,45.802530,6.30,2009-04-22T12:00:00+00:00
1.896580,45.808010,4.40,2009-04-22T12:00:00+00:00
1.896540,45.792630,4.40,2009-04-22T12:00:00+00:00
1.896540,45.793740,10.90,2009-04-22T12:00:00+00:00
1.896540,45.805840,6.30,2009-04-22T12:00:00+00:00
1.896560,45.806920,6.80,2009-04-22T12:00:00+00:00
1.896560,45.807960,4.50,2009-04-22T12:00:00+00:00
1.896580,45.792720,4.80,2009-04-22T12:00:00+00:00
1.896740,45.802620,5.90,2009-04-22T12:00:00+00:00
1.896530,45.797760,12.90,2009-04-22T12:00:00+00:00
1.896970,45.795380,6.40,2009-04-22T12:00:00+00:00
1.896740,45.791180,2.60,2009-04-22T12:00:00+00:00
1.896920,45.806030,7.00,2009-04-22T12:00:00+00:00
1.896920,45.806660,7.00,2009-04-22T12:00:00+00:00
1.896930,45.808180,3.10,2009-04-22T12:00:00+00:00
1.896950,45.802710,5.40,2009-04-22T12:00:00+00:00
1.896960,45.791240,2.70,2009-04-22T12:00:00+00:00
1.896960,45.793410,6.90,2009-04-22T12:00:00+00:00
1.896920,45.793310,5.40,2009-04-22T12:00:00+00:00
1.896970,45.793390,6.00,2009-04-22T12:00:00+00:00
1.896880,45.805090,4.70,2009-04-22T12:00:00+00:00
1.897000,45.805140,4.90,2009-04-22T12:00:00+00:00
1.897000,45.806600,7.20,2009-04-22T12:00:00+00:00
1.897020,45.793480,6.90,2009-04-22T12:00:00+00:00
1.897020,45.798040,12.80,2009-04-22T12:00:00+00:00
1.897020,45.806080,7.10,2009-04-22T12:00:00+00:00
1.897050,45.793340,6.10,2009-04-22T12:00:00+00:00
1.897050,45.802760,5.20,2009-04-22T12:00:00+00:00
1.896960,45.808230,2.80,2009-04-22T12:00:00+00:00
1.896830,45.805980,6.90,2009-04-22T12:00:00+00:00
1.896440,45.791060,1.80,2009-04-22T12:00:00+00:00
1.896740,45.806790,6.90,2009-04-22T12:00:00+00:00
1.896770,45.805050,4.40,2009-04-22T12:00:00+00:00
1.896780,45.793060,4.40,2009-04-22T12:00:00+00:00
1.896790,45.793540,8.20,2009-04-22T12:00:00+00:00
1.896790,45.795270,6.30,2009-04-22T12:00:00+00:00
1.896810,45.808130,3.60,2009-04-22T12:00:00+00:00
1.896920,45.797980,13.00,2009-04-22T12:00:00+00:00
1.896830,45.797920,12.90,2009-04-22T12:00:00+00:00
1.896740,45.797860,12.70,2009-04-22T12:00:00+00:00
1.896830,45.806730,6.80,2009-04-22T12:00:00+00:00
1.896840,45.802670,5.50,2009-04-22T12:00:00+00:00
1.896850,45.791210,2.50,2009-04-22T12:00:00+00:00
1.896860,45.808150,3.30,2009-04-22T12:00:00+00:00
1.896870,45.793470,7.30,2009-04-22T12:00:00+00:00
1.896880,45.793230,4.80,2009-04-22T12:00:00+00:00
1.896880,45.795320,6.40,2009-04-22T12:00:00+00:00
1.896830,45.793140,4.30,2009-04-22T12:00:00+00:00
1.896090,45.805510,4.20,2009-04-22T12:00:00+00:00
1.896140,45.804730,2.30,2009-04-22T12:00:00+00:00
1.896020,45.790870,0.90,2009-04-22T12:00:00+00:00
1.896020,45.794140,11.50,2009-04-22T12:00:00+00:00
1.896030,45.797500,12.70,2009-04-22T12:00:00+00:00
1.896040,45.804680,1.90,2009-04-22T12:00:00+00:00
1.896040,45.805440,3.80,2009-04-22T12:00:00+00:00
1.896050,45.791800,2.40,2009-04-22T12:00:00+00:00
1.896010,45.802310,7.10,2009-04-22T12:00:00+00:00
1.896080,45.807220,6.40,2009-04-22T12:00:00+00:00
1.896010,45.791720,2.30,2009-04-22T12:00:00+00:00
1.896090,45.807590,5.90,2009-04-22T12:00:00+00:00
1.896110,45.790890,1.50,2009-04-22T12:00:00+00:00
1.896110,45.791880,2.60,2009-04-22T12:00:00+00:00
1.896110,45.794070,11.30,2009-04-22T12:00:00+00:00
1.896110,45.802350,6.80,2009-04-22T12:00:00+00:00
1.896110,45.807640,5.70,2009-04-22T12:00:00+00:00
1.896450,45.805790,6.20,2009-04-22T12:00:00+00:00
1.896060,45.794800,10.70,2009-04-22T12:00:00+00:00
1.895930,45.797450,12.70,2009-04-22T12:00:00+00:00
1.875040,45.807060,1.40,2009-04-22T12:00:00+00:00
1.895860,45.805180,2.80,2009-04-22T12:00:00+00:00
1.895880,45.807330,6.20,2009-04-22T12:00:00+00:00
1.895890,45.794680,11.00,2009-04-22T12:00:00+00:00
1.895890,45.805250,3.20,2009-04-22T12:00:00+00:00
1.895900,45.791560,2.20,2009-04-22T12:00:00+00:00
1.895910,45.802260,7.30,2009-04-22T12:00:00+00:00
1.896010,45.807560,5.80,2009-04-22T12:00:00+00:00
1.895930,45.794200,11.90,2009-04-22T12:00:00+00:00
1.896140,45.807660,5.50,2009-04-22T12:00:00+00:00
1.895930,45.805310,3.30,2009-04-22T12:00:00+00:00
1.895930,45.807530,5.90,2009-04-22T12:00:00+00:00
1.895940,45.804650,1.50,2009-04-22T12:00:00+00:00
1.895960,45.791640,2.20,2009-04-22T12:00:00+00:00
1.895980,45.794730,11.00,2009-04-22T12:00:00+00:00
1.895980,45.805380,3.60,2009-04-22T12:00:00+00:00
1.895980,45.807270,6.40,2009-04-22T12:00:00+00:00
1.895930,45.790890,0.80,2009-04-22T12:00:00+00:00
1.896370,45.805740,5.90,2009-04-22T12:00:00+00:00
1.896120,45.797550,12.60,2009-04-22T12:00:00+00:00
1.896310,45.802440,6.30,2009-04-22T12:00:00+00:00
1.896320,45.797660,13.10,2009-04-22T12:00:00+00:00
1.896340,45.792290,3.60,2009-04-22T12:00:00+00:00
1.896340,45.794960,8.80,2009-04-22T12:00:00+00:00
1.896350,45.791020,1.30,2009-04-22T12:00:00+00:00
1.896350,45.807800,5.00,2009-04-22T12:00:00+00:00
1.896300,45.805680,5.50,2009-04-22T12:00:00+00:00
1.896370,45.804820,3.20,2009-04-22T12:00:00+00:00
1.896290,45.793940,11.10,2009-04-22T12:00:00+00:00
1.896380,45.807040,6.60,2009-04-22T12:00:00+00:00
1.896380,45.807840,4.70,2009-04-22T12:00:00+00:00
1.896400,45.792380,3.90,2009-04-22T12:00:00+00:00
1.896420,45.802490,6.30,2009-04-22T12:00:00+00:00
1.896430,45.795020,8.40,2009-04-22T12:00:00+00:00
1.896430,45.797710,13.30,2009-04-22T12:00:00+00:00
1.897060,45.793560,7.40,2009-04-22T12:00:00+00:00
1.896370,45.793880,10.90,2009-04-22T12:00:00+00:00
1.896240,45.807690,5.40,2009-04-22T12:00:00+00:00
1.896150,45.805570,4.70,2009-04-22T12:00:00+00:00
1.896160,45.791960,3.10,2009-04-22T12:00:00+00:00
1.896190,45.790920,1.20,2009-04-22T12:00:00+00:00
1.896190,45.807160,6.60,2009-04-22T12:00:00+00:00
1.896200,45.794010,11.10,2009-04-22T12:00:00+00:00
1.896210,45.792040,3.40,2009-04-22T12:00:00+00:00
1.896220,45.797610,13.60,2009-04-22T12:00:00+00:00
1.896300,45.807770,5.20,2009-04-22T12:00:00+00:00
1.896220,45.805630,5.00,2009-04-22T12:00:00+00:00
1.896450,45.792460,4.10,2009-04-22T12:00:00+00:00
1.896250,45.792130,3.30,2009-04-22T12:00:00+00:00
1.896250,45.794910,9.30,2009-04-22T12:00:00+00:00
1.896250,45.804770,2.80,2009-04-22T12:00:00+00:00
1.896260,45.807750,5.30,2009-04-22T12:00:00+00:00
1.896270,45.790970,1.10,2009-04-22T12:00:00+00:00
1.896280,45.807100,6.60,2009-04-22T12:00:00+00:00
1.896290,45.792210,3.50,2009-04-22T12:00:00+00:00
1.896220,45.802400,6.60,2009-04-22T12:00:00+00:00
1.897910,45.792580,9.10,2009-04-22T12:00:00+00:00
1.897970,45.795620,2.20,2009-04-22T12:00:00+00:00
1.897850,45.803130,5.90,2009-04-22T12:00:00+00:00
1.897850,45.808590,2.00,2009-04-22T12:00:00+00:00
1.897860,45.795910,2.00,2009-04-22T12:00:00+00:00
1.897870,45.791650,7.80,2009-04-22T12:00:00+00:00
1.897890,45.795400,2.90,2009-04-22T12:00:00+00:00
1.897900,45.795480,2.50,2009-04-22T12:00:00+00:00
1.897850,45.795320,3.20,2009-04-22T12:00:00+00:00
1.897900,45.805880,8.10,2009-04-22T12:00:00+00:00
1.897850,45.792660,9.30,2009-04-22T12:00:00+00:00
1.897920,45.808640,2.00,2009-04-22T12:00:00+00:00
1.897930,45.795560,2.20,2009-04-22T12:00:00+00:00
1.897930,45.795940,1.50,2009-04-22T12:00:00+00:00
1.897930,45.806490,6.40,2009-04-22T12:00:00+00:00
1.897950,45.798590,12.60,2009-04-22T12:00:00+00:00
1.897960,45.803180,6.00,2009-04-22T12:00:00+00:00
1.897690,45.794900,3.60,2009-04-22T12:00:00+00:00
1.897900,45.805480,7.70,2009-04-22T12:00:00+00:00
1.897770,45.792730,9.50,2009-04-22T12:00:00+00:00
1.897050,45.808250,2.30,2009-04-22T12:00:00+00:00
1.897700,45.792800,9.20,2009-04-22T12:00:00+00:00
1.897720,45.794990,3.60,2009-04-22T12:00:00+00:00
1.897720,45.806400,6.80,2009-04-22T12:00:00+00:00
1.897730,45.806020,8.10,2009-04-22T12:00:00+00:00
1.897740,45.795070,3.60,2009-04-22T12:00:00+00:00
1.897750,45.803080,5.80,2009-04-22T12:00:00+00:00
1.897850,45.798530,12.80,2009-04-22T12:00:00+00:00
1.897770,45.791610,7.70,2009-04-22T12:00:00+00:00
1.897980,45.792510,9.10,2009-04-22T12:00:00+00:00
1.897770,45.808560,1.60,2009-04-22T12:00:00+00:00
1.897780,45.795150,3.50,2009-04-22T12:00:00+00:00
1.897780,45.795880,2.50,2009-04-22T12:00:00+00:00
1.897790,45.805440,7.60,2009-04-22T12:00:00+00:00
1.897810,45.795240,3.30,2009-04-22T12:00:00+00:00
1.897810,45.805950,8.10,2009-04-22T12:00:00+00:00
1.897820,45.806440,6.60,2009-04-22T12:00:00+00:00
1.897760,45.798480,12.60,2009-04-22T12:00:00+00:00
1.898150,45.795970,0.70,2009-04-22T12:00:00+00:00
1.897970,45.791700,7.90,2009-04-22T12:00:00+00:00
1.898110,45.806600,5.90,2009-04-22T12:00:00+00:00
1.898120,45.795880,1.10,2009-04-22T12:00:00+00:00
1.898120,45.805570,8.20,2009-04-22T12:00:00+00:00
1.898120,45.808780,3.10,2009-04-22T12:00:00+00:00
1.898130,45.796000,1.00,2009-04-22T12:00:00+00:00
1.898130,45.798720,12.50,2009-04-22T12:00:00+00:00
1.898100,45.795980,0.70,2009-04-22T12:00:00+00:00
1.898150,45.795930,0.90,2009-04-22T12:00:00+00:00
1.898080,45.805750,8.30,2009-04-22T12:00:00+00:00
1.898150,45.795990,0.70,2009-04-22T12:00:00+00:00
1.898150,45.796010,0.60,2009-04-22T12:00:00+00:00
1.898160,45.796000,0.70,2009-04-22T12:00:00+00:00
1.898160,45.803280,6.20,2009-04-22T12:00:00+00:00
1.898160,45.805690,8.30,2009-04-22T12:00:00+00:00
1.898170,45.791800,8.60,2009-04-22T12:00:00+00:00
1.898170,45.792290,9.20,2009-04-22T12:00:00+00:00
1.898140,45.796010,0.70,2009-04-22T12:00:00+00:00
1.898050,45.792440,9.20,2009-04-22T12:00:00+00:00
1.897980,45.795950,1.30,2009-04-22T12:00:00+00:00
1.897980,45.805820,8.00,2009-04-22T12:00:00+00:00
1.897980,45.808670,2.40,2009-04-22T12:00:00+00:00
1.897990,45.795680,1.90,2009-04-22T12:00:00+00:00
1.898010,45.805520,8.00,2009-04-22T12:00:00+00:00
1.898020,45.795960,1.10,2009-04-22T12:00:00+00:00
1.898030,45.795730,1.80,2009-04-22T12:00:00+00:00
1.898110,45.792360,9.60,2009-04-22T12:00:00+00:00
1.898040,45.798650,12.40,2009-04-22T12:00:00+00:00
1.897670,45.805400,7.30,2009-04-22T12:00:00+00:00
1.898050,45.808730,2.70,2009-04-22T12:00:00+00:00
1.898060,45.795790,1.60,2009-04-22T12:00:00+00:00
1.898060,45.795960,0.90,2009-04-22T12:00:00+00:00
1.898060,45.803230,6.10,2009-04-22T12:00:00+00:00
1.898080,45.791750,8.30,2009-04-22T12:00:00+00:00
1.898080,45.795860,1.40,2009-04-22T12:00:00+00:00
1.898080,45.795970,0.80,2009-04-22T12:00:00+00:00
1.898030,45.806540,6.20,2009-04-22T12:00:00+00:00
1.897300,45.794060,11.50,2009-04-22T12:00:00+00:00
1.897370,45.791430,7.00,2009-04-22T12:00:00+00:00
1.897250,45.793950,12.00,2009-04-22T12:00:00+00:00
1.897260,45.791380,5.80,2009-04-22T12:00:00+00:00
1.897260,45.806400,7.40,2009-04-22T12:00:00+00:00
1.897260,45.808310,1.00,2009-04-22T12:00:00+00:00
1.897270,45.802850,4.90,2009-04-22T12:00:00+00:00
1.897280,45.794010,12.20,2009-04-22T12:00:00+00:00
1.897220,45.805220,6.10,2009-04-22T12:00:00+00:00
1.897300,45.793140,5.10,2009-04-22T12:00:00+00:00
1.897210,45.806170,7.50,2009-04-22T12:00:00+00:00
1.897310,45.806220,7.80,2009-04-22T12:00:00+00:00
1.897330,45.795620,5.40,2009-04-22T12:00:00+00:00
1.897330,45.805270,6.60,2009-04-22T12:00:00+00:00
1.897340,45.794130,11.10,2009-04-22T12:00:00+00:00
1.897340,45.802890,4.90,2009-04-22T12:00:00+00:00
1.897340,45.806330,7.70,2009-04-22T12:00:00+00:00
1.897690,45.795830,3.10,2009-04-22T12:00:00+00:00
1.897280,45.798200,12.70,2009-04-22T12:00:00+00:00
1.897140,45.793270,6.00,2009-04-22T12:00:00+00:00
1.895850,45.804610,1.20,2009-04-22T12:00:00+00:00
1.897060,45.795440,6.00,2009-04-22T12:00:00+00:00
1.897090,45.798080,12.80,2009-04-22T12:00:00+00:00
1.897090,45.806530,7.10,2009-04-22T12:00:00+00:00
1.897100,45.793640,7.70,2009-04-22T12:00:00+00:00
1.897100,45.805180,5.50,2009-04-22T12:00:00+00:00
1.897100,45.808280,2.00,2009-04-22T12:00:00+00:00
1.897240,45.795560,5.70,2009-04-22T12:00:00+00:00
1.897130,45.793730,8.90,2009-04-22T12:00:00+00:00
1.897370,45.794180,10.50,2009-04-22T12:00:00+00:00
1.897150,45.795500,5.90,2009-04-22T12:00:00+00:00
1.897160,45.802810,5.10,2009-04-22T12:00:00+00:00
1.897160,45.808300,1.20,2009-04-22T12:00:00+00:00
1.897170,45.793810,9.70,2009-04-22T12:00:00+00:00
1.897180,45.798140,12.50,2009-04-22T12:00:00+00:00
1.897180,45.806460,7.30,2009-04-22T12:00:00+00:00
1.897210,45.793880,11.00,2009-04-22T12:00:00+00:00
1.897110,45.806120,7.30,2009-04-22T12:00:00+00:00
1.897620,45.792870,8.80,2009-04-22T12:00:00+00:00
1.897340,45.808340,1.00,2009-04-22T12:00:00+00:00
1.897550,45.794570,4.90,2009-04-22T12:00:00+00:00
1.897550,45.802980,5.30,2009-04-22T12:00:00+00:00
1.897560,45.798360,12.50,2009-04-22T12:00:00+00:00
1.897560,45.805360,7.10,2009-04-22T12:00:00+00:00
1.897570,45.806150,7.90,2009-04-22T12:00:00+00:00
1.897590,45.794650,4.50,2009-04-22T12:00:00+00:00
1.897520,45.806300,7.60,2009-04-22T12:00:00+00:00
1.897600,45.808470,1.00,2009-04-22T12:00:00+00:00
1.897510,45.808420,1.10,2009-04-22T12:00:00+00:00
1.897620,45.806360,7.30,2009-04-22T12:00:00+00:00
1.897640,45.794730,4.10,2009-04-22T12:00:00+00:00
1.897650,45.803030,5.70,2009-04-22T12:00:00+00:00
1.897650,45.806080,8.00,2009-04-22T12:00:00+00:00
1.897660,45.794820,3.90,2009-04-22T12:00:00+00:00
1.897660,45.798420,12.70,2009-04-22T12:00:00+00:00
1.897670,45.791560,7.80,2009-04-22T12:00:00+00:00
1.897600,45.795780,3.70,2009-04-22T12:00:00+00:00
1.897440,45.805310,6.90,2009-04-22T12:00:00+00:00
1.897370,45.798250,12.60,2009-04-22T12:00:00+00:00
1.897390,45.793080,4.60,2009-04-22T12:00:00+00:00
1.897390,45.794260,9.30,2009-04-22T12:00:00+00:00
1.897420,45.795680,5.10,2009-04-22T12:00:00+00:00
1.897420,45.806260,7.60,2009-04-22T12:00:00+00:00
1.897420,45.806270,7.80,2009-04-22T12:00:00+00:00
1.897420,45.808380,1.00,2009-04-22T12:00:00+00:00
1.897550,45.792940,6.40,2009-04-22T12:00:00+00:00
1.897440,45.802930,5.20,2009-04-22T12:00:00+00:00
1.897060,45.791290,2.90,2009-04-22T12:00:00+00:00
1.897460,45.791480,7.40,2009-04-22T12:00:00+00:00
1.897460,45.798310,12.60,2009-04-22T12:00:00+00:00
1.897470,45.794400,6.50,2009-04-22T12:00:00+00:00
1.897480,45.793010,5.00,2009-04-22T12:00:00+00:00
1.897510,45.794480,5.60,2009-04-22T12:00:00+00:00
1.897510,45.795720,4.50,2009-04-22T12:00:00+00:00
1.897510,45.806200,8.00,2009-04-22T12:00:00+00:00
1.897430,45.794320,8.10,2009-04-22T12:00:00+00:00
1.894070,45.809040,2.80,2009-04-22T12:00:00+00:00
1.894000,45.803870,0.70,2009-04-22T12:00:00+00:00
1.894000,45.807510,1.60,2009-04-22T12:00:00+00:00
1.894020,45.804220,0.90,2009-04-22T12:00:00+00:00
1.894020,45.807250,3.00,2009-04-22T12:00:00+00:00
1.894020,45.808980,2.90,2009-04-22T12:00:00+00:00
1.894030,45.795520,9.90,2009-04-22T12:00:00+00:00
1.895850,45.805110,2.60,2009-04-22T12:00:00+00:00
1.894070,45.801470,5.90,2009-04-22T12:00:00+00:00
1.893960,45.801430,5.60,2009-04-22T12:00:00+00:00
1.894080,45.793640,6.90,2009-04-22T12:00:00+00:00
1.894080,45.807590,1.70,2009-04-22T12:00:00+00:00
1.894100,45.803870,0.50,2009-04-22T12:00:00+00:00
1.894110,45.804260,1.00,2009-04-22T12:00:00+00:00
1.894120,45.807260,3.10,2009-04-22T12:00:00+00:00
1.894130,45.795460,9.80,2009-04-22T12:00:00+00:00
1.894140,45.796200,13.50,2009-04-22T12:00:00+00:00
1.894050,45.796140,13.10,2009-04-22T12:00:00+00:00
1.893920,45.803910,0.70,2009-04-22T12:00:00+00:00
1.893850,45.807370,1.90,2009-04-22T12:00:00+00:00
1.893860,45.795650,12.30,2009-04-22T12:00:00+00:00
1.893860,45.801390,5.30,2009-04-22T12:00:00+00:00
1.893860,45.803960,0.50,2009-04-22T12:00:00+00:00
1.893860,45.804070,0.60,2009-04-22T12:00:00+00:00
1.893890,45.793540,7.40,2009-04-22T12:00:00+00:00
1.893890,45.796000,13.30,2009-04-22T12:00:00+00:00
1.893990,45.793600,7.20,2009-04-22T12:00:00+00:00
1.893900,45.809140,2.80,2009-04-22T12:00:00+00:00
1.893970,45.796070,13.20,2009-04-22T12:00:00+00:00
1.893920,45.807260,2.80,2009-04-22T12:00:00+00:00
1.893930,45.807440,1.60,2009-04-22T12:00:00+00:00
1.893940,45.795580,11.20,2009-04-22T12:00:00+00:00
1.893940,45.804180,0.80,2009-04-22T12:00:00+00:00
1.893950,45.809020,2.90,2009-04-22T12:00:00+00:00
1.893950,45.809060,2.90,2009-04-22T12:00:00+00:00
1.894170,45.801520,6.00,2009-04-22T12:00:00+00:00
1.893890,45.804120,0.70,2009-04-22T12:00:00+00:00
1.894400,45.809100,2.20,2009-04-22T12:00:00+00:00
1.894140,45.808820,3.00,2009-04-22T12:00:00+00:00
1.894360,45.793800,6.80,2009-04-22T12:00:00+00:00
1.894360,45.807270,3.40,2009-04-22T12:00:00+00:00
1.894360,45.807880,3.80,2009-04-22T12:00:00+00:00
1.894380,45.801600,6.40,2009-04-22T12:00:00+00:00
1.894390,45.803920,1.60,2009-04-22T12:00:00+00:00
1.894390,45.804360,0.90,2009-04-22T12:00:00+00:00
1.894310,45.796340,13.90,2009-04-22T12:00:00+00:00
1.894400,45.796400,13.70,2009-04-22T12:00:00+00:00
1.894310,45.795340,9.10,2009-04-22T12:00:00+00:00
1.894420,45.807950,4.00,2009-04-22T12:00:00+00:00
1.894430,45.808540,3.70,2009-04-22T12:00:00+00:00
1.894460,45.793850,7.30,2009-04-22T12:00:00+00:00
1.894480,45.803970,2.00,2009-04-22T12:00:00+00:00
1.894480,45.804400,0.90,2009-04-22T12:00:00+00:00
1.894480,45.807280,3.50,2009-04-22T12:00:00+00:00
1.894480,45.808030,4.10,2009-04-22T12:00:00+00:00
1.894400,45.795270,8.80,2009-04-22T12:00:00+00:00
1.894230,45.807270,3.30,2009-04-22T12:00:00+00:00
1.893840,45.807260,2.90,2009-04-22T12:00:00+00:00
1.894180,45.793700,6.70,2009-04-22T12:00:00+00:00
1.894180,45.809060,2.80,2009-04-22T12:00:00+00:00
1.894190,45.803860,0.80,2009-04-22T12:00:00+00:00
1.894200,45.808750,3.10,2009-04-22T12:00:00+00:00
1.894210,45.804290,1.00,2009-04-22T12:00:00+00:00
1.894220,45.795400,9.50,2009-04-22T12:00:00+00:00
1.894350,45.808600,3.60,2009-04-22T12:00:00+00:00
1.894230,45.796260,13.90,2009-04-22T12:00:00+00:00
1.894150,45.807660,2.00,2009-04-22T12:00:00+00:00
1.894260,45.793750,6.70,2009-04-22T12:00:00+00:00
1.894280,45.801560,6.30,2009-04-22T12:00:00+00:00
1.894280,45.807800,3.40,2009-04-22T12:00:00+00:00
1.894280,45.808680,3.30,2009-04-22T12:00:00+00:00
1.894290,45.809080,2.50,2009-04-22T12:00:00+00:00
1.894300,45.803880,1.10,2009-04-22T12:00:00+00:00
1.894300,45.804330,1.00,2009-04-22T12:00:00+00:00
1.894220,45.807730,2.70,2009-04-22T12:00:00+00:00
1.893380,45.807250,3.00,2009-04-22T12:00:00+00:00
1.893470,45.801210,3.80,2009-04-22T12:00:00+00:00
1.893320,45.806920,4.00,2009-04-22T12:00:00+00:00
1.893340,45.807250,2.90,2009-04-22T12:00:00+00:00
1.893340,45.809840,1.40,2009-04-22T12:00:00+00:00
1.893350,45.795520,12.60,2009-04-22T12:00:00+00:00
1.893350,45.808940,2.10,2009-04-22T12:00:00+00:00
1.893370,45.801170,3.30,2009-04-22T12:00:00+00:00
1.893300,45.807250,2.80,2009-04-22T12:00:00+00:00
1.893380,45.806970,3.90,2009-04-22T12:00:00+00:00
1.893300,45.796130,13.90,2009-04-22T12:00:00+00:00
1.893400,45.809770,1.60,2009-04-22T12:00:00+00:00
1.893410,45.793280,8.50,2009-04-22T12:00:00+00:00
1.893420,45.807250,2.90,2009-04-22T12:00:00+00:00
1.893430,45.795590,12.50,2009-04-22T12:00:00+00:00
1.893450,45.807250,3.00,2009-04-22T12:00:00+00:00
1.893450,45.809680,1.70,2009-04-22T12:00:00+00:00
1.893840,45.809220,2.80,2009-04-22T12:00:00+00:00
1.893380,45.796060,13.70,2009-04-22T12:00:00+00:00
1.893230,45.806860,4.10,2009-04-22T12:00:00+00:00
1.893140,45.793110,8.20,2009-04-22T12:00:00+00:00
1.893140,45.806800,3.70,2009-04-22T12:00:00+00:00
1.893160,45.807250,2.50,2009-04-22T12:00:00+00:00
1.893170,45.801080,2.40,2009-04-22T12:00:00+00:00
1.893180,45.795380,12.10,2009-04-22T12:00:00+00:00
1.893200,45.807250,2.50,2009-04-22T12:00:00+00:00
1.893200,45.810050,0.90,2009-04-22T12:00:00+00:00
1.893320,45.793220,8.30,2009-04-22T12:00:00+00:00
1.893230,45.793160,8.30,2009-04-22T12:00:00+00:00
1.893470,45.807030,3.90,2009-04-22T12:00:00+00:00
1.893230,45.808920,2.00,2009-04-22T12:00:00+00:00
1.893240,45.807250,2.60,2009-04-22T12:00:00+00:00
1.893240,45.809990,1.10,2009-04-22T12:00:00+00:00
1.893270,45.795450,12.60,2009-04-22T12:00:00+00:00
1.893270,45.801130,2.80,2009-04-22T12:00:00+00:00
1.893270,45.807250,2.80,2009-04-22T12:00:00+00:00
1.893290,45.809910,1.20,2009-04-22T12:00:00+00:00
1.893220,45.796200,13.60,2009-04-22T12:00:00+00:00
1.893760,45.801360,5.20,2009-04-22T12:00:00+00:00
1.893460,45.795990,13.50,2009-04-22T12:00:00+00:00
1.893680,45.807260,3.20,2009-04-22T12:00:00+00:00
1.893690,45.793430,8.10,2009-04-22T12:00:00+00:00
1.893690,45.795780,12.80,2009-04-22T12:00:00+00:00
1.893700,45.807240,3.00,2009-04-22T12:00:00+00:00
1.893700,45.809370,2.50,2009-04-22T12:00:00+00:00
1.893720,45.808980,2.90,2009-04-22T12:00:00+00:00
1.893660,45.795790,12.50,2009-04-22T12:00:00+00:00
1.893740,45.807260,3.00,2009-04-22T12:00:00+00:00
1.893630,45.809450,2.30,2009-04-22T12:00:00+00:00
1.893760,45.809300,2.50,2009-04-22T12:00:00+00:00
1.893770,45.795710,12.80,2009-04-22T12:00:00+00:00
1.893780,45.807300,2.30,2009-04-22T12:00:00+00:00
1.893790,45.793490,7.70,2009-04-22T12:00:00+00:00
1.893810,45.795930,13.70,2009-04-22T12:00:00+00:00
1.893840,45.804020,0.80,2009-04-22T12:00:00+00:00
1.894500,45.795210,9.00,2009-04-22T12:00:00+00:00
1.893740,45.795860,12.90,2009-04-22T12:00:00+00:00
1.893570,45.807260,3.20,2009-04-22T12:00:00+00:00
1.893480,45.807250,3.00,2009-04-22T12:00:00+00:00
1.893480,45.808950,2.40,2009-04-22T12:00:00+00:00
1.893500,45.793340,8.30,2009-04-22T12:00:00+00:00
1.893500,45.809610,1.90,2009-04-22T12:00:00+00:00
1.893510,45.795650,12.70,2009-04-22T12:00:00+00:00
1.893540,45.795920,13.30,2009-04-22T12:00:00+00:00
1.893540,45.807260,3.10,2009-04-22T12:00:00+00:00
1.893660,45.801310,4.90,2009-04-22T12:00:00+00:00
1.893570,45.801250,4.40,2009-04-22T12:00:00+00:00
1.893840,45.809010,2.90,2009-04-22T12:00:00+00:00
1.893570,45.809530,2.00,2009-04-22T12:00:00+00:00
1.893580,45.795720,12.50,2009-04-22T12:00:00+00:00
1.893600,45.793380,8.20,2009-04-22T12:00:00+00:00
1.893600,45.808960,2.70,2009-04-22T12:00:00+00:00
1.893610,45.795850,13.00,2009-04-22T12:00:00+00:00
1.893620,45.807260,3.20,2009-04-22T12:00:00+00:00
1.893630,45.807170,3.60,2009-04-22T12:00:00+00:00
1.893550,45.807100,3.80,2009-04-22T12:00:00+00:00
1.895490,45.794520,12.80,2009-04-22T12:00:00+00:00
1.895550,45.797210,12.70,2009-04-22T12:00:00+00:00
1.895410,45.794400,12.10,2009-04-22T12:00:00+00:00
1.895410,45.794590,11.50,2009-04-22T12:00:00+00:00
1.895410,45.802020,7.40,2009-04-22T12:00:00+00:00
1.895410,45.804720,1.00,2009-04-22T12:00:00+00:00
1.895430,45.804380,1.20,2009-04-22T12:00:00+00:00
1.895450,45.807650,5.70,2009-04-22T12:00:00+00:00
1.895390,45.797080,12.80,2009-04-22T12:00:00+00:00
1.895480,45.804750,1.10,2009-04-22T12:00:00+00:00
1.895360,45.807720,5.40,2009-04-22T12:00:00+00:00
1.895500,45.794470,12.60,2009-04-22T12:00:00+00:00
1.895500,45.807460,5.70,2009-04-22T12:00:00+00:00
1.895520,45.802070,7.50,2009-04-22T12:00:00+00:00
1.895520,45.804760,0.70,2009-04-22T12:00:00+00:00
1.895530,45.804420,1.00,2009-04-22T12:00:00+00:00
1.895530,45.807590,5.80,2009-04-22T12:00:00+00:00
1.895140,45.804280,1.90,2009-04-22T12:00:00+00:00
1.895470,45.797140,12.90,2009-04-22T12:00:00+00:00
1.895280,45.807780,5.20,2009-04-22T12:00:00+00:00
1.894490,45.796460,13.40,2009-04-22T12:00:00+00:00
1.895180,45.807380,5.30,2009-04-22T12:00:00+00:00
1.895200,45.807850,5.10,2009-04-22T12:00:00+00:00
1.895210,45.804640,1.10,2009-04-22T12:00:00+00:00
1.895220,45.796950,12.70,2009-04-22T12:00:00+00:00
1.895220,45.801930,7.40,2009-04-22T12:00:00+00:00
1.895230,45.794720,12.00,2009-04-22T12:00:00+00:00
1.895400,45.807430,5.60,2009-04-22T12:00:00+00:00
1.895240,45.794290,12.70,2009-04-22T12:00:00+00:00
1.895570,45.791020,0.80,2009-04-22T12:00:00+00:00
1.895290,45.804660,0.50,2009-04-22T12:00:00+00:00
1.895290,45.807400,5.50,2009-04-22T12:00:00+00:00
1.895300,45.797010,12.70,2009-04-22T12:00:00+00:00
1.895320,45.794350,11.80,2009-04-22T12:00:00+00:00
1.895320,45.794660,11.90,2009-04-22T12:00:00+00:00
1.895320,45.801970,7.30,2009-04-22T12:00:00+00:00
1.895320,45.804340,1.50,2009-04-22T12:00:00+00:00
1.895230,45.804310,1.80,2009-04-22T12:00:00+00:00
1.895790,45.807390,6.10,2009-04-22T12:00:00+00:00
1.895550,45.790960,0.80,2009-04-22T12:00:00+00:00
1.895720,45.807500,5.80,2009-04-22T12:00:00+00:00
1.895730,45.791330,1.70,2009-04-22T12:00:00+00:00
1.895740,45.797330,12.60,2009-04-22T12:00:00+00:00
1.895760,45.790920,1.30,2009-04-22T12:00:00+00:00
1.895770,45.804560,1.20,2009-04-22T12:00:00+00:00
1.895780,45.791410,2.00,2009-04-22T12:00:00+00:00
1.895700,45.807460,5.90,2009-04-22T12:00:00+00:00
1.895790,45.804900,1.70,2009-04-22T12:00:00+00:00
1.895700,45.802170,7.40,2009-04-22T12:00:00+00:00
1.895810,45.802220,7.40,2009-04-22T12:00:00+00:00
1.895830,45.797390,12.70,2009-04-22T12:00:00+00:00
1.895830,45.804970,2.00,2009-04-22T12:00:00+00:00
1.895830,45.807510,5.90,2009-04-22T12:00:00+00:00
1.895850,45.790900,0.70,2009-04-22T12:00:00+00:00
1.895850,45.791480,1.90,2009-04-22T12:00:00+00:00
1.895850,45.794270,12.00,2009-04-22T12:00:00+00:00
1.895790,45.794620,11.30,2009-04-22T12:00:00+00:00
1.895640,45.797270,12.90,2009-04-22T12:00:00+00:00
1.895580,45.794460,12.10,2009-04-22T12:00:00+00:00
1.895580,45.804780,0.80,2009-04-22T12:00:00+00:00
1.895600,45.790930,0.50,2009-04-22T12:00:00+00:00
1.895600,45.794520,11.40,2009-04-22T12:00:00+00:00
1.895600,45.802120,7.60,2009-04-22T12:00:00+00:00
1.895610,45.791090,1.00,2009-04-22T12:00:00+00:00
1.895610,45.807480,5.80,2009-04-22T12:00:00+00:00
1.895720,45.804860,1.30,2009-04-22T12:00:00+00:00
1.895620,45.807520,5.90,2009-04-22T12:00:00+00:00
1.895130,45.804620,1.00,2009-04-22T12:00:00+00:00
1.895640,45.804820,1.10,2009-04-22T12:00:00+00:00
1.895650,45.791170,1.10,2009-04-22T12:00:00+00:00
1.895670,45.794400,12.50,2009-04-22T12:00:00+00:00
1.895680,45.790930,0.70,2009-04-22T12:00:00+00:00
1.895680,45.791250,1.20,2009-04-22T12:00:00+00:00
1.895690,45.794580,11.30,2009-04-22T12:00:00+00:00
1.895690,45.804520,1.10,2009-04-22T12:00:00+00:00
1.895620,45.804460,1.10,2009-04-22T12:00:00+00:00
1.894740,45.809090,0.50,2009-04-22T12:00:00+00:00
1.894800,45.808970,0.70,2009-04-22T12:00:00+00:00
1.894680,45.795090,11.20,2009-04-22T12:00:00+00:00
1.894690,45.796570,12.90,2009-04-22T12:00:00+00:00
1.894690,45.809140,0.90,2009-04-22T12:00:00+00:00
1.894700,45.808440,3.90,2009-04-22T12:00:00+00:00
1.894720,45.801700,6.90,2009-04-22T12:00:00+00:00
1.894720,45.807300,4.30,2009-04-22T12:00:00+00:00
1.894660,45.808320,4.10,2009-04-22T12:00:00+00:00
1.894740,45.808520,3.80,2009-04-22T12:00:00+00:00
1.894660,45.804460,0.70,2009-04-22T12:00:00+00:00
1.894750,45.804500,0.80,2009-04-22T12:00:00+00:00
1.894760,45.794020,6.90,2009-04-22T12:00:00+00:00
1.894760,45.795020,11.00,2009-04-22T12:00:00+00:00
1.894760,45.809020,0.60,2009-04-22T12:00:00+00:00
1.894770,45.804110,2.30,2009-04-22T12:00:00+00:00
1.894780,45.796630,12.90,2009-04-22T12:00:00+00:00
1.895150,45.794240,12.50,2009-04-22T12:00:00+00:00
1.894740,45.808250,4.20,2009-04-22T12:00:00+00:00
1.894590,45.795150,10.60,2009-04-22T12:00:00+00:00
1.898190,45.808820,3.40,2009-04-22T12:00:00+00:00
1.894500,45.808460,3.90,2009-04-22T12:00:00+00:00
1.894510,45.809110,1.90,2009-04-22T12:00:00+00:00
1.894530,45.808110,4.30,2009-04-22T12:00:00+00:00
1.894570,45.793900,7.80,2009-04-22T12:00:00+00:00
1.894570,45.804430,0.80,2009-04-22T12:00:00+00:00
1.894570,45.808180,4.20,2009-04-22T12:00:00+00:00
1.894670,45.804060,2.30,2009-04-22T12:00:00+00:00
1.894580,45.804010,2.00,2009-04-22T12:00:00+00:00
1.894810,45.801740,6.90,2009-04-22T12:00:00+00:00
1.894590,45.796520,13.70,2009-04-22T12:00:00+00:00
1.894600,45.801670,6.80,2009-04-22T12:00:00+00:00
1.894600,45.807290,3.70,2009-04-22T12:00:00+00:00
1.894600,45.809140,1.50,2009-04-22T12:00:00+00:00
1.894620,45.808260,4.10,2009-04-22T12:00:00+00:00
1.894650,45.808350,4.10,2009-04-22T12:00:00+00:00
1.894660,45.793960,7.50,2009-04-22T12:00:00+00:00
1.894570,45.808390,4.10,2009-04-22T12:00:00+00:00
1.895050,45.804240,2.00,2009-04-22T12:00:00+00:00
1.894790,45.808600,3.60,2009-04-22T12:00:00+00:00
1.894950,45.804200,2.10,2009-04-22T12:00:00+00:00
1.894950,45.807330,4.90,2009-04-22T12:00:00+00:00
1.894960,45.808040,4.80,2009-04-22T12:00:00+00:00
1.894970,45.804570,1.50,2009-04-22T12:00:00+00:00
1.895020,45.801830,7.30,2009-04-22T12:00:00+00:00
1.895040,45.794840,11.30,2009-04-22T12:00:00+00:00
1.894950,45.794900,11.10,2009-04-22T12:00:00+00:00
1.895040,45.807980,4.70,2009-04-22T12:00:00+00:00
1.894950,45.794130,8.80,2009-04-22T12:00:00+00:00
1.895050,45.804600,0.90,2009-04-22T12:00:00+00:00
1.895060,45.794180,10.60,2009-04-22T12:00:00+00:00
1.895060,45.807360,5.20,2009-04-22T12:00:00+00:00
1.895120,45.801880,7.20,2009-04-22T12:00:00+00:00
1.895120,45.807910,5.00,2009-04-22T12:00:00+00:00
1.895130,45.794780,11.20,2009-04-22T12:00:00+00:00
1.895130,45.796880,12.80,2009-04-22T12:00:00+00:00
1.895040,45.796820,12.90,2009-04-22T12:00:00+00:00
1.894860,45.808700,2.10,2009-04-22T12:00:00+00:00
1.894810,45.804520,0.80,2009-04-22T12:00:00+00:00
1.894810,45.808180,4.60,2009-04-22T12:00:00+00:00
1.894820,45.808670,3.00,2009-04-22T12:00:00+00:00
1.894840,45.807310,4.60,2009-04-22T12:00:00+00:00
1.894850,45.794960,10.90,2009-04-22T12:00:00+00:00
1.894850,45.808940,0.70,2009-04-22T12:00:00+00:00
1.894860,45.794070,7.60,2009-04-22T12:00:00+00:00
1.894950,45.796760,13.00,2009-04-22T12:00:00+00:00
1.894860,45.804150,2.20,2009-04-22T12:00:00+00:00
1.894490,45.801640,6.60,2009-04-22T12:00:00+00:00
1.894880,45.804550,1.20,2009-04-22T12:00:00+00:00
1.894880,45.808120,4.70,2009-04-22T12:00:00+00:00
1.894900,45.808750,1.30,2009-04-22T12:00:00+00:00
1.894900,45.808910,0.50,2009-04-22T12:00:00+00:00
1.894910,45.808870,1.00,2009-04-22T12:00:00+00:00
1.894920,45.801790,7.00,2009-04-22T12:00:00+00:00
1.894930,45.808810,0.80,2009-04-22T12:00:00+00:00
1.894860,45.796690,13.00,2009-04-22T12:00:00+00:00
1.901210,45.806320,9.60,2009-04-22T12:00:00+00:00
1.901180,45.796320,4.30,2009-04-22T12:00:00+00:00
1.901180,45.810610,5.90,2009-04-22T12:00:00+00:00
1.901200,45.788210,3.20,2009-04-22T12:00:00+00:00
1.901200,45.789000,4.80,2009-04-22T12:00:00+00:00
1.901200,45.800870,11.80,2009-04-22T12:00:00+00:00
1.901200,45.803130,10.10,2009-04-22T12:00:00+00:00
1.898170,45.796000,0.80,2009-04-22T12:00:00+00:00
1.901210,45.804420,10.20,2009-04-22T12:00:00+00:00
1.901130,45.803200,9.90,2009-04-22T12:00:00+00:00
1.901220,45.808030,8.60,2009-04-22T12:00:00+00:00
1.901240,45.789690,4.00,2009-04-22T12:00:00+00:00
1.901260,45.796380,4.40,2009-04-22T12:00:00+00:00
1.901270,45.795420,1.20,2009-04-22T12:00:00+00:00
1.901270,45.803060,10.20,2009-04-22T12:00:00+00:00
1.901280,45.789060,4.10,2009-04-22T12:00:00+00:00
1.901290,45.800940,11.80,2009-04-22T12:00:00+00:00
1.901210,45.790480,4.50,2009-04-22T12:00:00+00:00
1.901090,45.806300,9.60,2009-04-22T12:00:00+00:00
1.901020,45.790400,4.70,2009-04-22T12:00:00+00:00
1.901020,45.800730,12.20,2009-04-22T12:00:00+00:00
1.901040,45.796200,4.00,2009-04-22T12:00:00+00:00
1.901050,45.788860,4.30,2009-04-22T12:00:00+00:00
1.901060,45.803270,9.60,2009-04-22T12:00:00+00:00
1.901080,45.789820,4.30,2009-04-22T12:00:00+00:00
1.901080,45.810570,5.40,2009-04-22T12:00:00+00:00
1.901180,45.795400,0.80,2009-04-22T12:00:00+00:00
1.901090,45.804380,10.30,2009-04-22T12:00:00+00:00
1.901160,45.789760,4.20,2009-04-22T12:00:00+00:00
1.901100,45.788170,2.60,2009-04-22T12:00:00+00:00
1.901100,45.796260,4.20,2009-04-22T12:00:00+00:00
1.901110,45.790440,4.50,2009-04-22T12:00:00+00:00
1.901110,45.800800,12.50,2009-04-22T12:00:00+00:00
1.901110,45.808000,8.50,2009-04-22T12:00:00+00:00
1.901120,45.788930,4.20,2009-04-22T12:00:00+00:00
1.901310,45.790520,4.40,2009-04-22T12:00:00+00:00
1.901090,45.795420,0.50,2009-04-22T12:00:00+00:00
1.901530,45.789250,3.70,2009-04-22T12:00:00+00:00
1.901300,45.788250,3.70,2009-04-22T12:00:00+00:00
1.901470,45.796550,4.50,2009-04-22T12:00:00+00:00
1.901470,45.801080,11.60,2009-04-22T12:00:00+00:00
1.901490,45.789510,3.90,2009-04-22T12:00:00+00:00
1.901500,45.790600,4.40,2009-04-22T12:00:00+00:00
1.901500,45.802850,10.80,2009-04-22T12:00:00+00:00
1.901510,45.788320,3.90,2009-04-22T12:00:00+00:00
1.901440,45.789190,3.70,2009-04-22T12:00:00+00:00
1.901510,45.810680,6.20,2009-04-22T12:00:00+00:00
1.901430,45.808120,8.80,2009-04-22T12:00:00+00:00
1.901530,45.804550,10.60,2009-04-22T12:00:00+00:00
1.901530,45.808160,9.00,2009-04-22T12:00:00+00:00
1.901550,45.796620,4.30,2009-04-22T12:00:00+00:00
1.901560,45.801160,11.80,2009-04-22T12:00:00+00:00
1.901570,45.789450,3.80,2009-04-22T12:00:00+00:00
1.901590,45.802790,10.90,2009-04-22T12:00:00+00:00
1.901590,45.806340,10.30,2009-04-22T12:00:00+00:00
1.901510,45.795580,2.10,2009-04-22T12:00:00+00:00
1.901380,45.801010,11.50,2009-04-22T12:00:00+00:00
1.901010,45.789890,4.50,2009-04-22T12:00:00+00:00
1.901320,45.789630,4.20,2009-04-22T12:00:00+00:00
1.901320,45.804460,10.90,2009-04-22T12:00:00+00:00
1.901330,45.796440,4.50,2009-04-22T12:00:00+00:00
1.901330,45.808080,8.80,2009-04-22T12:00:00+00:00
1.901340,45.795470,1.70,2009-04-22T12:00:00+00:00
1.901340,45.802990,10.50,2009-04-22T12:00:00+00:00
1.901460,45.806340,9.70,2009-04-22T12:00:00+00:00
1.901360,45.789130,4.00,2009-04-22T12:00:00+00:00
1.901300,45.810630,6.20,2009-04-22T12:00:00+00:00
1.901400,45.789570,4.10,2009-04-22T12:00:00+00:00
1.901400,45.796490,4.50,2009-04-22T12:00:00+00:00
1.901410,45.790560,4.30,2009-04-22T12:00:00+00:00
1.901410,45.810660,6.20,2009-04-22T12:00:00+00:00
1.901420,45.795530,2.00,2009-04-22T12:00:00+00:00
1.901420,45.802920,10.60,2009-04-22T12:00:00+00:00
1.901420,45.804510,11.00,2009-04-22T12:00:00+00:00
1.901340,45.806320,9.60,2009-04-22T12:00:00+00:00
1.900690,45.807820,8.60,2009-04-22T12:00:00+00:00
1.900750,45.788320,0.80,2009-04-22T12:00:00+00:00
1.900650,45.788520,2.50,2009-04-22T12:00:00+00:00
1.900650,45.790210,5.60,2009-04-22T12:00:00+00:00
1.900650,45.790250,5.60,2009-04-22T12:00:00+00:00
1.900650,45.795820,2.50,2009-04-22T12:00:00+00:00
1.900650,45.804230,8.40,2009-04-22T12:00:00+00:00
1.900660,45.800500,12.00,2009-04-22T12:00:00+00:00
1.900620,45.810430,5.70,2009-04-22T12:00:00+00:00
1.900690,45.795600,1.20,2009-04-22T12:00:00+00:00
1.900620,45.795750,2.10,2009-04-22T12:00:00+00:00
1.900700,45.795890,2.80,2009-04-22T12:00:00+00:00
1.900710,45.803630,8.50,2009-04-22T12:00:00+00:00
1.900720,45.790160,5.40,2009-04-22T12:00:00+00:00
1.900720,45.806240,9.20,2009-04-22T12:00:00+00:00
1.900730,45.788590,3.10,2009-04-22T12:00:00+00:00
1.900740,45.795960,3.20,2009-04-22T12:00:00+00:00
1.901010,45.807950,8.60,2009-04-22T12:00:00+00:00
1.900690,45.788350,1.20,2009-04-22T12:00:00+00:00
1.900560,45.803770,7.40,2009-04-22T12:00:00+00:00
1.900490,45.806180,6.80,2009-04-22T12:00:00+00:00
1.900490,45.807740,8.50,2009-04-22T12:00:00+00:00
1.900510,45.790330,6.00,2009-04-22T12:00:00+00:00
1.900510,45.810400,3.80,2009-04-22T12:00:00+00:00
1.900540,45.788410,0.90,2009-04-22T12:00:00+00:00
1.900540,45.804200,7.20,2009-04-22T12:00:00+00:00
1.900550,45.788380,0.50,2009-04-22T12:00:00+00:00
1.900630,45.803700,8.20,2009-04-22T12:00:00+00:00
1.900560,45.800440,12.80,2009-04-22T12:00:00+00:00
1.900750,45.790290,5.80,2009-04-22T12:00:00+00:00
1.900580,45.790270,5.80,2009-04-22T12:00:00+00:00
1.900590,45.788460,1.70,2009-04-22T12:00:00+00:00
1.900590,45.807780,8.70,2009-04-22T12:00:00+00:00
1.900600,45.795680,1.60,2009-04-22T12:00:00+00:00
1.900610,45.788350,0.90,2009-04-22T12:00:00+00:00
1.900610,45.806210,7.80,2009-04-22T12:00:00+00:00
1.900620,45.795640,1.30,2009-04-22T12:00:00+00:00
1.900550,45.790210,5.50,2009-04-22T12:00:00+00:00
1.900950,45.796140,3.90,2009-04-22T12:00:00+00:00
1.900740,45.810460,5.60,2009-04-22T12:00:00+00:00
1.900900,45.795510,0.70,2009-04-22T12:00:00+00:00
1.900900,45.803400,9.20,2009-04-22T12:00:00+00:00
1.900900,45.807910,8.50,2009-04-22T12:00:00+00:00
1.900930,45.788180,1.00,2009-04-22T12:00:00+00:00
1.900930,45.790360,5.00,2009-04-22T12:00:00+00:00
1.900930,45.800670,12.00,2009-04-22T12:00:00+00:00
1.900880,45.796080,3.60,2009-04-22T12:00:00+00:00
1.900950,45.795470,4.50,2009-04-22T12:00:00+00:00
1.900880,45.790040,5.00,2009-04-22T12:00:00+00:00
1.900970,45.788800,4.60,2009-04-22T12:00:00+00:00
1.900970,45.810530,4.80,2009-04-22T12:00:00+00:00
1.900980,45.803330,9.50,2009-04-22T12:00:00+00:00
1.900980,45.804340,10.10,2009-04-22T12:00:00+00:00
1.900980,45.806290,9.50,2009-04-22T12:00:00+00:00
1.901010,45.788150,1.90,2009-04-22T12:00:00+00:00
1.901620,45.788350,3.70,2009-04-22T12:00:00+00:00
1.900950,45.789960,4.60,2009-04-22T12:00:00+00:00
1.900820,45.795540,0.90,2009-04-22T12:00:00+00:00
1.900750,45.795570,1.10,2009-04-22T12:00:00+00:00
1.900750,45.800550,12.30,2009-04-22T12:00:00+00:00
1.900760,45.804270,9.00,2009-04-22T12:00:00+00:00
1.900770,45.803550,8.40,2009-04-22T12:00:00+00:00
1.900790,45.788260,0.80,2009-04-22T12:00:00+00:00
1.900800,45.788660,4.30,2009-04-22T12:00:00+00:00
1.900800,45.790100,5.20,2009-04-22T12:00:00+00:00
1.900890,45.788730,4.30,2009-04-22T12:00:00+00:00
1.900800,45.807870,8.60,2009-04-22T12:00:00+00:00
1.901010,45.795460,0.50,2009-04-22T12:00:00+00:00
1.900840,45.790320,5.40,2009-04-22T12:00:00+00:00
1.900840,45.800610,12.00,2009-04-22T12:00:00+00:00
1.900840,45.803480,9.00,2009-04-22T12:00:00+00:00
1.900850,45.806260,9.40,2009-04-22T12:00:00+00:00
1.900860,45.788230,0.70,2009-04-22T12:00:00+00:00
1.900860,45.810490,5.30,2009-04-22T12:00:00+00:00
1.900870,45.804310,9.70,2009-04-22T12:00:00+00:00
1.900800,45.796030,3.40,2009-04-22T12:00:00+00:00
1.902410,45.810910,5.70,2009-04-22T12:00:00+00:00
1.902480,45.801960,11.30,2009-04-22T12:00:00+00:00
1.902340,45.808530,8.70,2009-04-22T12:00:00+00:00
1.902360,45.796050,2.20,2009-04-22T12:00:00+00:00
1.902390,45.788790,3.00,2009-04-22T12:00:00+00:00
1.902400,45.788600,3.00,2009-04-22T12:00:00+00:00
1.902400,45.791060,1.60,2009-04-22T12:00:00+00:00
1.902400,45.802030,11.40,2009-04-22T12:00:00+00:00
1.902340,45.797200,3.40,2009-04-22T12:00:00+00:00
1.902410,45.789860,3.30,2009-04-22T12:00:00+00:00
1.902330,45.802100,11.40,2009-04-22T12:00:00+00:00
1.902420,45.797260,3.70,2009-04-22T12:00:00+00:00
1.902420,45.801820,11.40,2009-04-22T12:00:00+00:00
1.902430,45.806470,8.90,2009-04-22T12:00:00+00:00
1.902440,45.808570,8.40,2009-04-22T12:00:00+00:00
1.902470,45.788720,3.00,2009-04-22T12:00:00+00:00
1.902470,45.796100,1.90,2009-04-22T12:00:00+00:00
1.902180,45.806420,9.40,2009-04-22T12:00:00+00:00
1.902400,45.804890,10.40,2009-04-22T12:00:00+00:00
1.902270,45.802170,11.40,2009-04-22T12:00:00+00:00
1.901600,45.790640,5.20,2009-04-22T12:00:00+00:00
1.902190,45.810850,5.90,2009-04-22T12:00:00+00:00
1.902220,45.788920,3.00,2009-04-22T12:00:00+00:00
1.902230,45.789740,3.40,2009-04-22T12:00:00+00:00
1.902230,45.790960,2.20,2009-04-22T12:00:00+00:00
1.902230,45.808480,8.70,2009-04-22T12:00:00+00:00
1.902250,45.801700,11.50,2009-04-22T12:00:00+00:00
1.902340,45.801760,11.60,2009-04-22T12:00:00+00:00
1.902270,45.796000,2.30,2009-04-22T12:00:00+00:00
1.902480,45.811150,1.00,2009-04-22T12:00:00+00:00
1.902300,45.788560,3.10,2009-04-22T12:00:00+00:00
1.902300,45.788860,3.00,2009-04-22T12:00:00+00:00
1.902300,45.804850,10.70,2009-04-22T12:00:00+00:00
1.902300,45.806440,9.20,2009-04-22T12:00:00+00:00
1.902300,45.810880,5.80,2009-04-22T12:00:00+00:00
1.902320,45.789800,3.40,2009-04-22T12:00:00+00:00
1.902320,45.791010,1.70,2009-04-22T12:00:00+00:00
1.902260,45.797140,3.30,2009-04-22T12:00:00+00:00
1.902660,45.796210,1.50,2009-04-22T12:00:00+00:00
1.902470,45.811090,2.00,2009-04-22T12:00:00+00:00
1.902610,45.810820,5.80,2009-04-22T12:00:00+00:00
1.902620,45.811220,1.60,2009-04-22T12:00:00+00:00
1.902630,45.801820,11.30,2009-04-22T12:00:00+00:00
1.902630,45.804980,10.10,2009-04-22T12:00:00+00:00
1.902640,45.788590,2.80,2009-04-22T12:00:00+00:00
1.902640,45.788670,2.70,2009-04-22T12:00:00+00:00
1.902600,45.791080,3.00,2009-04-22T12:00:00+00:00
1.902650,45.810750,6.00,2009-04-22T12:00:00+00:00
1.902590,45.789980,2.50,2009-04-22T12:00:00+00:00
1.902660,45.797430,4.30,2009-04-22T12:00:00+00:00
1.902660,45.808660,7.40,2009-04-22T12:00:00+00:00
1.902660,45.811280,1.20,2009-04-22T12:00:00+00:00
1.902670,45.790030,2.40,2009-04-22T12:00:00+00:00
1.902670,45.806500,8.10,2009-04-22T12:00:00+00:00
1.902690,45.802000,11.30,2009-04-22T12:00:00+00:00
1.902690,45.810660,5.90,2009-04-22T12:00:00+00:00
1.902640,45.810970,5.50,2009-04-22T12:00:00+00:00
1.902550,45.806480,8.40,2009-04-22T12:00:00+00:00
1.902490,45.791090,2.80,2009-04-22T12:00:00+00:00
1.902490,45.797320,4.00,2009-04-22T12:00:00+00:00
1.902490,45.811040,3.10,2009-04-22T12:00:00+00:00
1.902500,45.789920,2.70,2009-04-22T12:00:00+00:00
1.902500,45.801880,11.50,2009-04-22T12:00:00+00:00
1.902510,45.804940,10.30,2009-04-22T12:00:00+00:00
1.902520,45.788640,2.90,2009-04-22T12:00:00+00:00
1.902600,45.801940,11.30,2009-04-22T12:00:00+00:00
1.902540,45.810970,4.90,2009-04-22T12:00:00+00:00
1.902180,45.802240,11.40,2009-04-22T12:00:00+00:00
1.902550,45.808610,8.00,2009-04-22T12:00:00+00:00
1.902560,45.788660,2.90,2009-04-22T12:00:00+00:00
1.902560,45.801890,11.40,2009-04-22T12:00:00+00:00
1.902560,45.811190,1.50,2009-04-22T12:00:00+00:00
1.902570,45.796150,1.70,2009-04-22T12:00:00+00:00
1.902580,45.797380,4.20,2009-04-22T12:00:00+00:00
1.902580,45.810900,5.60,2009-04-22T12:00:00+00:00
1.902530,45.810940,5.60,2009-04-22T12:00:00+00:00
1.901830,45.801370,11.70,2009-04-22T12:00:00+00:00
1.901880,45.802510,11.30,2009-04-22T12:00:00+00:00
1.901750,45.810740,6.20,2009-04-22T12:00:00+00:00
1.901780,45.790730,5.30,2009-04-22T12:00:00+00:00
1.901780,45.796790,4.00,2009-04-22T12:00:00+00:00
1.901790,45.789430,3.60,2009-04-22T12:00:00+00:00
1.901800,45.795720,2.30,2009-04-22T12:00:00+00:00
1.901800,45.802580,11.20,2009-04-22T12:00:00+00:00
1.901740,45.808250,9.30,2009-04-22T12:00:00+00:00
1.901810,45.789260,3.50,2009-04-22T12:00:00+00:00
1.901740,45.802660,11.30,2009-04-22T12:00:00+00:00
1.901840,45.808300,9.00,2009-04-22T12:00:00+00:00
1.901850,45.788420,3.50,2009-04-22T12:00:00+00:00
1.901860,45.796860,3.70,2009-04-22T12:00:00+00:00
1.901860,45.804680,10.50,2009-04-22T12:00:00+00:00
1.901860,45.810760,6.10,2009-04-22T12:00:00+00:00
1.901880,45.789490,3.40,2009-04-22T12:00:00+00:00
1.902190,45.804810,10.50,2009-04-22T12:00:00+00:00
1.901800,45.806370,9.90,2009-04-22T12:00:00+00:00
1.901700,45.789370,3.70,2009-04-22T12:00:00+00:00
1.900450,45.790170,5.50,2009-04-22T12:00:00+00:00
1.901620,45.789320,3.80,2009-04-22T12:00:00+00:00
1.901620,45.796680,4.30,2009-04-22T12:00:00+00:00
1.901630,45.810710,6.20,2009-04-22T12:00:00+00:00
1.901640,45.801240,11.80,2009-04-22T12:00:00+00:00
1.901640,45.804600,10.70,2009-04-22T12:00:00+00:00
1.901640,45.808200,9.10,2009-04-22T12:00:00+00:00
1.901750,45.804640,10.60,2009-04-22T12:00:00+00:00
1.901670,45.802730,11.60,2009-04-22T12:00:00+00:00
1.901890,45.789190,3.40,2009-04-22T12:00:00+00:00
1.901700,45.790680,5.50,2009-04-22T12:00:00+00:00
1.901700,45.795680,2.30,2009-04-22T12:00:00+00:00
1.901700,45.796740,4.20,2009-04-22T12:00:00+00:00
1.901700,45.806360,9.60,2009-04-22T12:00:00+00:00
1.901730,45.788390,3.60,2009-04-22T12:00:00+00:00
1.901730,45.789330,3.60,2009-04-22T12:00:00+00:00
1.901730,45.801310,11.50,2009-04-22T12:00:00+00:00
1.901650,45.789390,3.70,2009-04-22T12:00:00+00:00
1.902140,45.788990,3.40,2009-04-22T12:00:00+00:00
1.901880,45.790780,5.20,2009-04-22T12:00:00+00:00
1.902050,45.806400,9.50,2009-04-22T12:00:00+00:00
1.902070,45.788500,3.30,2009-04-22T12:00:00+00:00
1.902070,45.804770,10.30,2009-04-22T12:00:00+00:00
1.902070,45.810820,6.00,2009-04-22T12:00:00+00:00
1.902080,45.795890,2.40,2009-04-22T12:00:00+00:00
1.902080,45.801570,11.60,2009-04-22T12:00:00+00:00
1.902050,45.789050,3.40,2009-04-22T12:00:00+00:00
1.902110,45.802300,11.30,2009-04-22T12:00:00+00:00
1.902040,45.808390,9.00,2009-04-22T12:00:00+00:00
1.902140,45.789670,3.10,2009-04-22T12:00:00+00:00
1.902140,45.790920,3.30,2009-04-22T12:00:00+00:00
1.902140,45.808440,8.80,2009-04-22T12:00:00+00:00
1.902160,45.801630,11.30,2009-04-22T12:00:00+00:00
1.902170,45.795940,2.30,2009-04-22T12:00:00+00:00
1.902180,45.788530,3.20,2009-04-22T12:00:00+00:00
1.902180,45.797080,3.30,2009-04-22T12:00:00+00:00
1.902100,45.797020,3.20,2009-04-22T12:00:00+00:00
1.901960,45.804730,10.50,2009-04-22T12:00:00+00:00
1.901890,45.795780,2.20,2009-04-22T12:00:00+00:00
1.901920,45.801440,11.60,2009-04-22T12:00:00+00:00
1.901930,45.796910,3.50,2009-04-22T12:00:00+00:00
1.901930,45.806390,9.70,2009-04-22T12:00:00+00:00
1.901940,45.808350,9.30,2009-04-22T12:00:00+00:00
1.901960,45.788460,3.40,2009-04-22T12:00:00+00:00
1.901960,45.789550,3.30,2009-04-22T12:00:00+00:00
1.902050,45.789610,3.30,2009-04-22T12:00:00+00:00
1.901960,45.802440,11.20,2009-04-22T12:00:00+00:00
1.901600,45.795630,2.20,2009-04-22T12:00:00+00:00
1.901960,45.810780,6.10,2009-04-22T12:00:00+00:00
1.901970,45.789120,3.30,2009-04-22T12:00:00+00:00
1.901990,45.795840,2.20,2009-04-22T12:00:00+00:00
1.902000,45.801500,11.70,2009-04-22T12:00:00+00:00
1.902010,45.796970,3.30,2009-04-22T12:00:00+00:00
1.902030,45.802370,11.30,2009-04-22T12:00:00+00:00
1.902040,45.790870,3.80,2009-04-22T12:00:00+00:00
1.901960,45.790820,4.40,2009-04-22T12:00:00+00:00
1.898990,45.803640,6.80,2009-04-22T12:00:00+00:00
1.899040,45.809260,6.10,2009-04-22T12:00:00+00:00
1.898910,45.809130,6.50,2009-04-22T12:00:00+00:00
1.898920,45.809160,6.40,2009-04-22T12:00:00+00:00
1.898930,45.791620,8.50,2009-04-22T12:00:00+00:00
1.898930,45.805850,8.30,2009-04-22T12:00:00+00:00
1.898940,45.809180,6.40,2009-04-22T12:00:00+00:00
1.898970,45.792230,8.80,2009-04-22T12:00:00+00:00
1.898900,45.805090,8.50,2009-04-22T12:00:00+00:00
1.898980,45.799350,12.30,2009-04-22T12:00:00+00:00
1.898890,45.809110,6.50,2009-04-22T12:00:00+00:00
1.898990,45.805030,8.60,2009-04-22T12:00:00+00:00
1.898990,45.810610,0.50,2009-04-22T12:00:00+00:00
1.899000,45.791550,8.30,2009-04-22T12:00:00+00:00
1.899010,45.807030,5.90,2009-04-22T12:00:00+00:00
1.899010,45.809230,6.20,2009-04-22T12:00:00+00:00
1.899020,45.810540,0.60,2009-04-22T12:00:00+00:00
1.898720,45.809040,6.30,2009-04-22T12:00:00+00:00
1.898970,45.809210,6.20,2009-04-22T12:00:00+00:00
1.898810,45.806930,4.40,2009-04-22T12:00:00+00:00
1.899360,45.790690,3.00,2009-04-22T12:00:00+00:00
1.898760,45.809030,6.40,2009-04-22T12:00:00+00:00
1.898770,45.791740,8.20,2009-04-22T12:00:00+00:00
1.898770,45.792120,8.50,2009-04-22T12:00:00+00:00
1.898770,45.803550,6.80,2009-04-22T12:00:00+00:00
1.898790,45.809040,6.40,2009-04-22T12:00:00+00:00
1.898800,45.799230,12.50,2009-04-22T12:00:00+00:00
1.898910,45.806980,5.30,2009-04-22T12:00:00+00:00
1.898810,45.805810,8.60,2009-04-22T12:00:00+00:00
1.899070,45.792290,8.90,2009-04-22T12:00:00+00:00
1.898820,45.809050,6.40,2009-04-22T12:00:00+00:00
1.898850,45.791680,8.60,2009-04-22T12:00:00+00:00
1.898850,45.809060,6.40,2009-04-22T12:00:00+00:00
1.898860,45.792180,8.70,2009-04-22T12:00:00+00:00
1.898870,45.803600,6.80,2009-04-22T12:00:00+00:00
1.898870,45.809080,6.50,2009-04-22T12:00:00+00:00
1.898890,45.799290,12.40,2009-04-22T12:00:00+00:00
1.898800,45.805160,8.50,2009-04-22T12:00:00+00:00
1.899300,45.807180,7.00,2009-04-22T12:00:00+00:00
1.899040,45.805880,8.50,2009-04-22T12:00:00+00:00
1.899250,45.809400,6.00,2009-04-22T12:00:00+00:00
1.899260,45.792400,8.90,2009-04-22T12:00:00+00:00
1.899260,45.805940,8.10,2009-04-22T12:00:00+00:00
1.899270,45.790280,2.70,2009-04-22T12:00:00+00:00
1.899270,45.799530,12.20,2009-04-22T12:00:00+00:00
1.899290,45.790110,4.80,2009-04-22T12:00:00+00:00
1.899240,45.804830,8.30,2009-04-22T12:00:00+00:00
1.899300,45.803770,7.00,2009-04-22T12:00:00+00:00
1.899240,45.791340,7.80,2009-04-22T12:00:00+00:00
1.899310,45.790440,1.80,2009-04-22T12:00:00+00:00
1.899320,45.790520,2.00,2009-04-22T12:00:00+00:00
1.899320,45.791280,8.10,2009-04-22T12:00:00+00:00
1.899320,45.804770,8.40,2009-04-22T12:00:00+00:00
1.899320,45.810500,1.40,2009-04-22T12:00:00+00:00
1.899340,45.790610,2.70,2009-04-22T12:00:00+00:00
1.900490,45.803850,7.00,2009-04-22T12:00:00+00:00
1.899300,45.790360,2.00,2009-04-22T12:00:00+00:00
1.899160,45.791410,7.80,2009-04-22T12:00:00+00:00
1.899080,45.791480,7.90,2009-04-22T12:00:00+00:00
1.899080,45.799410,12.50,2009-04-22T12:00:00+00:00
1.899080,45.809300,6.00,2009-04-22T12:00:00+00:00
1.899090,45.804970,8.50,2009-04-22T12:00:00+00:00
1.899100,45.803680,6.80,2009-04-22T12:00:00+00:00
1.899100,45.807090,6.50,2009-04-22T12:00:00+00:00
1.899100,45.810490,0.70,2009-04-22T12:00:00+00:00
1.899250,45.790210,3.20,2009-04-22T12:00:00+00:00
1.899150,45.809340,6.00,2009-04-22T12:00:00+00:00
1.898720,45.799170,11.30,2009-04-22T12:00:00+00:00
1.899160,45.792340,9.10,2009-04-22T12:00:00+00:00
1.899170,45.804900,8.40,2009-04-22T12:00:00+00:00
1.899180,45.799460,12.30,2009-04-22T12:00:00+00:00
1.899200,45.803720,7.00,2009-04-22T12:00:00+00:00
1.899200,45.807140,6.70,2009-04-22T12:00:00+00:00
1.899220,45.810480,1.00,2009-04-22T12:00:00+00:00
1.899240,45.790140,4.00,2009-04-22T12:00:00+00:00
1.899150,45.805910,8.40,2009-04-22T12:00:00+00:00
1.898390,45.798900,13.10,2009-04-22T12:00:00+00:00
1.898460,45.809020,4.70,2009-04-22T12:00:00+00:00
1.898300,45.808910,3.70,2009-04-22T12:00:00+00:00
1.898310,45.798840,12.80,2009-04-22T12:00:00+00:00
1.898340,45.805560,8.40,2009-04-22T12:00:00+00:00
1.898340,45.805650,8.30,2009-04-22T12:00:00+00:00
1.898340,45.808950,4.00,2009-04-22T12:00:00+00:00
1.898350,45.803370,6.50,2009-04-22T12:00:00+00:00
1.898300,45.792140,8.90,2009-04-22T12:00:00+00:00
1.898360,45.792070,8.70,2009-04-22T12:00:00+00:00
1.898270,45.796040,0.80,2009-04-22T12:00:00+00:00
1.898400,45.806750,4.70,2009-04-22T12:00:00+00:00
1.898420,45.805500,8.40,2009-04-22T12:00:00+00:00
1.898420,45.809000,4.40,2009-04-22T12:00:00+00:00
1.898440,45.792000,8.50,2009-04-22T12:00:00+00:00
1.898460,45.791970,8.40,2009-04-22T12:00:00+00:00
1.898460,45.803420,6.50,2009-04-22T12:00:00+00:00
1.898730,45.805220,8.50,2009-04-22T12:00:00+00:00
1.898360,45.791920,8.40,2009-04-22T12:00:00+00:00
1.898240,45.796020,0.50,2009-04-22T12:00:00+00:00
1.893130,45.796260,13.50,2009-04-22T12:00:00+00:00
1.898200,45.796000,1.00,2009-04-22T12:00:00+00:00
1.898200,45.806650,5.30,2009-04-22T12:00:00+00:00
1.898210,45.796030,1.00,2009-04-22T12:00:00+00:00
1.898220,45.798780,12.40,2009-04-22T12:00:00+00:00
1.898230,45.792210,9.00,2009-04-22T12:00:00+00:00
1.898230,45.796010,0.50,2009-04-22T12:00:00+00:00
1.898300,45.806700,5.10,2009-04-22T12:00:00+00:00
1.898240,45.796010,0.50,2009-04-22T12:00:00+00:00
1.898480,45.798970,12.40,2009-04-22T12:00:00+00:00
1.898250,45.796030,0.80,2009-04-22T12:00:00+00:00
1.898250,45.803330,6.30,2009-04-22T12:00:00+00:00
1.898250,45.805630,8.30,2009-04-22T12:00:00+00:00
1.898250,45.808860,3.50,2009-04-22T12:00:00+00:00
1.898260,45.791860,8.80,2009-04-22T12:00:00+00:00
1.898260,45.796030,0.50,2009-04-22T12:00:00+00:00
1.898260,45.796040,0.90,2009-04-22T12:00:00+00:00
1.898230,45.805620,8.20,2009-04-22T12:00:00+00:00
1.898670,45.803510,6.50,2009-04-22T12:00:00+00:00
1.898460,45.805690,8.30,2009-04-22T12:00:00+00:00
1.898600,45.809010,6.00,2009-04-22T12:00:00+00:00
1.898600,45.809060,5.70,2009-04-22T12:00:00+00:00
1.898600,45.809100,5.70,2009-04-22T12:00:00+00:00
1.898610,45.809040,5.90,2009-04-22T12:00:00+00:00
1.898620,45.809020,6.00,2009-04-22T12:00:00+00:00
1.898640,45.799100,11.10,2009-04-22T12:00:00+00:00
1.898600,45.791870,8.40,2009-04-22T12:00:00+00:00
1.898670,45.792070,8.40,2009-04-22T12:00:00+00:00
1.898590,45.805370,8.40,2009-04-22T12:00:00+00:00
1.898670,45.805300,8.30,2009-04-22T12:00:00+00:00
1.898670,45.809080,5.90,2009-04-22T12:00:00+00:00
1.898680,45.791800,8.80,2009-04-22T12:00:00+00:00
1.898680,45.809060,6.00,2009-04-22T12:00:00+00:00
1.898700,45.805770,8.50,2009-04-22T12:00:00+00:00
1.898700,45.809040,6.10,2009-04-22T12:00:00+00:00
1.898710,45.806880,4.40,2009-04-22T12:00:00+00:00
1.898640,45.809100,5.70,2009-04-22T12:00:00+00:00
1.898560,45.792020,8.30,2009-04-22T12:00:00+00:00
1.898500,45.805440,8.30,2009-04-22T12:00:00+00:00
1.898500,45.806800,4.30,2009-04-22T12:00:00+00:00
1.898500,45.809030,4.90,2009-04-22T12:00:00+00:00
1.898520,45.791940,8.30,2009-04-22T12:00:00+00:00
1.898520,45.809040,5.30,2009-04-22T12:00:00+00:00
1.898540,45.809030,5.80,2009-04-22T12:00:00+00:00
1.898540,45.809050,5.80,2009-04-22T12:00:00+00:00
1.898600,45.806840,4.30,2009-04-22T12:00:00+00:00
1.898550,45.809060,5.30,2009-04-22T12:00:00+00:00
1.899360,45.792460,8.70,2009-04-22T12:00:00+00:00
1.898560,45.799040,12.40,2009-04-22T12:00:00+00:00
1.898560,45.803460,6.50,2009-04-22T12:00:00+00:00
1.898560,45.809020,5.90,2009-04-22T12:00:00+00:00
1.898570,45.809090,5.70,2009-04-22T12:00:00+00:00
1.898580,45.805730,8.60,2009-04-22T12:00:00+00:00
1.898580,45.809010,6.00,2009-04-22T12:00:00+00:00
1.898580,45.809060,5.50,2009-04-22T12:00:00+00:00
1.898540,45.809080,5.60,2009-04-22T12:00:00+00:00
1.900090,45.810440,3.10,2009-04-22T12:00:00+00:00
1.900140,45.792100,8.40,2009-04-22T12:00:00+00:00
1.900030,45.791870,7.40,2009-04-22T12:00:00+00:00
1.900050,45.792400,0.60,2009-04-22T12:00:00+00:00
1.900060,45.790720,6.50,2009-04-22T12:00:00+00:00
1.900080,45.791950,7.80,2009-04-22T12:00:00+00:00
1.900080,45.804050,6.90,2009-04-22T12:00:00+00:00
1.900080,45.807560,8.30,2009-04-22T12:00:00+00:00
1.900020,45.810520,3.60,2009-04-22T12:00:00+00:00
1.900090,45.804190,7.20,2009-04-22T12:00:00+00:00
1.900020,45.800100,12.90,2009-04-22T12:00:00+00:00
1.900100,45.792020,8.00,2009-04-22T12:00:00+00:00
1.900100,45.792360,1.20,2009-04-22T12:00:00+00:00
1.900100,45.800160,12.60,2009-04-22T12:00:00+00:00
1.900100,45.810550,4.30,2009-04-22T12:00:00+00:00
1.900120,45.790060,5.80,2009-04-22T12:00:00+00:00
1.900120,45.790640,6.20,2009-04-22T12:00:00+00:00
1.899910,45.807470,8.30,2009-04-22T12:00:00+00:00
1.900080,45.809940,3.10,2009-04-22T12:00:00+00:00
1.899980,45.807510,8.30,2009-04-22T12:00:00+00:00
1.899350,45.809450,6.10,2009-04-22T12:00:00+00:00
1.899920,45.790860,6.70,2009-04-22T12:00:00+00:00
1.899920,45.804320,8.10,2009-04-22T12:00:00+00:00
1.899920,45.809800,4.40,2009-04-22T12:00:00+00:00
1.899930,45.792490,1.20,2009-04-22T12:00:00+00:00
1.899940,45.791720,7.10,2009-04-22T12:00:00+00:00
1.899940,45.800040,12.10,2009-04-22T12:00:00+00:00
1.900020,45.810590,3.50,2009-04-22T12:00:00+00:00
1.899970,45.804010,6.90,2009-04-22T12:00:00+00:00
1.900150,45.810380,1.10,2009-04-22T12:00:00+00:00
1.899990,45.790780,6.60,2009-04-22T12:00:00+00:00
1.899990,45.791790,7.30,2009-04-22T12:00:00+00:00
1.899990,45.792440,0.80,2009-04-22T12:00:00+00:00
1.900000,45.809870,3.50,2009-04-22T12:00:00+00:00
1.900010,45.804260,8.00,2009-04-22T12:00:00+00:00
1.900010,45.806070,5.70,2009-04-22T12:00:00+00:00
1.900020,45.790040,5.90,2009-04-22T12:00:00+00:00
1.899960,45.810580,2.70,2009-04-22T12:00:00+00:00
1.900360,45.806150,7.30,2009-04-22T12:00:00+00:00
1.900130,45.806100,6.00,2009-04-22T12:00:00+00:00
1.900280,45.810270,1.60,2009-04-22T12:00:00+00:00
1.900300,45.810120,1.80,2009-04-22T12:00:00+00:00
1.900310,45.804120,6.70,2009-04-22T12:00:00+00:00
1.900310,45.810330,1.70,2009-04-22T12:00:00+00:00
1.900320,45.810200,2.00,2009-04-22T12:00:00+00:00
1.900330,45.803980,6.70,2009-04-22T12:00:00+00:00
1.900280,45.800280,11.90,2009-04-22T12:00:00+00:00
1.900360,45.790450,5.90,2009-04-22T12:00:00+00:00
1.900280,45.790520,6.00,2009-04-22T12:00:00+00:00
1.900370,45.800340,12.00,2009-04-22T12:00:00+00:00
1.900380,45.807700,8.50,2009-04-22T12:00:00+00:00
1.900400,45.810360,2.70,2009-04-22T12:00:00+00:00
1.900410,45.803910,6.90,2009-04-22T12:00:00+00:00
1.900420,45.804160,6.80,2009-04-22T12:00:00+00:00
1.900430,45.790380,6.00,2009-04-22T12:00:00+00:00
1.898170,45.796030,0.60,2009-04-22T12:00:00+00:00
1.900350,45.790120,5.40,2009-04-22T12:00:00+00:00
1.900200,45.800220,12.10,2009-04-22T12:00:00+00:00
1.900150,45.810480,2.10,2009-04-22T12:00:00+00:00
1.900160,45.792310,2.00,2009-04-22T12:00:00+00:00
1.900160,45.810000,2.30,2009-04-22T12:00:00+00:00
1.900170,45.792180,8.00,2009-04-22T12:00:00+00:00
1.900170,45.804120,6.80,2009-04-22T12:00:00+00:00
1.900180,45.792250,4.60,2009-04-22T12:00:00+00:00
1.900180,45.807600,8.40,2009-04-22T12:00:00+00:00
1.900280,45.807660,8.40,2009-04-22T12:00:00+00:00
1.900200,45.790570,6.00,2009-04-22T12:00:00+00:00
1.899900,45.791630,6.80,2009-04-22T12:00:00+00:00
1.900200,45.804090,6.70,2009-04-22T12:00:00+00:00
1.900220,45.810330,1.00,2009-04-22T12:00:00+00:00
1.900230,45.810330,1.10,2009-04-22T12:00:00+00:00
1.900240,45.790100,5.70,2009-04-22T12:00:00+00:00
1.900240,45.810060,1.90,2009-04-22T12:00:00+00:00
1.900250,45.804050,6.60,2009-04-22T12:00:00+00:00
1.900250,45.806120,6.30,2009-04-22T12:00:00+00:00
1.900180,45.810400,1.20,2009-04-22T12:00:00+00:00
1.899580,45.804570,7.90,2009-04-22T12:00:00+00:00
1.899630,45.803890,7.20,2009-04-22T12:00:00+00:00
1.899510,45.805980,6.30,2009-04-22T12:00:00+00:00
1.899520,45.803860,7.10,2009-04-22T12:00:00+00:00
1.899520,45.810560,1.70,2009-04-22T12:00:00+00:00
1.899530,45.799720,12.20,2009-04-22T12:00:00+00:00
1.899540,45.791090,6.80,2009-04-22T12:00:00+00:00
1.899550,45.792550,7.70,2009-04-22T12:00:00+00:00
1.899500,45.791160,7.20,2009-04-22T12:00:00+00:00
1.899580,45.791180,7.40,2009-04-22T12:00:00+00:00
1.899490,45.791020,5.60,2009-04-22T12:00:00+00:00
1.899580,45.810570,1.80,2009-04-22T12:00:00+00:00
1.899590,45.790090,6.10,2009-04-22T12:00:00+00:00
1.899590,45.791100,7.20,2009-04-22T12:00:00+00:00
1.899610,45.799780,12.10,2009-04-22T12:00:00+00:00
1.899610,45.807320,8.00,2009-04-22T12:00:00+00:00
1.899620,45.810600,1.80,2009-04-22T12:00:00+00:00
1.899910,45.810590,2.70,2009-04-22T12:00:00+00:00
1.899560,45.809560,6.00,2009-04-22T12:00:00+00:00
1.899420,45.810530,1.70,2009-04-22T12:00:00+00:00
1.899360,45.799580,12.30,2009-04-22T12:00:00+00:00
1.899390,45.790100,5.30,2009-04-22T12:00:00+00:00
1.899390,45.790770,3.40,2009-04-22T12:00:00+00:00
1.899400,45.805950,7.50,2009-04-22T12:00:00+00:00
1.899400,45.807240,7.50,2009-04-22T12:00:00+00:00
1.899410,45.790860,3.50,2009-04-22T12:00:00+00:00
1.899410,45.791220,7.60,2009-04-22T12:00:00+00:00
1.899500,45.807280,7.80,2009-04-22T12:00:00+00:00
1.899410,45.804710,8.20,2009-04-22T12:00:00+00:00
1.899640,45.792600,4.70,2009-04-22T12:00:00+00:00
1.899450,45.799640,12.10,2009-04-22T12:00:00+00:00
1.899450,45.810580,3.30,2009-04-22T12:00:00+00:00
1.899460,45.790940,4.70,2009-04-22T12:00:00+00:00
1.899460,45.792510,8.30,2009-04-22T12:00:00+00:00
1.899460,45.809510,6.20,2009-04-22T12:00:00+00:00
1.899480,45.790100,6.20,2009-04-22T12:00:00+00:00
1.899480,45.804640,8.00,2009-04-22T12:00:00+00:00
1.899410,45.803810,7.00,2009-04-22T12:00:00+00:00
1.899840,45.809740,5.20,2009-04-22T12:00:00+00:00
1.899630,45.791250,7.30,2009-04-22T12:00:00+00:00
1.899800,45.791480,6.90,2009-04-22T12:00:00+00:00
1.899800,45.810580,2.60,2009-04-22T12:00:00+00:00
1.899800,45.810670,0.70,2009-04-22T12:00:00+00:00
1.899810,45.792600,1.40,2009-04-22T12:00:00+00:00
1.899810,45.807420,8.20,2009-04-22T12:00:00+00:00
1.899830,45.804380,8.30,2009-04-22T12:00:00+00:00
1.899780,45.799900,12.70,2009-04-22T12:00:00+00:00
1.899840,45.792570,1.30,2009-04-22T12:00:00+00:00
1.899770,45.792620,1.70,2009-04-22T12:00:00+00:00
1.899850,45.791560,6.80,2009-04-22T12:00:00+00:00
1.899850,45.803980,7.20,2009-04-22T12:00:00+00:00
1.899860,45.799970,12.20,2009-04-22T12:00:00+00:00
1.899890,45.792530,1.40,2009-04-22T12:00:00+00:00
1.899890,45.806050,5.50,2009-04-22T12:00:00+00:00
1.899890,45.810640,1.10,2009-04-22T12:00:00+00:00
1.899900,45.790040,6.00,2009-04-22T12:00:00+00:00
1.899840,45.790920,6.90,2009-04-22T12:00:00+00:00
1.899710,45.807370,8.10,2009-04-22T12:00:00+00:00
1.899640,45.806000,5.80,2009-04-22T12:00:00+00:00
1.899660,45.809620,6.00,2009-04-22T12:00:00+00:00
1.899670,45.791040,7.40,2009-04-22T12:00:00+00:00
1.899670,45.804510,8.00,2009-04-22T12:00:00+00:00
1.899680,45.791330,7.00,2009-04-22T12:00:00+00:00
1.899690,45.790080,6.00,2009-04-22T12:00:00+00:00
1.899690,45.799840,12.60,2009-04-22T12:00:00+00:00
1.899790,45.790060,6.00,2009-04-22T12:00:00+00:00
1.899700,45.792630,2.80,2009-04-22T12:00:00+00:00
1.900470,45.800390,12.70,2009-04-22T12:00:00+00:00
1.899710,45.810640,1.60,2009-04-22T12:00:00+00:00
1.899740,45.791400,6.90,2009-04-22T12:00:00+00:00
1.899740,45.803930,7.20,2009-04-22T12:00:00+00:00
1.899740,45.804440,8.30,2009-04-22T12:00:00+00:00
1.899740,45.809680,5.80,2009-04-22T12:00:00+00:00
1.899760,45.790970,7.10,2009-04-22T12:00:00+00:00
1.899760,45.806030,5.30,2009-04-22T12:00:00+00:00
1.899690,45.810570,2.30,2009-04-22T12:00:00+00:00
1.881050,45.792920,1.70,2009-04-22T12:00:00+00:00
1.880990,45.792910,2.00,2009-04-22T12:00:00+00:00
1.880990,45.792920,1.70,2009-04-22T12:00:00+00:00
1.881000,45.792950,0.80,2009-04-22T12:00:00+00:00
1.881010,45.792950,0.80,2009-04-22T12:00:00+00:00
1.881020,45.792920,1.80,2009-04-22T12:00:00+00:00
1.881040,45.792920,1.60,2009-04-22T12:00:00+00:00
1.882450,45.792780,1.00,2009-04-22T12:00:00+00:00
1.881050,45.789330,9.80,2009-04-22T12:00:00+00:00
1.880980,45.792930,1.40,2009-04-22T12:00:00+00:00
1.881060,45.792910,1.90,2009-04-22T12:00:00+00:00
1.881070,45.790560,15.40,2009-04-22T12:00:00+00:00
1.881070,45.792910,2.00,2009-04-22T12:00:00+00:00
1.881080,45.792910,2.00,2009-04-22T12:00:00+00:00
1.881100,45.792910,2.10,2009-04-22T12:00:00+00:00
1.881100,45.792920,2.00,2009-04-22T12:00:00+00:00
1.881110,45.792900,2.30,2009-04-22T12:00:00+00:00
1.881040,45.792930,1.20,2009-04-22T12:00:00+00:00
1.880940,45.792870,2.40,2009-04-22T12:00:00+00:00
1.880660,45.790440,16.00,2009-04-22T12:00:00+00:00
1.880720,45.789570,11.80,2009-04-22T12:00:00+00:00
1.880760,45.790480,15.90,2009-04-22T12:00:00+00:00
1.880800,45.789510,11.40,2009-04-22T12:00:00+00:00
1.880860,45.790510,15.90,2009-04-22T12:00:00+00:00
1.880880,45.789450,11.00,2009-04-22T12:00:00+00:00
1.880910,45.792900,1.80,2009-04-22T12:00:00+00:00
1.880990,45.792900,2.10,2009-04-22T12:00:00+00:00
1.880930,45.792880,2.10,2009-04-22T12:00:00+00:00
1.880990,45.792890,2.30,2009-04-22T12:00:00+00:00
1.880940,45.792940,1.30,2009-04-22T12:00:00+00:00
1.880960,45.789390,10.60,2009-04-22T12:00:00+00:00
1.880960,45.792860,2.50,2009-04-22T12:00:00+00:00
1.880970,45.790540,15.60,2009-04-22T12:00:00+00:00
1.880980,45.792870,2.50,2009-04-22T12:00:00+00:00
1.880980,45.792880,2.40,2009-04-22T12:00:00+00:00
1.881140,45.792900,2.70,2009-04-22T12:00:00+00:00
1.880910,45.792930,1.40,2009-04-22T12:00:00+00:00
1.881390,45.793030,1.20,2009-04-22T12:00:00+00:00
1.881120,45.792900,2.60,2009-04-22T12:00:00+00:00
1.881320,45.789140,8.30,2009-04-22T12:00:00+00:00
1.881330,45.793000,1.30,2009-04-22T12:00:00+00:00
1.881340,45.792730,5.20,2009-04-22T12:00:00+00:00
1.881360,45.793010,1.30,2009-04-22T12:00:00+00:00
1.881370,45.789060,8.10,2009-04-22T12:00:00+00:00
1.881380,45.790680,14.20,2009-04-22T12:00:00+00:00
1.881310,45.792760,4.90,2009-04-22T12:00:00+00:00
1.881380,45.793020,1.20,2009-04-22T12:00:00+00:00
1.881280,45.792980,1.50,2009-04-22T12:00:00+00:00
1.881390,45.793040,1.10,2009-04-22T12:00:00+00:00
1.881400,45.788970,8.00,2009-04-22T12:00:00+00:00
1.881410,45.792640,6.60,2009-04-22T12:00:00+00:00
1.881410,45.793050,1.10,2009-04-22T12:00:00+00:00
1.881430,45.790980,16.20,2009-04-22T12:00:00+00:00
1.881430,45.791060,15.60,2009-04-22T12:00:00+00:00
1.881440,45.788880,7.90,2009-04-22T12:00:00+00:00
1.881380,45.792700,5.90,2009-04-22T12:00:00+00:00
1.881210,45.792850,3.60,2009-04-22T12:00:00+00:00
1.880570,45.789680,12.40,2009-04-22T12:00:00+00:00
1.881140,45.792930,2.10,2009-04-22T12:00:00+00:00
1.881150,45.792890,2.90,2009-04-22T12:00:00+00:00
1.881160,45.792880,3.00,2009-04-22T12:00:00+00:00
1.881180,45.790600,15.20,2009-04-22T12:00:00+00:00
1.881180,45.792880,3.10,2009-04-22T12:00:00+00:00
1.881180,45.792940,2.00,2009-04-22T12:00:00+00:00
1.881310,45.792990,1.30,2009-04-22T12:00:00+00:00
1.881200,45.792860,3.40,2009-04-22T12:00:00+00:00
1.881140,45.789270,9.60,2009-04-22T12:00:00+00:00
1.881210,45.792950,2.00,2009-04-22T12:00:00+00:00
1.881220,45.792830,3.90,2009-04-22T12:00:00+00:00
1.881240,45.789220,9.00,2009-04-22T12:00:00+00:00
1.881240,45.792970,1.70,2009-04-22T12:00:00+00:00
1.881250,45.792810,4.20,2009-04-22T12:00:00+00:00
1.881280,45.790640,14.60,2009-04-22T12:00:00+00:00
1.881280,45.792780,4.60,2009-04-22T12:00:00+00:00
1.881190,45.792870,3.20,2009-04-22T12:00:00+00:00
1.879610,45.785510,6.20,2009-04-22T12:00:00+00:00
1.879760,45.785570,3.70,2009-04-22T12:00:00+00:00
1.879490,45.787050,10.70,2009-04-22T12:00:00+00:00
1.879510,45.790610,16.00,2009-04-22T12:00:00+00:00
1.879520,45.785480,7.20,2009-04-22T12:00:00+00:00
1.879520,45.786970,10.20,2009-04-22T12:00:00+00:00
1.879550,45.789930,15.40,2009-04-22T12:00:00+00:00
1.879560,45.786890,9.80,2009-04-22T12:00:00+00:00
1.879440,45.790670,16.10,2009-04-22T12:00:00+00:00
1.879600,45.786810,9.80,2009-04-22T12:00:00+00:00
1.879440,45.789900,15.30,2009-04-22T12:00:00+00:00
1.879640,45.786730,9.70,2009-04-22T12:00:00+00:00
1.879640,45.790480,16.10,2009-04-22T12:00:00+00:00
1.879660,45.789970,15.40,2009-04-22T12:00:00+00:00
1.879680,45.785540,4.90,2009-04-22T12:00:00+00:00
1.879680,45.786660,9.60,2009-04-22T12:00:00+00:00
1.879710,45.790410,15.90,2009-04-22T12:00:00+00:00
1.880640,45.789620,12.20,2009-04-22T12:00:00+00:00
1.879580,45.790550,15.80,2009-04-22T12:00:00+00:00
1.879330,45.785430,8.50,2009-04-22T12:00:00+00:00
1.879230,45.789840,15.50,2009-04-22T12:00:00+00:00
1.879240,45.785410,8.70,2009-04-22T12:00:00+00:00
1.879240,45.790840,15.30,2009-04-22T12:00:00+00:00
1.879250,45.787610,11.70,2009-04-22T12:00:00+00:00
1.879250,45.811630,1.10,2009-04-22T12:00:00+00:00
1.879280,45.811510,0.90,2009-04-22T12:00:00+00:00
1.879290,45.787540,11.80,2009-04-22T12:00:00+00:00
1.879460,45.787140,10.60,2009-04-22T12:00:00+00:00
1.879320,45.811580,0.90,2009-04-22T12:00:00+00:00
1.879760,45.786500,9.00,2009-04-22T12:00:00+00:00
1.879330,45.787460,11.50,2009-04-22T12:00:00+00:00
1.879340,45.789870,15.30,2009-04-22T12:00:00+00:00
1.879370,45.787380,11.20,2009-04-22T12:00:00+00:00
1.879370,45.790720,15.90,2009-04-22T12:00:00+00:00
1.879400,45.787300,11.10,2009-04-22T12:00:00+00:00
1.879440,45.785450,8.00,2009-04-22T12:00:00+00:00
1.879440,45.787220,10.90,2009-04-22T12:00:00+00:00
1.879300,45.790780,15.80,2009-04-22T12:00:00+00:00
1.880270,45.789920,13.60,2009-04-22T12:00:00+00:00
1.879720,45.786580,9.10,2009-04-22T12:00:00+00:00
1.880030,45.785830,1.40,2009-04-22T12:00:00+00:00
1.880030,45.785870,1.90,2009-04-22T12:00:00+00:00
1.880050,45.790120,16.80,2009-04-22T12:00:00+00:00
1.880070,45.790110,15.40,2009-04-22T12:00:00+00:00
1.880140,45.790180,16.70,2009-04-22T12:00:00+00:00
1.880150,45.790050,14.50,2009-04-22T12:00:00+00:00
1.880000,45.790160,16.70,2009-04-22T12:00:00+00:00
1.880220,45.790220,16.20,2009-04-22T12:00:00+00:00
1.879990,45.785770,1.00,2009-04-22T12:00:00+00:00
1.880310,45.790270,16.00,2009-04-22T12:00:00+00:00
1.880340,45.789860,13.40,2009-04-22T12:00:00+00:00
1.880400,45.790320,16.70,2009-04-22T12:00:00+00:00
1.880420,45.789800,13.10,2009-04-22T12:00:00+00:00
1.880490,45.789740,12.50,2009-04-22T12:00:00+00:00
1.880490,45.790360,15.90,2009-04-22T12:00:00+00:00
1.881440,45.793050,1.10,2009-04-22T12:00:00+00:00
1.880210,45.789990,14.40,2009-04-22T12:00:00+00:00
1.879880,45.786180,6.30,2009-04-22T12:00:00+00:00
1.879760,45.790010,15.10,2009-04-22T12:00:00+00:00
1.879780,45.790340,16.00,2009-04-22T12:00:00+00:00
1.879800,45.786420,8.90,2009-04-22T12:00:00+00:00
1.879820,45.785610,2.90,2009-04-22T12:00:00+00:00
1.879830,45.786340,8.50,2009-04-22T12:00:00+00:00
1.879850,45.790280,16.00,2009-04-22T12:00:00+00:00
1.879860,45.786270,7.20,2009-04-22T12:00:00+00:00
1.880010,45.785920,2.50,2009-04-22T12:00:00+00:00
1.879880,45.785650,2.10,2009-04-22T12:00:00+00:00
1.880580,45.790400,16.10,2009-04-22T12:00:00+00:00
1.879920,45.786110,5.30,2009-04-22T12:00:00+00:00
1.879920,45.790230,16.50,2009-04-22T12:00:00+00:00
1.879930,45.785680,1.50,2009-04-22T12:00:00+00:00
1.879950,45.786040,4.20,2009-04-22T12:00:00+00:00
1.879960,45.790080,15.60,2009-04-22T12:00:00+00:00
1.879980,45.785730,1.10,2009-04-22T12:00:00+00:00
1.879980,45.785970,3.20,2009-04-22T12:00:00+00:00
1.879860,45.790040,15.00,2009-04-22T12:00:00+00:00
1.881900,45.788220,0.50,2009-04-22T12:00:00+00:00
1.882080,45.792640,3.60,2009-04-22T12:00:00+00:00
1.881870,45.793100,0.90,2009-04-22T12:00:00+00:00
1.881880,45.788200,0.50,2009-04-22T12:00:00+00:00
1.881890,45.788200,0.70,2009-04-22T12:00:00+00:00
1.881890,45.788210,0.60,2009-04-22T12:00:00+00:00
1.881890,45.788230,0.50,2009-04-22T12:00:00+00:00
1.881890,45.788380,0.80,2009-04-22T12:00:00+00:00
1.881870,45.788250,0.60,2009-04-22T12:00:00+00:00
1.881900,45.788210,0.50,2009-04-22T12:00:00+00:00
1.881870,45.788230,0.50,2009-04-22T12:00:00+00:00
1.881920,45.793140,0.60,2009-04-22T12:00:00+00:00
1.881990,45.790980,15.00,2009-04-22T12:00:00+00:00
1.881990,45.793160,0.50,2009-04-22T12:00:00+00:00
1.882040,45.793140,0.50,2009-04-22T12:00:00+00:00
1.882050,45.792620,3.70,2009-04-22T12:00:00+00:00
1.882060,45.792590,4.00,2009-04-22T12:00:00+00:00
1.881840,45.788200,0.50,2009-04-22T12:00:00+00:00
1.881890,45.790930,14.20,2009-04-22T12:00:00+00:00
1.881860,45.788530,2.30,2009-04-22T12:00:00+00:00
1.881440,45.790890,16.30,2009-04-22T12:00:00+00:00
1.881850,45.788220,0.50,2009-04-22T12:00:00+00:00
1.881850,45.788270,1.40,2009-04-22T12:00:00+00:00
1.881850,45.788330,0.90,2009-04-22T12:00:00+00:00
1.881850,45.788950,3.50,2009-04-22T12:00:00+00:00
1.881860,45.788200,0.60,2009-04-22T12:00:00+00:00
1.881860,45.788210,0.60,2009-04-22T12:00:00+00:00
1.881870,45.788450,1.40,2009-04-22T12:00:00+00:00
1.881860,45.788230,0.50,2009-04-22T12:00:00+00:00
1.882090,45.792640,3.60,2009-04-22T12:00:00+00:00
1.881860,45.788600,2.00,2009-04-22T12:00:00+00:00
1.881860,45.788670,2.00,2009-04-22T12:00:00+00:00
1.881860,45.788740,1.70,2009-04-22T12:00:00+00:00
1.881860,45.788800,2.10,2009-04-22T12:00:00+00:00
1.881860,45.788880,2.60,2009-04-22T12:00:00+00:00
1.881870,45.788200,0.50,2009-04-22T12:00:00+00:00
1.881870,45.788220,0.50,2009-04-22T12:00:00+00:00
1.881860,45.788220,0.50,2009-04-22T12:00:00+00:00
1.882380,45.793050,0.80,2009-04-22T12:00:00+00:00
1.882080,45.791040,16.00,2009-04-22T12:00:00+00:00
1.882320,45.792460,5.00,2009-04-22T12:00:00+00:00
1.882320,45.793080,0.80,2009-04-22T12:00:00+00:00
1.882330,45.792700,2.60,2009-04-22T12:00:00+00:00
1.882340,45.792700,2.20,2009-04-22T12:00:00+00:00
1.882360,45.792700,2.10,2009-04-22T12:00:00+00:00
1.882370,45.792710,2.00,2009-04-22T12:00:00+00:00
1.882280,45.793100,0.80,2009-04-22T12:00:00+00:00
1.882380,45.792410,5.30,2009-04-22T12:00:00+00:00
1.882280,45.792670,2.70,2009-04-22T12:00:00+00:00
1.882390,45.792720,1.90,2009-04-22T12:00:00+00:00
1.882410,45.792730,1.60,2009-04-22T12:00:00+00:00
1.882410,45.793020,0.90,2009-04-22T12:00:00+00:00
1.882420,45.792750,1.20,2009-04-22T12:00:00+00:00
1.882420,45.793020,0.80,2009-04-22T12:00:00+00:00
1.882440,45.792760,1.00,2009-04-22T12:00:00+00:00
1.893130,45.810080,0.70,2009-04-22T12:00:00+00:00
1.882380,45.791180,15.50,2009-04-22T12:00:00+00:00
1.882200,45.792660,3.10,2009-04-22T12:00:00+00:00
1.882100,45.793140,0.70,2009-04-22T12:00:00+00:00
1.882110,45.792640,3.50,2009-04-22T12:00:00+00:00
1.882120,45.792650,3.50,2009-04-22T12:00:00+00:00
1.882130,45.792560,4.10,2009-04-22T12:00:00+00:00
1.882140,45.792650,3.40,2009-04-22T12:00:00+00:00
1.882160,45.792650,3.30,2009-04-22T12:00:00+00:00
1.882180,45.791090,16.00,2009-04-22T12:00:00+00:00
1.882290,45.792680,2.60,2009-04-22T12:00:00+00:00
1.882180,45.793150,0.90,2009-04-22T12:00:00+00:00
1.881830,45.789100,5.00,2009-04-22T12:00:00+00:00
1.882210,45.792540,4.20,2009-04-22T12:00:00+00:00
1.882230,45.792660,2.90,2009-04-22T12:00:00+00:00
1.882230,45.793150,0.80,2009-04-22T12:00:00+00:00
1.882250,45.792670,2.90,2009-04-22T12:00:00+00:00
1.882260,45.792680,2.80,2009-04-22T12:00:00+00:00
1.882270,45.792510,4.40,2009-04-22T12:00:00+00:00
1.882280,45.791130,16.00,2009-04-22T12:00:00+00:00
1.882180,45.792660,3.10,2009-04-22T12:00:00+00:00
1.881530,45.790560,11.00,2009-04-22T12:00:00+00:00
1.881590,45.790770,13.00,2009-04-22T12:00:00+00:00
1.881490,45.788730,7.20,2009-04-22T12:00:00+00:00
1.881490,45.790720,13.10,2009-04-22T12:00:00+00:00
1.881490,45.793050,1.40,2009-04-22T12:00:00+00:00
1.881500,45.792350,10.70,2009-04-22T12:00:00+00:00
1.881510,45.790640,12.30,2009-04-22T12:00:00+00:00
1.881510,45.792430,9.00,2009-04-22T12:00:00+00:00
1.881480,45.792260,11.40,2009-04-22T12:00:00+00:00
1.881530,45.788660,6.70,2009-04-22T12:00:00+00:00
1.881480,45.791750,14.90,2009-04-22T12:00:00+00:00
1.881550,45.790480,10.80,2009-04-22T12:00:00+00:00
1.881550,45.793020,1.90,2009-04-22T12:00:00+00:00
1.881560,45.790390,11.00,2009-04-22T12:00:00+00:00
1.881560,45.793010,2.00,2009-04-22T12:00:00+00:00
1.881570,45.788590,6.20,2009-04-22T12:00:00+00:00
1.881580,45.793000,2.20,2009-04-22T12:00:00+00:00
1.881840,45.789030,4.50,2009-04-22T12:00:00+00:00
1.881520,45.793040,1.60,2009-04-22T12:00:00+00:00
1.881460,45.792580,7.50,2009-04-22T12:00:00+00:00
1.879180,45.790890,15.80,2009-04-22T12:00:00+00:00
1.881450,45.791920,14.20,2009-04-22T12:00:00+00:00
1.881450,45.792000,13.60,2009-04-22T12:00:00+00:00
1.881450,45.792090,12.60,2009-04-22T12:00:00+00:00
1.881460,45.788800,7.70,2009-04-22T12:00:00+00:00
1.881460,45.790810,15.00,2009-04-22T12:00:00+00:00
1.881460,45.791230,15.70,2009-04-22T12:00:00+00:00
1.881480,45.792510,8.30,2009-04-22T12:00:00+00:00
1.881460,45.792180,12.00,2009-04-22T12:00:00+00:00
1.881600,45.792980,2.40,2009-04-22T12:00:00+00:00
1.881460,45.793050,1.30,2009-04-22T12:00:00+00:00
1.881480,45.790730,13.70,2009-04-22T12:00:00+00:00
1.881480,45.791310,15.80,2009-04-22T12:00:00+00:00
1.881480,45.791400,15.10,2009-04-22T12:00:00+00:00
1.881480,45.791490,15.40,2009-04-22T12:00:00+00:00
1.881480,45.791570,15.20,2009-04-22T12:00:00+00:00
1.881480,45.791660,15.00,2009-04-22T12:00:00+00:00
1.881460,45.791840,14.50,2009-04-22T12:00:00+00:00
1.881810,45.788210,0.80,2009-04-22T12:00:00+00:00
1.881590,45.790310,9.80,2009-04-22T12:00:00+00:00
1.881770,45.789420,5.70,2009-04-22T12:00:00+00:00
1.881770,45.789650,3.90,2009-04-22T12:00:00+00:00
1.881780,45.789330,5.80,2009-04-22T12:00:00+00:00
1.881790,45.789490,5.20,2009-04-22T12:00:00+00:00
1.881790,45.790880,13.50,2009-04-22T12:00:00+00:00
1.881800,45.788160,1.00,2009-04-22T12:00:00+00:00
1.881770,45.788280,1.00,2009-04-22T12:00:00+00:00
1.881800,45.793070,1.20,2009-04-22T12:00:00+00:00
1.881770,45.788180,1.40,2009-04-22T12:00:00+00:00
1.881810,45.788220,2.30,2009-04-22T12:00:00+00:00
1.881820,45.788180,0.70,2009-04-22T12:00:00+00:00
1.881820,45.788200,0.60,2009-04-22T12:00:00+00:00
1.881820,45.788220,0.90,2009-04-22T12:00:00+00:00
1.881820,45.788300,1.00,2009-04-22T12:00:00+00:00
1.881820,45.789180,5.00,2009-04-22T12:00:00+00:00
1.881830,45.788200,0.50,2009-04-22T12:00:00+00:00
1.881800,45.789260,5.20,2009-04-22T12:00:00+00:00
1.881720,45.789980,4.80,2009-04-22T12:00:00+00:00
1.881630,45.788530,5.30,2009-04-22T12:00:00+00:00
1.881640,45.790230,9.80,2009-04-22T12:00:00+00:00
1.881640,45.792970,2.30,2009-04-22T12:00:00+00:00
1.881670,45.790150,9.30,2009-04-22T12:00:00+00:00
1.881680,45.792970,2.10,2009-04-22T12:00:00+00:00
1.881690,45.790820,13.10,2009-04-22T12:00:00+00:00
1.881700,45.788480,3.90,2009-04-22T12:00:00+00:00
1.881770,45.788340,1.40,2009-04-22T12:00:00+00:00
1.881710,45.790060,5.10,2009-04-22T12:00:00+00:00
1.881440,45.791150,15.90,2009-04-22T12:00:00+00:00
1.881740,45.788440,2.90,2009-04-22T12:00:00+00:00
1.881740,45.789810,4.80,2009-04-22T12:00:00+00:00
1.881740,45.789890,5.20,2009-04-22T12:00:00+00:00
1.881750,45.788220,1.30,2009-04-22T12:00:00+00:00
1.881750,45.788390,2.10,2009-04-22T12:00:00+00:00
1.881750,45.789730,3.90,2009-04-22T12:00:00+00:00
1.881760,45.793020,1.50,2009-04-22T12:00:00+00:00
1.881700,45.793000,1.70,2009-04-22T12:00:00+00:00
1.876140,45.804060,20.30,2009-04-22T12:00:00+00:00
1.876350,45.784530,10.80,2009-04-22T12:00:00+00:00
1.876010,45.789380,16.10,2009-04-22T12:00:00+00:00
1.876020,45.804080,21.20,2009-04-22T12:00:00+00:00
1.876030,45.784410,10.20,2009-04-22T12:00:00+00:00
1.876090,45.803190,9.60,2009-04-22T12:00:00+00:00
1.876090,45.810780,7.50,2009-04-22T12:00:00+00:00
1.876100,45.811490,4.70,2009-04-22T12:00:00+00:00
1.875980,45.803180,11.30,2009-04-22T12:00:00+00:00
1.876140,45.789370,16.60,2009-04-22T12:00:00+00:00
1.875970,45.810780,8.00,2009-04-22T12:00:00+00:00
1.876210,45.803200,7.70,2009-04-22T12:00:00+00:00
1.876220,45.810790,6.40,2009-04-22T12:00:00+00:00
1.876230,45.811480,5.10,2009-04-22T12:00:00+00:00
1.876240,45.784500,10.70,2009-04-22T12:00:00+00:00
1.876250,45.789380,16.70,2009-04-22T12:00:00+00:00
1.876260,45.804040,18.10,2009-04-22T12:00:00+00:00
1.875590,45.784280,6.80,2009-04-22T12:00:00+00:00
1.876130,45.784450,10.50,2009-04-22T12:00:00+00:00
1.875790,45.804120,21.80,2009-04-22T12:00:00+00:00
1.877040,45.789550,14.20,2009-04-22T12:00:00+00:00
1.875610,45.811540,5.80,2009-04-22T12:00:00+00:00
1.875660,45.789430,16.00,2009-04-22T12:00:00+00:00
1.875670,45.804140,22.20,2009-04-22T12:00:00+00:00
1.875720,45.784290,7.30,2009-04-22T12:00:00+00:00
1.875720,45.810760,9.10,2009-04-22T12:00:00+00:00
1.875740,45.803160,14.30,2009-04-22T12:00:00+00:00
1.875980,45.811500,4.90,2009-04-22T12:00:00+00:00
1.875780,45.789410,16.10,2009-04-22T12:00:00+00:00
1.876350,45.810800,5.40,2009-04-22T12:00:00+00:00
1.875820,45.784320,9.30,2009-04-22T12:00:00+00:00
1.875840,45.810780,8.60,2009-04-22T12:00:00+00:00
1.875850,45.803170,12.90,2009-04-22T12:00:00+00:00
1.875850,45.811510,5.40,2009-04-22T12:00:00+00:00
1.875900,45.789390,16.00,2009-04-22T12:00:00+00:00
1.875900,45.804100,21.70,2009-04-22T12:00:00+00:00
1.875930,45.784360,9.70,2009-04-22T12:00:00+00:00
1.875740,45.811520,5.60,2009-04-22T12:00:00+00:00
1.876870,45.804000,8.10,2009-04-22T12:00:00+00:00
1.876320,45.803210,5.90,2009-04-22T12:00:00+00:00
1.876750,45.811440,4.50,2009-04-22T12:00:00+00:00
1.876760,45.784700,11.10,2009-04-22T12:00:00+00:00
1.876810,45.803390,0.90,2009-04-22T12:00:00+00:00
1.876820,45.789500,15.90,2009-04-22T12:00:00+00:00
1.876840,45.810850,1.10,2009-04-22T12:00:00+00:00
1.876850,45.803430,1.80,2009-04-22T12:00:00+00:00
1.876750,45.803350,1.10,2009-04-22T12:00:00+00:00
1.876860,45.803490,2.10,2009-04-22T12:00:00+00:00
1.876720,45.810840,1.70,2009-04-22T12:00:00+00:00
1.876880,45.811450,4.10,2009-04-22T12:00:00+00:00
1.876900,45.803540,1.80,2009-04-22T12:00:00+00:00
1.876930,45.789520,14.80,2009-04-22T12:00:00+00:00
1.876960,45.784780,10.90,2009-04-22T12:00:00+00:00
1.876960,45.810860,0.80,2009-04-22T12:00:00+00:00
1.876980,45.803990,7.10,2009-04-22T12:00:00+00:00
1.879200,45.811460,1.10,2009-04-22T12:00:00+00:00
1.876860,45.784750,11.10,2009-04-22T12:00:00+00:00
1.876590,45.789450,16.30,2009-04-22T12:00:00+00:00
1.876350,45.811460,5.30,2009-04-22T12:00:00+00:00
1.876390,45.804020,14.50,2009-04-22T12:00:00+00:00
1.876420,45.803230,4.60,2009-04-22T12:00:00+00:00
1.876450,45.784580,10.80,2009-04-22T12:00:00+00:00
1.876470,45.810810,4.30,2009-04-22T12:00:00+00:00
1.876480,45.811450,5.30,2009-04-22T12:00:00+00:00
1.876510,45.803240,3.40,2009-04-22T12:00:00+00:00
1.876750,45.804010,9.60,2009-04-22T12:00:00+00:00
1.876550,45.784610,10.70,2009-04-22T12:00:00+00:00
1.875560,45.804160,22.00,2009-04-22T12:00:00+00:00
1.876600,45.803280,2.60,2009-04-22T12:00:00+00:00
1.876600,45.810830,2.70,2009-04-22T12:00:00+00:00
1.876620,45.811440,5.00,2009-04-22T12:00:00+00:00
1.876630,45.804010,10.60,2009-04-22T12:00:00+00:00
1.876650,45.784660,11.40,2009-04-22T12:00:00+00:00
1.876680,45.803310,2.00,2009-04-22T12:00:00+00:00
1.876700,45.789480,16.30,2009-04-22T12:00:00+00:00
1.876510,45.804020,12.20,2009-04-22T12:00:00+00:00
1.875140,45.809770,3.50,2009-04-22T12:00:00+00:00
1.875180,45.806900,0.70,2009-04-22T12:00:00+00:00
1.875120,45.789580,13.90,2009-04-22T12:00:00+00:00
1.875120,45.806840,1.50,2009-04-22T12:00:00+00:00
1.875120,45.806930,1.20,2009-04-22T12:00:00+00:00
1.875120,45.811590,7.40,2009-04-22T12:00:00+00:00
1.875130,45.803110,19.80,2009-04-22T12:00:00+00:00
1.875140,45.806840,1.20,2009-04-22T12:00:00+00:00
1.875100,45.807030,1.10,2009-04-22T12:00:00+00:00
1.875140,45.809320,3.40,2009-04-22T12:00:00+00:00
1.875100,45.807020,1.10,2009-04-22T12:00:00+00:00
1.875150,45.806840,1.80,2009-04-22T12:00:00+00:00
1.875150,45.806850,1.20,2009-04-22T12:00:00+00:00
1.875160,45.806840,1.00,2009-04-22T12:00:00+00:00
1.875160,45.806850,1.10,2009-04-22T12:00:00+00:00
1.875170,45.806860,1.00,2009-04-22T12:00:00+00:00
1.875180,45.806850,0.90,2009-04-22T12:00:00+00:00
1.875600,45.810760,9.60,2009-04-22T12:00:00+00:00
1.875140,45.806920,1.10,2009-04-22T12:00:00+00:00
1.875080,45.806810,2.30,2009-04-22T12:00:00+00:00
1.875040,45.809830,4.80,2009-04-22T12:00:00+00:00
1.875050,45.784480,6.10,2009-04-22T12:00:00+00:00
1.875050,45.784720,9.50,2009-04-22T12:00:00+00:00
1.875060,45.784550,7.50,2009-04-22T12:00:00+00:00
1.875060,45.784630,8.60,2009-04-22T12:00:00+00:00
1.875060,45.806750,3.30,2009-04-22T12:00:00+00:00
1.875060,45.806760,3.10,2009-04-22T12:00:00+00:00
1.875100,45.810760,11.00,2009-04-22T12:00:00+00:00
1.875070,45.806780,2.90,2009-04-22T12:00:00+00:00
1.875190,45.806840,0.90,2009-04-22T12:00:00+00:00
1.875090,45.804260,21.90,2009-04-22T12:00:00+00:00
1.875090,45.806970,1.30,2009-04-22T12:00:00+00:00
1.875090,45.807040,1.30,2009-04-22T12:00:00+00:00
1.875100,45.784290,3.70,2009-04-22T12:00:00+00:00
1.875100,45.806830,1.90,2009-04-22T12:00:00+00:00
1.875100,45.806950,1.20,2009-04-22T12:00:00+00:00
1.875100,45.807000,1.60,2009-04-22T12:00:00+00:00
1.875060,45.807050,1.40,2009-04-22T12:00:00+00:00
1.875370,45.811560,6.60,2009-04-22T12:00:00+00:00
1.875180,45.806870,0.90,2009-04-22T12:00:00+00:00
1.875310,45.809400,1.10,2009-04-22T12:00:00+00:00
1.875310,45.809550,1.20,2009-04-22T12:00:00+00:00
1.875310,45.809670,1.30,2009-04-22T12:00:00+00:00
1.875320,45.804210,22.00,2009-04-22T12:00:00+00:00
1.875330,45.789520,17.10,2009-04-22T12:00:00+00:00
1.875340,45.784280,5.80,2009-04-22T12:00:00+00:00
1.875300,45.809340,1.00,2009-04-22T12:00:00+00:00
1.875370,45.803140,18.30,2009-04-22T12:00:00+00:00
1.875290,45.809500,1.20,2009-04-22T12:00:00+00:00
1.875440,45.789480,17.10,2009-04-22T12:00:00+00:00
1.875440,45.804180,22.30,2009-04-22T12:00:00+00:00
1.875460,45.784280,6.30,2009-04-22T12:00:00+00:00
1.875470,45.810760,10.10,2009-04-22T12:00:00+00:00
1.875480,45.811550,6.10,2009-04-22T12:00:00+00:00
1.875490,45.803150,17.00,2009-04-22T12:00:00+00:00
1.875540,45.789450,16.50,2009-04-22T12:00:00+00:00
1.875360,45.810760,10.40,2009-04-22T12:00:00+00:00
1.875220,45.789550,17.00,2009-04-22T12:00:00+00:00
1.875190,45.806860,0.80,2009-04-22T12:00:00+00:00
1.875190,45.806870,0.70,2009-04-22T12:00:00+00:00
1.875200,45.804240,22.10,2009-04-22T12:00:00+00:00
1.875200,45.806840,0.80,2009-04-22T12:00:00+00:00
1.875200,45.806860,0.80,2009-04-22T12:00:00+00:00
1.875200,45.806880,0.70,2009-04-22T12:00:00+00:00
1.875200,45.806890,0.50,2009-04-22T12:00:00+00:00
1.875300,45.809620,1.00,2009-04-22T12:00:00+00:00
1.875210,45.809330,2.00,2009-04-22T12:00:00+00:00
1.877060,45.803580,0.90,2009-04-22T12:00:00+00:00
1.875220,45.806860,1.00,2009-04-22T12:00:00+00:00
1.875220,45.806870,0.70,2009-04-22T12:00:00+00:00
1.875230,45.810760,10.70,2009-04-22T12:00:00+00:00
1.875240,45.811580,6.90,2009-04-22T12:00:00+00:00
1.875250,45.803130,19.20,2009-04-22T12:00:00+00:00
1.875250,45.809730,2.40,2009-04-22T12:00:00+00:00
1.875290,45.809430,1.30,2009-04-22T12:00:00+00:00
1.875210,45.784280,5.10,2009-04-22T12:00:00+00:00
1.878590,45.789130,15.10,2009-04-22T12:00:00+00:00
1.878680,45.811250,1.30,2009-04-22T12:00:00+00:00
1.878510,45.785260,11.80,2009-04-22T12:00:00+00:00
1.878510,45.791360,4.60,2009-04-22T12:00:00+00:00
1.878530,45.789290,15.20,2009-04-22T12:00:00+00:00
1.878530,45.811520,1.80,2009-04-22T12:00:00+00:00
1.878560,45.789210,15.20,2009-04-22T12:00:00+00:00
1.878560,45.789720,15.40,2009-04-22T12:00:00+00:00
1.878480,45.811320,2.00,2009-04-22T12:00:00+00:00
1.878580,45.811280,1.60,2009-04-22T12:00:00+00:00
1.878460,45.789450,15.50,2009-04-22T12:00:00+00:00
1.878620,45.789040,15.10,2009-04-22T12:00:00+00:00
1.878630,45.785280,11.20,2009-04-22T12:00:00+00:00
1.878640,45.788960,14.90,2009-04-22T12:00:00+00:00
1.878640,45.791260,10.50,2009-04-22T12:00:00+00:00
1.878650,45.811530,1.80,2009-04-22T12:00:00+00:00
1.878660,45.789730,15.30,2009-04-22T12:00:00+00:00
1.878280,45.785220,11.30,2009-04-22T12:00:00+00:00
1.878570,45.791320,6.10,2009-04-22T12:00:00+00:00
1.878380,45.789680,16.20,2009-04-22T12:00:00+00:00
1.877000,45.811460,3.60,2009-04-22T12:00:00+00:00
1.878280,45.791320,1.90,2009-04-22T12:00:00+00:00
1.878280,45.811500,2.10,2009-04-22T12:00:00+00:00
1.878300,45.791360,1.70,2009-04-22T12:00:00+00:00
1.878300,45.811420,2.20,2009-04-22T12:00:00+00:00
1.878310,45.789840,16.70,2009-04-22T12:00:00+00:00
1.878320,45.789700,16.50,2009-04-22T12:00:00+00:00
1.878490,45.789360,15.20,2009-04-22T12:00:00+00:00
1.878370,45.791400,2.10,2009-04-22T12:00:00+00:00
1.878710,45.788810,14.40,2009-04-22T12:00:00+00:00
1.878390,45.785240,11.30,2009-04-22T12:00:00+00:00
1.878390,45.811370,2.40,2009-04-22T12:00:00+00:00
1.878410,45.789610,16.30,2009-04-22T12:00:00+00:00
1.878410,45.811510,2.00,2009-04-22T12:00:00+00:00
1.878420,45.791400,3.10,2009-04-22T12:00:00+00:00
1.878440,45.789530,15.50,2009-04-22T12:00:00+00:00
1.878440,45.789710,15.50,2009-04-22T12:00:00+00:00
1.878350,45.789770,16.00,2009-04-22T12:00:00+00:00
1.879090,45.790950,15.80,2009-04-22T12:00:00+00:00
1.878670,45.788880,15.00,2009-04-22T12:00:00+00:00
1.878990,45.811260,1.60,2009-04-22T12:00:00+00:00
1.879000,45.788090,13.50,2009-04-22T12:00:00+00:00
1.879000,45.789780,15.40,2009-04-22T12:00:00+00:00
1.879020,45.791000,16.00,2009-04-22T12:00:00+00:00
1.879020,45.811590,1.50,2009-04-22T12:00:00+00:00
1.879030,45.785380,9.70,2009-04-22T12:00:00+00:00
1.878940,45.791060,15.40,2009-04-22T12:00:00+00:00
1.879080,45.787930,12.80,2009-04-22T12:00:00+00:00
1.878930,45.788250,13.70,2009-04-22T12:00:00+00:00
1.879120,45.787850,12.80,2009-04-22T12:00:00+00:00
1.879120,45.789800,15.30,2009-04-22T12:00:00+00:00
1.879130,45.785390,8.90,2009-04-22T12:00:00+00:00
1.879130,45.811390,1.20,2009-04-22T12:00:00+00:00
1.879140,45.811610,1.30,2009-04-22T12:00:00+00:00
1.879160,45.787770,12.10,2009-04-22T12:00:00+00:00
1.882450,45.792960,0.50,2009-04-22T12:00:00+00:00
1.879060,45.811320,1.30,2009-04-22T12:00:00+00:00
1.878840,45.788480,13.90,2009-04-22T12:00:00+00:00
1.878720,45.791210,12.00,2009-04-22T12:00:00+00:00
1.878740,45.785300,11.20,2009-04-22T12:00:00+00:00
1.878740,45.788720,14.40,2009-04-22T12:00:00+00:00
1.878770,45.788650,14.10,2009-04-22T12:00:00+00:00
1.878780,45.789740,15.40,2009-04-22T12:00:00+00:00
1.878780,45.811550,1.70,2009-04-22T12:00:00+00:00
1.878800,45.791160,13.50,2009-04-22T12:00:00+00:00
1.878970,45.788160,14.00,2009-04-22T12:00:00+00:00
1.878840,45.785330,11.00,2009-04-22T12:00:00+00:00
1.878250,45.791280,2.60,2009-04-22T12:00:00+00:00
1.878870,45.791110,13.90,2009-04-22T12:00:00+00:00
1.878880,45.788400,13.70,2009-04-22T12:00:00+00:00
1.878900,45.788330,13.60,2009-04-22T12:00:00+00:00
1.878900,45.789760,15.10,2009-04-22T12:00:00+00:00
1.878900,45.811220,0.90,2009-04-22T12:00:00+00:00
1.878900,45.811560,1.60,2009-04-22T12:00:00+00:00
1.878930,45.785350,10.50,2009-04-22T12:00:00+00:00
1.878810,45.788570,14.00,2009-04-22T12:00:00+00:00
1.877500,45.811530,1.20,2009-04-22T12:00:00+00:00
1.877730,45.785040,11.40,2009-04-22T12:00:00+00:00
1.877330,45.811200,4.50,2009-04-22T12:00:00+00:00
1.877380,45.811290,4.00,2009-04-22T12:00:00+00:00
1.877390,45.789620,15.50,2009-04-22T12:00:00+00:00
1.877390,45.811460,2.40,2009-04-22T12:00:00+00:00
1.877400,45.784920,10.80,2009-04-22T12:00:00+00:00
1.877410,45.811370,3.20,2009-04-22T12:00:00+00:00
1.877310,45.803840,2.20,2009-04-22T12:00:00+00:00
1.877500,45.789640,15.90,2009-04-22T12:00:00+00:00
1.877310,45.803770,1.20,2009-04-22T12:00:00+00:00
1.877510,45.784950,10.80,2009-04-22T12:00:00+00:00
1.877510,45.811470,2.20,2009-04-22T12:00:00+00:00
1.877580,45.811560,0.60,2009-04-22T12:00:00+00:00
1.877620,45.785000,11.00,2009-04-22T12:00:00+00:00
1.877620,45.789660,16.30,2009-04-22T12:00:00+00:00
1.877650,45.811460,2.40,2009-04-22T12:00:00+00:00
1.878280,45.789920,17.00,2009-04-22T12:00:00+00:00
1.877460,45.811450,2.10,2009-04-22T12:00:00+00:00
1.877190,45.803950,4.40,2009-04-22T12:00:00+00:00
1.877060,45.810880,1.20,2009-04-22T12:00:00+00:00
1.877070,45.784820,10.90,2009-04-22T12:00:00+00:00
1.877090,45.803980,5.90,2009-04-22T12:00:00+00:00
1.877120,45.803640,1.20,2009-04-22T12:00:00+00:00
1.877130,45.811460,3.10,2009-04-22T12:00:00+00:00
1.877160,45.789570,14.70,2009-04-22T12:00:00+00:00
1.877180,45.784850,10.90,2009-04-22T12:00:00+00:00
1.877310,45.811120,5.10,2009-04-22T12:00:00+00:00
1.877180,45.810880,3.20,2009-04-22T12:00:00+00:00
1.877730,45.789680,16.50,2009-04-22T12:00:00+00:00
1.877240,45.810940,4.90,2009-04-22T12:00:00+00:00
1.877250,45.803720,0.80,2009-04-22T12:00:00+00:00
1.877250,45.811460,2.80,2009-04-22T12:00:00+00:00
1.877270,45.789600,15.90,2009-04-22T12:00:00+00:00
1.877270,45.811030,4.90,2009-04-22T12:00:00+00:00
1.877280,45.803900,3.20,2009-04-22T12:00:00+00:00
1.877300,45.784880,10.70,2009-04-22T12:00:00+00:00
1.877180,45.803670,1.20,2009-04-22T12:00:00+00:00
1.878170,45.790240,15.60,2009-04-22T12:00:00+00:00
1.877660,45.811550,0.70,2009-04-22T12:00:00+00:00
1.878140,45.790400,15.20,2009-04-22T12:00:00+00:00
1.878140,45.790480,15.20,2009-04-22T12:00:00+00:00
1.878140,45.791040,9.10,2009-04-22T12:00:00+00:00
1.878150,45.790320,15.60,2009-04-22T12:00:00+00:00
1.878150,45.791090,6.20,2009-04-22T12:00:00+00:00
1.878150,45.791140,4.60,2009-04-22T12:00:00+00:00
1.878120,45.811510,2.10,2009-04-22T12:00:00+00:00
1.878170,45.785190,11.30,2009-04-22T12:00:00+00:00
1.878120,45.790970,11.40,2009-04-22T12:00:00+00:00
1.878180,45.791190,3.50,2009-04-22T12:00:00+00:00
1.878190,45.790160,15.70,2009-04-22T12:00:00+00:00
1.878200,45.789700,16.40,2009-04-22T12:00:00+00:00
1.878200,45.791220,3.10,2009-04-22T12:00:00+00:00
1.878200,45.811460,2.20,2009-04-22T12:00:00+00:00
1.878210,45.790080,15.70,2009-04-22T12:00:00+00:00
1.878240,45.790000,16.30,2009-04-22T12:00:00+00:00
1.878160,45.811480,2.10,2009-04-22T12:00:00+00:00
1.878020,45.811560,1.80,2009-04-22T12:00:00+00:00
1.877770,45.811570,0.50,2009-04-22T12:00:00+00:00
1.877780,45.811460,2.20,2009-04-22T12:00:00+00:00
1.877840,45.785070,11.70,2009-04-22T12:00:00+00:00
1.877860,45.789680,16.50,2009-04-22T12:00:00+00:00
1.877860,45.811600,0.60,2009-04-22T12:00:00+00:00
1.877910,45.811460,2.20,2009-04-22T12:00:00+00:00
1.877940,45.785110,11.50,2009-04-22T12:00:00+00:00
1.878130,45.790560,15.20,2009-04-22T12:00:00+00:00
1.877970,45.789690,16.10,2009-04-22T12:00:00+00:00
1.879200,45.787690,12.10,2009-04-22T12:00:00+00:00
1.878030,45.811480,2.10,2009-04-22T12:00:00+00:00
1.878050,45.785150,11.50,2009-04-22T12:00:00+00:00
1.878090,45.789700,16.20,2009-04-22T12:00:00+00:00
1.878120,45.790650,15.00,2009-04-22T12:00:00+00:00
1.878120,45.790730,14.50,2009-04-22T12:00:00+00:00
1.878120,45.790810,13.60,2009-04-22T12:00:00+00:00
1.878120,45.790890,12.50,2009-04-22T12:00:00+00:00
1.877940,45.811590,1.40,2009-04-22T12:00:00+00:00
1.891260,45.806150,2.10,2009-04-22T12:00:00+00:00
1.891160,45.793960,4.70,2009-04-22T12:00:00+00:00
1.891180,45.792040,1.20,2009-04-22T12:00:00+00:00
1.891190,45.798190,8.30,2009-04-22T12:00:00+00:00
1.891200,45.800300,9.50,2009-04-22T12:00:00+00:00
1.891210,45.805520,1.20,2009-04-22T12:00:00+00:00
1.891240,45.805490,5.80,2009-04-22T12:00:00+00:00
1.882450,45.792360,6.00,2009-04-22T12:00:00+00:00
1.891260,45.798120,8.50,2009-04-22T12:00:00+00:00
1.891120,45.798270,7.60,2009-04-22T12:00:00+00:00
1.891280,45.792080,1.90,2009-04-22T12:00:00+00:00
1.891290,45.805430,3.60,2009-04-22T12:00:00+00:00
1.891310,45.798040,8.10,2009-04-22T12:00:00+00:00
1.891320,45.800340,9.50,2009-04-22T12:00:00+00:00
1.891330,45.806610,1.40,2009-04-22T12:00:00+00:00
1.891350,45.806540,1.60,2009-04-22T12:00:00+00:00
1.891350,45.806690,1.10,2009-04-22T12:00:00+00:00
1.891260,45.794000,3.80,2009-04-22T12:00:00+00:00
1.890990,45.800220,7.80,2009-04-22T12:00:00+00:00
1.890860,45.805730,1.40,2009-04-22T12:00:00+00:00
1.890890,45.800170,7.10,2009-04-22T12:00:00+00:00
1.890900,45.792010,1.40,2009-04-22T12:00:00+00:00
1.890900,45.798480,3.30,2009-04-22T12:00:00+00:00
1.890910,45.806100,1.90,2009-04-22T12:00:00+00:00
1.890940,45.793880,5.60,2009-04-22T12:00:00+00:00
1.890940,45.805680,1.40,2009-04-22T12:00:00+00:00
1.891140,45.806130,2.00,2009-04-22T12:00:00+00:00
1.890990,45.792000,0.70,2009-04-22T12:00:00+00:00
1.891140,45.805540,1.20,2009-04-22T12:00:00+00:00
1.891010,45.805640,1.30,2009-04-22T12:00:00+00:00
1.891020,45.806110,2.00,2009-04-22T12:00:00+00:00
1.891050,45.798340,6.60,2009-04-22T12:00:00+00:00
1.891080,45.805600,1.30,2009-04-22T12:00:00+00:00
1.891090,45.792000,0.90,2009-04-22T12:00:00+00:00
1.891100,45.800260,9.10,2009-04-22T12:00:00+00:00
1.891360,45.806040,2.30,2009-04-22T12:00:00+00:00
1.890970,45.798410,5.20,2009-04-22T12:00:00+00:00
1.891620,45.806700,0.70,2009-04-22T12:00:00+00:00
1.891360,45.792120,2.70,2009-04-22T12:00:00+00:00
1.891530,45.806730,0.50,2009-04-22T12:00:00+00:00
1.891540,45.800430,9.80,2009-04-22T12:00:00+00:00
1.891540,45.805450,0.80,2009-04-22T12:00:00+00:00
1.891550,45.794160,6.00,2009-04-22T12:00:00+00:00
1.891560,45.792220,4.00,2009-04-22T12:00:00+00:00
1.891580,45.797740,7.50,2009-04-22T12:00:00+00:00
1.891510,45.797810,7.30,2009-04-22T12:00:00+00:00
1.891600,45.806220,2.30,2009-04-22T12:00:00+00:00
1.891490,45.806190,2.20,2009-04-22T12:00:00+00:00
1.891630,45.800470,8.60,2009-04-22T12:00:00+00:00
1.891650,45.794220,7.90,2009-04-22T12:00:00+00:00
1.891660,45.797670,7.60,2009-04-22T12:00:00+00:00
1.891670,45.792260,4.80,2009-04-22T12:00:00+00:00
1.891720,45.806250,2.40,2009-04-22T12:00:00+00:00
1.891720,45.806650,1.30,2009-04-22T12:00:00+00:00
1.891730,45.797600,7.50,2009-04-22T12:00:00+00:00
1.891580,45.805380,0.50,2009-04-22T12:00:00+00:00
1.891390,45.805860,2.00,2009-04-22T12:00:00+00:00
1.890820,45.799280,0.90,2009-04-22T12:00:00+00:00
1.891360,45.806120,2.20,2009-04-22T12:00:00+00:00
1.891360,45.806200,2.10,2009-04-22T12:00:00+00:00
1.891360,45.806290,2.10,2009-04-22T12:00:00+00:00
1.891360,45.806380,2.00,2009-04-22T12:00:00+00:00
1.891360,45.806460,1.70,2009-04-22T12:00:00+00:00
1.891370,45.797960,7.60,2009-04-22T12:00:00+00:00
1.891510,45.805530,1.10,2009-04-22T12:00:00+00:00
1.891370,45.806170,2.20,2009-04-22T12:00:00+00:00
1.891360,45.794050,3.00,2009-04-22T12:00:00+00:00
1.891410,45.805780,1.80,2009-04-22T12:00:00+00:00
1.891420,45.806730,0.70,2009-04-22T12:00:00+00:00
1.891430,45.800390,9.80,2009-04-22T12:00:00+00:00
1.891440,45.797890,7.60,2009-04-22T12:00:00+00:00
1.891450,45.794110,4.90,2009-04-22T12:00:00+00:00
1.891460,45.792170,3.30,2009-04-22T12:00:00+00:00
1.891470,45.805620,1.30,2009-04-22T12:00:00+00:00
1.891370,45.805950,2.10,2009-04-22T12:00:00+00:00
1.890270,45.792220,6.20,2009-04-22T12:00:00+00:00
1.890380,45.806010,1.70,2009-04-22T12:00:00+00:00
1.890150,45.793660,9.10,2009-04-22T12:00:00+00:00
1.890150,45.806330,0.90,2009-04-22T12:00:00+00:00
1.890160,45.799270,2.00,2009-04-22T12:00:00+00:00
1.890190,45.792290,7.00,2009-04-22T12:00:00+00:00
1.890200,45.805990,1.20,2009-04-22T12:00:00+00:00
1.890220,45.806270,1.10,2009-04-22T12:00:00+00:00
1.890110,45.806390,0.70,2009-04-22T12:00:00+00:00
1.890260,45.793690,9.00,2009-04-22T12:00:00+00:00
1.890110,45.792360,8.00,2009-04-22T12:00:00+00:00
1.890270,45.806200,1.30,2009-04-22T12:00:00+00:00
1.890280,45.799280,1.60,2009-04-22T12:00:00+00:00
1.890300,45.806000,1.40,2009-04-22T12:00:00+00:00
1.890320,45.806130,1.40,2009-04-22T12:00:00+00:00
1.890340,45.799970,7.40,2009-04-22T12:00:00+00:00
1.890350,45.792150,5.10,2009-04-22T12:00:00+00:00
1.890860,45.799220,0.70,2009-04-22T12:00:00+00:00
1.890240,45.799920,6.40,2009-04-22T12:00:00+00:00
1.889960,45.806380,0.50,2009-04-22T12:00:00+00:00
1.889860,45.792550,11.40,2009-04-22T12:00:00+00:00
1.889870,45.806200,0.90,2009-04-22T12:00:00+00:00
1.889880,45.805920,0.80,2009-04-22T12:00:00+00:00
1.889890,45.806260,0.80,2009-04-22T12:00:00+00:00
1.889920,45.806320,0.60,2009-04-22T12:00:00+00:00
1.889930,45.793580,9.80,2009-04-22T12:00:00+00:00
1.889940,45.792500,10.10,2009-04-22T12:00:00+00:00
1.890140,45.799870,5.30,2009-04-22T12:00:00+00:00
1.889940,45.799780,2.00,2009-04-22T12:00:00+00:00
1.890380,45.806060,1.40,2009-04-22T12:00:00+00:00
1.889980,45.805950,0.90,2009-04-22T12:00:00+00:00
1.890030,45.792420,8.90,2009-04-22T12:00:00+00:00
1.890030,45.806400,0.50,2009-04-22T12:00:00+00:00
1.890040,45.793620,9.50,2009-04-22T12:00:00+00:00
1.890040,45.799240,2.50,2009-04-22T12:00:00+00:00
1.890040,45.799830,3.10,2009-04-22T12:00:00+00:00
1.890080,45.805970,1.10,2009-04-22T12:00:00+00:00
1.889940,45.799210,2.90,2009-04-22T12:00:00+00:00
1.890780,45.800130,7.00,2009-04-22T12:00:00+00:00
1.890370,45.793720,8.60,2009-04-22T12:00:00+00:00
1.890680,45.806060,1.80,2009-04-22T12:00:00+00:00
1.890690,45.791940,0.80,2009-04-22T12:00:00+00:00
1.890700,45.798960,0.70,2009-04-22T12:00:00+00:00
1.890710,45.805850,1.50,2009-04-22T12:00:00+00:00
1.890720,45.793810,6.80,2009-04-22T12:00:00+00:00
1.890730,45.799320,1.30,2009-04-22T12:00:00+00:00
1.890670,45.800090,7.00,2009-04-22T12:00:00+00:00
1.890760,45.799010,0.90,2009-04-22T12:00:00+00:00
1.890660,45.798890,0.60,2009-04-22T12:00:00+00:00
1.890780,45.805780,1.50,2009-04-22T12:00:00+00:00
1.890800,45.806080,1.70,2009-04-22T12:00:00+00:00
1.890810,45.791970,1.20,2009-04-22T12:00:00+00:00
1.890810,45.799080,0.80,2009-04-22T12:00:00+00:00
1.890820,45.793850,6.10,2009-04-22T12:00:00+00:00
1.890820,45.798550,1.90,2009-04-22T12:00:00+00:00
1.891770,45.792310,5.30,2009-04-22T12:00:00+00:00
1.890750,45.798630,1.30,2009-04-22T12:00:00+00:00
1.890560,45.805960,1.50,2009-04-22T12:00:00+00:00
1.890390,45.799290,1.40,2009-04-22T12:00:00+00:00
1.890430,45.792090,3.90,2009-04-22T12:00:00+00:00
1.890450,45.800020,7.70,2009-04-22T12:00:00+00:00
1.890470,45.806010,1.50,2009-04-22T12:00:00+00:00
1.890480,45.793750,8.10,2009-04-22T12:00:00+00:00
1.890480,45.806030,1.50,2009-04-22T12:00:00+00:00
1.890500,45.792020,2.70,2009-04-22T12:00:00+00:00
1.890680,45.798700,1.10,2009-04-22T12:00:00+00:00
1.890560,45.800050,7.40,2009-04-22T12:00:00+00:00
1.890840,45.799150,0.60,2009-04-22T12:00:00+00:00
1.890580,45.791960,1.20,2009-04-22T12:00:00+00:00
1.890580,45.806040,1.70,2009-04-22T12:00:00+00:00
1.890600,45.793780,7.50,2009-04-22T12:00:00+00:00
1.890610,45.798830,0.70,2009-04-22T12:00:00+00:00
1.890610,45.799320,1.20,2009-04-22T12:00:00+00:00
1.890620,45.798760,0.80,2009-04-22T12:00:00+00:00
1.890640,45.805900,1.60,2009-04-22T12:00:00+00:00
1.890500,45.799310,1.50,2009-04-22T12:00:00+00:00
1.892900,45.807200,1.50,2009-04-22T12:00:00+00:00
1.892920,45.809280,1.40,2009-04-22T12:00:00+00:00
1.892880,45.806620,3.60,2009-04-22T12:00:00+00:00
1.892880,45.807160,1.90,2009-04-22T12:00:00+00:00
1.892880,45.809210,1.20,2009-04-22T12:00:00+00:00
1.892890,45.792940,8.50,2009-04-22T12:00:00+00:00
1.892890,45.807170,1.80,2009-04-22T12:00:00+00:00
1.892890,45.807220,1.40,2009-04-22T12:00:00+00:00
1.892870,45.796460,13.20,2009-04-22T12:00:00+00:00
1.892900,45.807180,1.80,2009-04-22T12:00:00+00:00
1.892860,45.807150,1.90,2009-04-22T12:00:00+00:00
1.892900,45.807210,1.40,2009-04-22T12:00:00+00:00
1.892900,45.807230,1.40,2009-04-22T12:00:00+00:00
1.892900,45.808930,0.60,2009-04-22T12:00:00+00:00
1.892910,45.807180,1.80,2009-04-22T12:00:00+00:00
1.892910,45.807200,1.50,2009-04-22T12:00:00+00:00
1.892920,45.807190,1.80,2009-04-22T12:00:00+00:00
1.892710,45.796600,12.70,2009-04-22T12:00:00+00:00
1.892900,45.807170,1.80,2009-04-22T12:00:00+00:00
1.892810,45.809100,0.70,2009-04-22T12:00:00+00:00
1.891740,45.794270,10.50,2009-04-22T12:00:00+00:00
1.892760,45.800950,1.80,2009-04-22T12:00:00+00:00
1.892760,45.807050,2.00,2009-04-22T12:00:00+00:00
1.892780,45.795050,12.20,2009-04-22T12:00:00+00:00
1.892790,45.796530,13.10,2009-04-22T12:00:00+00:00
1.892790,45.807070,2.00,2009-04-22T12:00:00+00:00
1.892800,45.792880,8.30,2009-04-22T12:00:00+00:00
1.892870,45.807160,1.80,2009-04-22T12:00:00+00:00
1.892800,45.809040,0.50,2009-04-22T12:00:00+00:00
1.892930,45.807200,1.70,2009-04-22T12:00:00+00:00
1.892840,45.807100,2.00,2009-04-22T12:00:00+00:00
1.892840,45.809150,1.10,2009-04-22T12:00:00+00:00
1.892850,45.807120,2.00,2009-04-22T12:00:00+00:00
1.892850,45.808980,0.50,2009-04-22T12:00:00+00:00
1.892860,45.795120,12.10,2009-04-22T12:00:00+00:00
1.892860,45.807120,2.00,2009-04-22T12:00:00+00:00
1.892860,45.807140,1.90,2009-04-22T12:00:00+00:00
1.892800,45.806570,3.50,2009-04-22T12:00:00+00:00
1.893060,45.806740,3.70,2009-04-22T12:00:00+00:00
1.892920,45.807200,1.70,2009-04-22T12:00:00+00:00
1.893030,45.795250,12.30,2009-04-22T12:00:00+00:00
1.893030,45.807250,2.10,2009-04-22T12:00:00+00:00
1.893030,45.809810,1.10,2009-04-22T12:00:00+00:00
1.893030,45.809890,1.00,2009-04-22T12:00:00+00:00
1.893030,45.809960,0.80,2009-04-22T12:00:00+00:00
1.893030,45.810020,0.60,2009-04-22T12:00:00+00:00
1.893010,45.809660,1.30,2009-04-22T12:00:00+00:00
1.893050,45.808880,1.10,2009-04-22T12:00:00+00:00
1.893010,45.807250,2.00,2009-04-22T12:00:00+00:00
1.893070,45.793050,8.40,2009-04-22T12:00:00+00:00
1.893070,45.801050,2.10,2009-04-22T12:00:00+00:00
1.893070,45.807250,2.30,2009-04-22T12:00:00+00:00
1.893100,45.795320,12.20,2009-04-22T12:00:00+00:00
1.893110,45.807250,2.30,2009-04-22T12:00:00+00:00
1.893120,45.807250,2.40,2009-04-22T12:00:00+00:00
1.902700,45.791040,2.90,2009-04-22T12:00:00+00:00
1.893040,45.796320,13.40,2009-04-22T12:00:00+00:00
1.892960,45.801020,2.00,2009-04-22T12:00:00+00:00
1.892930,45.807210,1.80,2009-04-22T12:00:00+00:00
1.892930,45.807220,1.70,2009-04-22T12:00:00+00:00
1.892930,45.807240,1.40,2009-04-22T12:00:00+00:00
1.892940,45.795180,12.50,2009-04-22T12:00:00+00:00
1.892940,45.807220,1.80,2009-04-22T12:00:00+00:00
1.892940,45.807230,1.80,2009-04-22T12:00:00+00:00
1.892940,45.807240,1.60,2009-04-22T12:00:00+00:00
1.893020,45.809740,1.30,2009-04-22T12:00:00+00:00
1.892960,45.796390,13.50,2009-04-22T12:00:00+00:00
1.892700,45.807000,2.00,2009-04-22T12:00:00+00:00
1.892960,45.808890,0.80,2009-04-22T12:00:00+00:00
1.892960,45.809430,1.40,2009-04-22T12:00:00+00:00
1.892970,45.806690,3.70,2009-04-22T12:00:00+00:00
1.892970,45.807240,1.80,2009-04-22T12:00:00+00:00
1.892980,45.792990,8.70,2009-04-22T12:00:00+00:00
1.892980,45.809500,1.40,2009-04-22T12:00:00+00:00
1.893000,45.809580,1.30,2009-04-22T12:00:00+00:00
1.892940,45.809350,1.40,2009-04-22T12:00:00+00:00
1.892190,45.794590,14.80,2009-04-22T12:00:00+00:00
1.892290,45.806380,2.40,2009-04-22T12:00:00+00:00
1.892060,45.806330,2.80,2009-04-22T12:00:00+00:00
1.892070,45.797250,5.70,2009-04-22T12:00:00+00:00
1.892100,45.794520,14.30,2009-04-22T12:00:00+00:00
1.892100,45.806360,2.90,2009-04-22T12:00:00+00:00
1.892130,45.792520,7.10,2009-04-22T12:00:00+00:00
1.892150,45.797180,6.00,2009-04-22T12:00:00+00:00
1.892030,45.806370,2.70,2009-04-22T12:00:00+00:00
1.892180,45.806360,1.80,2009-04-22T12:00:00+00:00
1.892030,45.792470,6.80,2009-04-22T12:00:00+00:00
1.892200,45.806380,2.80,2009-04-22T12:00:00+00:00
1.892220,45.797110,6.70,2009-04-22T12:00:00+00:00
1.892230,45.792580,7.20,2009-04-22T12:00:00+00:00
1.892250,45.806390,1.90,2009-04-22T12:00:00+00:00
1.892270,45.794650,14.20,2009-04-22T12:00:00+00:00
1.892270,45.800730,2.20,2009-04-22T12:00:00+00:00
1.892710,45.806510,3.30,2009-04-22T12:00:00+00:00
1.892160,45.800680,2.20,2009-04-22T12:00:00+00:00
1.891910,45.806480,2.30,2009-04-22T12:00:00+00:00
1.889820,45.799190,4.00,2009-04-22T12:00:00+00:00
1.891790,45.806600,1.60,2009-04-22T12:00:00+00:00
1.891800,45.797520,6.60,2009-04-22T12:00:00+00:00
1.891830,45.794330,11.70,2009-04-22T12:00:00+00:00
1.891830,45.806280,2.40,2009-04-22T12:00:00+00:00
1.891850,45.792360,6.10,2009-04-22T12:00:00+00:00
1.891850,45.800560,5.70,2009-04-22T12:00:00+00:00
1.892060,45.800640,2.40,2009-04-22T12:00:00+00:00
1.891860,45.806540,2.10,2009-04-22T12:00:00+00:00
1.892300,45.806360,2.10,2009-04-22T12:00:00+00:00
1.891920,45.794390,12.50,2009-04-22T12:00:00+00:00
1.891930,45.797400,5.40,2009-04-22T12:00:00+00:00
1.891940,45.792420,6.40,2009-04-22T12:00:00+00:00
1.891950,45.806300,2.60,2009-04-22T12:00:00+00:00
1.891980,45.806420,2.50,2009-04-22T12:00:00+00:00
1.891990,45.797320,5.30,2009-04-22T12:00:00+00:00
1.892010,45.794460,13.60,2009-04-22T12:00:00+00:00
1.891860,45.797470,5.80,2009-04-22T12:00:00+00:00
1.892600,45.794910,13.50,2009-04-22T12:00:00+00:00
1.892280,45.797030,7.80,2009-04-22T12:00:00+00:00
1.892500,45.806790,2.40,2009-04-22T12:00:00+00:00
1.892510,45.792730,7.60,2009-04-22T12:00:00+00:00
1.892510,45.806420,2.90,2009-04-22T12:00:00+00:00
1.892520,45.794850,14.60,2009-04-22T12:00:00+00:00
1.892560,45.796740,11.20,2009-04-22T12:00:00+00:00
1.892560,45.800860,1.80,2009-04-22T12:00:00+00:00
1.892480,45.796800,10.20,2009-04-22T12:00:00+00:00
1.892600,45.792780,8.00,2009-04-22T12:00:00+00:00
1.892460,45.800810,1.90,2009-04-22T12:00:00+00:00
1.892600,45.806950,2.20,2009-04-22T12:00:00+00:00
1.892610,45.806460,3.10,2009-04-22T12:00:00+00:00
1.892630,45.796670,12.30,2009-04-22T12:00:00+00:00
1.892660,45.800910,1.80,2009-04-22T12:00:00+00:00
1.892660,45.806970,2.10,2009-04-22T12:00:00+00:00
1.892690,45.794980,12.90,2009-04-22T12:00:00+00:00
1.892700,45.792830,8.20,2009-04-22T12:00:00+00:00
1.892590,45.806860,2.40,2009-04-22T12:00:00+00:00
1.892370,45.800770,2.10,2009-04-22T12:00:00+00:00
1.892320,45.792630,7.40,2009-04-22T12:00:00+00:00
1.892320,45.806510,1.00,2009-04-22T12:00:00+00:00
1.892320,45.806550,0.80,2009-04-22T12:00:00+00:00
1.892320,45.806610,1.10,2009-04-22T12:00:00+00:00
1.892340,45.796950,8.40,2009-04-22T12:00:00+00:00
1.892340,45.806410,1.70,2009-04-22T12:00:00+00:00
1.892340,45.806450,1.70,2009-04-22T12:00:00+00:00
1.892490,45.806850,2.40,2009-04-22T12:00:00+00:00
1.892360,45.794710,14.30,2009-04-22T12:00:00+00:00
1.891740,45.800510,6.90,2009-04-22T12:00:00+00:00
1.892390,45.806650,1.60,2009-04-22T12:00:00+00:00
1.892400,45.806390,2.70,2009-04-22T12:00:00+00:00
1.892400,45.806700,2.20,2009-04-22T12:00:00+00:00
1.892420,45.792680,7.30,2009-04-22T12:00:00+00:00
1.892420,45.796880,9.30,2009-04-22T12:00:00+00:00
1.892440,45.794780,14.60,2009-04-22T12:00:00+00:00
1.892450,45.806730,2.30,2009-04-22T12:00:00+00:00
1.892340,45.806480,1.20,2009-04-22T12:00:00+00:00
1.884800,45.793220,12.90,2009-04-22T12:00:00+00:00
1.884820,45.795640,5.30,2009-04-22T12:00:00+00:00
1.884750,45.793480,12.60,2009-04-22T12:00:00+00:00
1.884750,45.795320,1.70,2009-04-22T12:00:00+00:00
1.884760,45.796320,6.40,2009-04-22T12:00:00+00:00
1.884770,45.793400,12.70,2009-04-22T12:00:00+00:00
1.884770,45.796800,2.70,2009-04-22T12:00:00+00:00
1.884790,45.793310,12.80,2009-04-22T12:00:00+00:00
1.884740,45.796410,5.40,2009-04-22T12:00:00+00:00
1.884800,45.793040,13.30,2009-04-22T12:00:00+00:00
1.884730,45.793570,12.70,2009-04-22T12:00:00+00:00
1.884800,45.795400,1.80,2009-04-22T12:00:00+00:00
1.884810,45.792950,13.20,2009-04-22T12:00:00+00:00
1.884810,45.793140,13.50,2009-04-22T12:00:00+00:00
1.884810,45.796150,7.70,2009-04-22T12:00:00+00:00
1.884820,45.789800,1.00,2009-04-22T12:00:00+00:00
1.884820,45.792870,13.10,2009-04-22T12:00:00+00:00
1.884560,45.794170,10.00,2009-04-22T12:00:00+00:00
1.884790,45.796240,7.30,2009-04-22T12:00:00+00:00
1.884670,45.793740,12.60,2009-04-22T12:00:00+00:00
1.885040,45.790860,14.60,2009-04-22T12:00:00+00:00
1.884570,45.789860,1.20,2009-04-22T12:00:00+00:00
1.884570,45.794080,11.40,2009-04-22T12:00:00+00:00
1.884590,45.794000,12.20,2009-04-22T12:00:00+00:00
1.884620,45.793920,12.10,2009-04-22T12:00:00+00:00
1.884620,45.795240,1.30,2009-04-22T12:00:00+00:00
1.884640,45.789800,0.50,2009-04-22T12:00:00+00:00
1.884750,45.791770,15.10,2009-04-22T12:00:00+00:00
1.884640,45.793830,12.50,2009-04-22T12:00:00+00:00
1.884820,45.795980,7.90,2009-04-22T12:00:00+00:00
1.884680,45.796660,3.00,2009-04-22T12:00:00+00:00
1.884690,45.793650,12.80,2009-04-22T12:00:00+00:00
1.884690,45.795270,1.50,2009-04-22T12:00:00+00:00
1.884690,45.796580,3.60,2009-04-22T12:00:00+00:00
1.884690,45.796750,2.70,2009-04-22T12:00:00+00:00
1.884710,45.796490,4.40,2009-04-22T12:00:00+00:00
1.884730,45.789800,0.60,2009-04-22T12:00:00+00:00
1.884640,45.791740,15.70,2009-04-22T12:00:00+00:00
1.884990,45.791380,14.40,2009-04-22T12:00:00+00:00
1.884820,45.795560,3.00,2009-04-22T12:00:00+00:00
1.884900,45.791810,15.10,2009-04-22T12:00:00+00:00
1.884920,45.791630,15.80,2009-04-22T12:00:00+00:00
1.884920,45.796990,1.40,2009-04-22T12:00:00+00:00
1.884940,45.791550,14.70,2009-04-22T12:00:00+00:00
1.884960,45.791460,14.40,2009-04-22T12:00:00+00:00
1.884970,45.791860,14.80,2009-04-22T12:00:00+00:00
1.884900,45.789770,0.50,2009-04-22T12:00:00+00:00
1.884980,45.797060,1.40,2009-04-22T12:00:00+00:00
1.884890,45.791980,14.80,2009-04-22T12:00:00+00:00
1.885010,45.791290,14.40,2009-04-22T12:00:00+00:00
1.885030,45.791120,14.40,2009-04-22T12:00:00+00:00
1.885030,45.791210,14.60,2009-04-22T12:00:00+00:00
1.885040,45.790340,12.90,2009-04-22T12:00:00+00:00
1.885040,45.790430,13.50,2009-04-22T12:00:00+00:00
1.885040,45.790680,14.40,2009-04-22T12:00:00+00:00
1.889840,45.806140,0.90,2009-04-22T12:00:00+00:00
1.884980,45.789760,0.60,2009-04-22T12:00:00+00:00
1.884860,45.792430,14.20,2009-04-22T12:00:00+00:00
1.884820,45.796060,7.90,2009-04-22T12:00:00+00:00
1.884830,45.792780,13.30,2009-04-22T12:00:00+00:00
1.884830,45.795720,7.30,2009-04-22T12:00:00+00:00
1.884830,45.795900,8.20,2009-04-22T12:00:00+00:00
1.884840,45.792700,13.60,2009-04-22T12:00:00+00:00
1.884840,45.795810,8.20,2009-04-22T12:00:00+00:00
1.884840,45.796860,2.30,2009-04-22T12:00:00+00:00
1.884900,45.791720,15.50,2009-04-22T12:00:00+00:00
1.884860,45.791810,15.10,2009-04-22T12:00:00+00:00
1.884530,45.794260,8.60,2009-04-22T12:00:00+00:00
1.884860,45.792520,14.10,2009-04-22T12:00:00+00:00
1.884870,45.792160,14.50,2009-04-22T12:00:00+00:00
1.884870,45.792250,14.20,2009-04-22T12:00:00+00:00
1.884870,45.792340,14.10,2009-04-22T12:00:00+00:00
1.884880,45.792070,14.60,2009-04-22T12:00:00+00:00
1.884880,45.796930,1.80,2009-04-22T12:00:00+00:00
1.884890,45.791890,14.70,2009-04-22T12:00:00+00:00
1.884850,45.792620,14.10,2009-04-22T12:00:00+00:00
1.883150,45.791560,16.60,2009-04-22T12:00:00+00:00
1.883480,45.791160,15.00,2009-04-22T12:00:00+00:00
1.882870,45.791920,15.00,2009-04-22T12:00:00+00:00
1.882930,45.791380,15.90,2009-04-22T12:00:00+00:00
1.882930,45.791850,14.70,2009-04-22T12:00:00+00:00
1.882980,45.791780,15.20,2009-04-22T12:00:00+00:00
1.883020,45.791700,15.30,2009-04-22T12:00:00+00:00
1.883050,45.791410,15.90,2009-04-22T12:00:00+00:00
1.882800,45.791980,13.70,2009-04-22T12:00:00+00:00
1.883150,45.791440,15.70,2009-04-22T12:00:00+00:00
1.882740,45.792050,12.70,2009-04-22T12:00:00+00:00
1.883220,45.791500,15.50,2009-04-22T12:00:00+00:00
1.883270,45.791430,15.10,2009-04-22T12:00:00+00:00
1.883270,45.791480,16.00,2009-04-22T12:00:00+00:00
1.883320,45.791360,15.50,2009-04-22T12:00:00+00:00
1.883370,45.791300,15.10,2009-04-22T12:00:00+00:00
1.883390,45.791500,15.90,2009-04-22T12:00:00+00:00
1.884560,45.795180,1.10,2009-04-22T12:00:00+00:00
1.883090,45.791630,15.10,2009-04-22T12:00:00+00:00
1.882510,45.792920,0.50,2009-04-22T12:00:00+00:00
1.882460,45.792790,0.90,2009-04-22T12:00:00+00:00
1.882460,45.792810,0.70,2009-04-22T12:00:00+00:00
1.882460,45.792830,0.70,2009-04-22T12:00:00+00:00
1.882490,45.791220,15.40,2009-04-22T12:00:00+00:00
1.882490,45.792840,1.30,2009-04-22T12:00:00+00:00
1.882500,45.792920,0.90,2009-04-22T12:00:00+00:00
1.882510,45.792290,7.00,2009-04-22T12:00:00+00:00
1.882820,45.791340,16.10,2009-04-22T12:00:00+00:00
1.882510,45.792890,0.50,2009-04-22T12:00:00+00:00
1.883500,45.791530,15.90,2009-04-22T12:00:00+00:00
1.882520,45.792860,0.50,2009-04-22T12:00:00+00:00
1.882540,45.792880,3.20,2009-04-22T12:00:00+00:00
1.882570,45.792240,10.50,2009-04-22T12:00:00+00:00
1.882600,45.791270,15.60,2009-04-22T12:00:00+00:00
1.882630,45.792180,11.50,2009-04-22T12:00:00+00:00
1.882670,45.792120,10.90,2009-04-22T12:00:00+00:00
1.882700,45.791310,16.10,2009-04-22T12:00:00+00:00
1.882510,45.792850,6.60,2009-04-22T12:00:00+00:00
1.884400,45.795060,1.00,2009-04-22T12:00:00+00:00
1.883410,45.791230,14.90,2009-04-22T12:00:00+00:00
1.884300,45.791650,15.70,2009-04-22T12:00:00+00:00
1.884310,45.794920,1.00,2009-04-22T12:00:00+00:00
1.884320,45.794760,1.70,2009-04-22T12:00:00+00:00
1.884350,45.790140,7.00,2009-04-22T12:00:00+00:00
1.884360,45.794680,2.20,2009-04-22T12:00:00+00:00
1.884360,45.795000,1.10,2009-04-22T12:00:00+00:00
1.884290,45.790210,8.50,2009-04-22T12:00:00+00:00
1.884390,45.794600,3.10,2009-04-22T12:00:00+00:00
1.884220,45.790280,9.90,2009-04-22T12:00:00+00:00
1.884410,45.791670,15.60,2009-04-22T12:00:00+00:00
1.884430,45.794520,4.30,2009-04-22T12:00:00+00:00
1.884450,45.789990,3.80,2009-04-22T12:00:00+00:00
1.884460,45.794430,5.60,2009-04-22T12:00:00+00:00
1.884500,45.794350,7.20,2009-04-22T12:00:00+00:00
1.884510,45.789920,2.20,2009-04-22T12:00:00+00:00
1.884530,45.791700,15.60,2009-04-22T12:00:00+00:00
1.884390,45.790070,5.40,2009-04-22T12:00:00+00:00
1.883900,45.790640,14.30,2009-04-22T12:00:00+00:00
1.883530,45.791080,15.20,2009-04-22T12:00:00+00:00
1.883600,45.791010,15.10,2009-04-22T12:00:00+00:00
1.883620,45.791550,15.90,2009-04-22T12:00:00+00:00
1.883660,45.790940,14.80,2009-04-22T12:00:00+00:00
1.883710,45.790870,14.60,2009-04-22T12:00:00+00:00
1.883740,45.791560,15.90,2009-04-22T12:00:00+00:00
1.883760,45.790790,14.70,2009-04-22T12:00:00+00:00
1.884290,45.794840,1.10,2009-04-22T12:00:00+00:00
1.883860,45.791580,15.90,2009-04-22T12:00:00+00:00
1.885040,45.790940,14.70,2009-04-22T12:00:00+00:00
1.883980,45.790570,13.90,2009-04-22T12:00:00+00:00
1.883980,45.791600,15.70,2009-04-22T12:00:00+00:00
1.884050,45.790500,13.20,2009-04-22T12:00:00+00:00
1.884100,45.791610,15.70,2009-04-22T12:00:00+00:00
1.884110,45.790420,12.10,2009-04-22T12:00:00+00:00
1.884160,45.790350,11.10,2009-04-22T12:00:00+00:00
1.884180,45.791630,15.80,2009-04-22T12:00:00+00:00
1.883830,45.790720,14.50,2009-04-22T12:00:00+00:00
1.888880,45.799290,4.50,2009-04-22T12:00:00+00:00
1.889060,45.793240,12.70,2009-04-22T12:00:00+00:00
1.888650,45.799010,0.80,2009-04-22T12:00:00+00:00
1.888670,45.793580,10.90,2009-04-22T12:00:00+00:00
1.888720,45.793000,13.50,2009-04-22T12:00:00+00:00
1.888750,45.793510,11.10,2009-04-22T12:00:00+00:00
1.888750,45.799260,3.90,2009-04-22T12:00:00+00:00
1.888770,45.799010,1.20,2009-04-22T12:00:00+00:00
1.888630,45.792940,13.70,2009-04-22T12:00:00+00:00
1.888830,45.793440,11.20,2009-04-22T12:00:00+00:00
1.888590,45.793640,10.50,2009-04-22T12:00:00+00:00
1.888890,45.799030,1.90,2009-04-22T12:00:00+00:00
1.888910,45.793110,13.00,2009-04-22T12:00:00+00:00
1.888910,45.793380,11.90,2009-04-22T12:00:00+00:00
1.888980,45.793300,12.30,2009-04-22T12:00:00+00:00
1.888990,45.799330,4.80,2009-04-22T12:00:00+00:00
1.889000,45.793160,12.70,2009-04-22T12:00:00+00:00
1.887890,45.794280,11.10,2009-04-22T12:00:00+00:00
1.888820,45.793050,13.20,2009-04-22T12:00:00+00:00
1.888360,45.793860,10.70,2009-04-22T12:00:00+00:00
1.885040,45.790770,14.50,2009-04-22T12:00:00+00:00
1.888000,45.792700,13.90,2009-04-22T12:00:00+00:00
1.888040,45.794140,10.80,2009-04-22T12:00:00+00:00
1.888110,45.792720,13.70,2009-04-22T12:00:00+00:00
1.888120,45.794060,10.80,2009-04-22T12:00:00+00:00
1.888190,45.794000,10.80,2009-04-22T12:00:00+00:00
1.888240,45.792740,13.80,2009-04-22T12:00:00+00:00
1.888630,45.799230,2.80,2009-04-22T12:00:00+00:00
1.888350,45.792780,13.90,2009-04-22T12:00:00+00:00
1.889100,45.793220,12.40,2009-04-22T12:00:00+00:00
1.888440,45.792830,13.90,2009-04-22T12:00:00+00:00
1.888440,45.793790,10.50,2009-04-22T12:00:00+00:00
1.888500,45.799120,0.80,2009-04-22T12:00:00+00:00
1.888510,45.793720,10.30,2009-04-22T12:00:00+00:00
1.888520,45.799190,1.70,2009-04-22T12:00:00+00:00
1.888540,45.792880,13.70,2009-04-22T12:00:00+00:00
1.888550,45.799050,0.70,2009-04-22T12:00:00+00:00
1.888280,45.793930,10.70,2009-04-22T12:00:00+00:00
1.889720,45.805890,0.70,2009-04-22T12:00:00+00:00
1.889000,45.799040,2.40,2009-04-22T12:00:00+00:00
1.889610,45.792750,14.90,2009-04-22T12:00:00+00:00
1.889610,45.793460,11.30,2009-04-22T12:00:00+00:00
1.889640,45.799620,4.10,2009-04-22T12:00:00+00:00
1.889680,45.805940,0.60,2009-04-22T12:00:00+00:00
1.889690,45.792680,14.30,2009-04-22T12:00:00+00:00
1.889710,45.793500,10.60,2009-04-22T12:00:00+00:00
1.889530,45.799560,4.40,2009-04-22T12:00:00+00:00
1.889710,45.805980,0.60,2009-04-22T12:00:00+00:00
1.889530,45.792820,15.30,2009-04-22T12:00:00+00:00
1.889740,45.799680,3.10,2009-04-22T12:00:00+00:00
1.889760,45.806040,0.90,2009-04-22T12:00:00+00:00
1.889780,45.792620,13.30,2009-04-22T12:00:00+00:00
1.889790,45.805890,0.70,2009-04-22T12:00:00+00:00
1.889790,45.806090,1.00,2009-04-22T12:00:00+00:00
1.889820,45.793540,10.30,2009-04-22T12:00:00+00:00
1.893130,45.808910,1.50,2009-04-22T12:00:00+00:00
1.889710,45.799160,3.80,2009-04-22T12:00:00+00:00
1.889320,45.799460,4.80,2009-04-22T12:00:00+00:00
1.889110,45.799370,4.90,2009-04-22T12:00:00+00:00
1.889130,45.799050,2.70,2009-04-22T12:00:00+00:00
1.889140,45.793170,13.10,2009-04-22T12:00:00+00:00
1.889200,45.793270,12.10,2009-04-22T12:00:00+00:00
1.889220,45.793100,13.60,2009-04-22T12:00:00+00:00
1.889220,45.799410,5.00,2009-04-22T12:00:00+00:00
1.889240,45.799060,3.00,2009-04-22T12:00:00+00:00
1.889600,45.799130,3.60,2009-04-22T12:00:00+00:00
1.889310,45.793040,13.70,2009-04-22T12:00:00+00:00
1.887880,45.792690,13.80,2009-04-22T12:00:00+00:00
1.889360,45.799070,3.20,2009-04-22T12:00:00+00:00
1.889390,45.792970,14.00,2009-04-22T12:00:00+00:00
1.889400,45.793370,11.70,2009-04-22T12:00:00+00:00
1.889430,45.799510,4.70,2009-04-22T12:00:00+00:00
1.889470,45.792900,14.10,2009-04-22T12:00:00+00:00
1.889480,45.799100,3.40,2009-04-22T12:00:00+00:00
1.889500,45.793410,11.60,2009-04-22T12:00:00+00:00
1.889300,45.793320,11.70,2009-04-22T12:00:00+00:00
1.885820,45.792180,14.10,2009-04-22T12:00:00+00:00
1.886160,45.796030,8.20,2009-04-22T12:00:00+00:00
1.885480,45.792080,14.70,2009-04-22T12:00:00+00:00
1.885500,45.796660,6.90,2009-04-22T12:00:00+00:00
1.885570,45.796590,7.20,2009-04-22T12:00:00+00:00
1.885600,45.792120,14.30,2009-04-22T12:00:00+00:00
1.885650,45.796520,7.10,2009-04-22T12:00:00+00:00
1.885710,45.792140,14.20,2009-04-22T12:00:00+00:00
1.885370,45.792050,14.50,2009-04-22T12:00:00+00:00
1.885800,45.796390,4.70,2009-04-22T12:00:00+00:00
1.885350,45.796790,5.60,2009-04-22T12:00:00+00:00
1.885880,45.796320,4.20,2009-04-22T12:00:00+00:00
1.885930,45.792210,14.10,2009-04-22T12:00:00+00:00
1.885960,45.796250,4.30,2009-04-22T12:00:00+00:00
1.886040,45.796180,5.30,2009-04-22T12:00:00+00:00
1.886050,45.792260,14.00,2009-04-22T12:00:00+00:00
1.886100,45.796110,6.50,2009-04-22T12:00:00+00:00
1.887960,45.794210,10.90,2009-04-22T12:00:00+00:00
1.885720,45.796460,6.10,2009-04-22T12:00:00+00:00
1.885080,45.790090,8.70,2009-04-22T12:00:00+00:00
1.885040,45.791030,14.70,2009-04-22T12:00:00+00:00
1.885050,45.790520,13.70,2009-04-22T12:00:00+00:00
1.885050,45.790600,13.80,2009-04-22T12:00:00+00:00
1.885060,45.789780,1.60,2009-04-22T12:00:00+00:00
1.885060,45.790260,11.70,2009-04-22T12:00:00+00:00
1.885070,45.791900,14.80,2009-04-22T12:00:00+00:00
1.885070,45.797060,2.00,2009-04-22T12:00:00+00:00
1.885420,45.796730,6.40,2009-04-22T12:00:00+00:00
1.885080,45.790010,6.70,2009-04-22T12:00:00+00:00
1.886240,45.792340,14.20,2009-04-22T12:00:00+00:00
1.885080,45.790180,10.40,2009-04-22T12:00:00+00:00
1.885100,45.789840,2.90,2009-04-22T12:00:00+00:00
1.885150,45.797000,3.30,2009-04-22T12:00:00+00:00
1.885160,45.791960,14.60,2009-04-22T12:00:00+00:00
1.885220,45.796930,4.30,2009-04-22T12:00:00+00:00
1.885260,45.792000,14.70,2009-04-22T12:00:00+00:00
1.885280,45.796860,5.10,2009-04-22T12:00:00+00:00
1.885080,45.789920,5.20,2009-04-22T12:00:00+00:00
1.887510,45.792650,14.20,2009-04-22T12:00:00+00:00
1.886140,45.792300,14.00,2009-04-22T12:00:00+00:00
1.887160,45.792600,14.00,2009-04-22T12:00:00+00:00
1.887170,45.795000,11.50,2009-04-22T12:00:00+00:00
1.887240,45.794930,11.50,2009-04-22T12:00:00+00:00
1.887280,45.792620,14.10,2009-04-22T12:00:00+00:00
1.887310,45.794860,11.70,2009-04-22T12:00:00+00:00
1.887380,45.794780,11.60,2009-04-22T12:00:00+00:00
1.887040,45.792580,13.90,2009-04-22T12:00:00+00:00
1.887440,45.794720,11.60,2009-04-22T12:00:00+00:00
1.887020,45.795150,11.40,2009-04-22T12:00:00+00:00
1.887510,45.794660,11.70,2009-04-22T12:00:00+00:00
1.887590,45.794580,11.60,2009-04-22T12:00:00+00:00
1.887640,45.792660,14.10,2009-04-22T12:00:00+00:00
1.887660,45.794510,11.50,2009-04-22T12:00:00+00:00
1.887740,45.794430,11.30,2009-04-22T12:00:00+00:00
1.887750,45.792680,13.90,2009-04-22T12:00:00+00:00
1.887810,45.794360,11.20,2009-04-22T12:00:00+00:00
1.887390,45.792640,14.30,2009-04-22T12:00:00+00:00
1.886680,45.795520,10.80,2009-04-22T12:00:00+00:00
1.886240,45.795960,9.80,2009-04-22T12:00:00+00:00
1.886310,45.795880,10.60,2009-04-22T12:00:00+00:00
1.886350,45.792390,14.20,2009-04-22T12:00:00+00:00
1.886380,45.795810,10.70,2009-04-22T12:00:00+00:00
1.886450,45.795740,10.50,2009-04-22T12:00:00+00:00
1.886470,45.792420,14.00,2009-04-22T12:00:00+00:00
1.886530,45.795670,10.90,2009-04-22T12:00:00+00:00
1.887100,45.795080,11.40,2009-04-22T12:00:00+00:00
1.886600,45.795600,11.00,2009-04-22T12:00:00+00:00
1.889840,45.799730,2.20,2009-04-22T12:00:00+00:00
1.886690,45.792500,13.90,2009-04-22T12:00:00+00:00
1.886760,45.795450,10.90,2009-04-22T12:00:00+00:00
1.886800,45.792530,13.80,2009-04-22T12:00:00+00:00
1.886820,45.795380,11.10,2009-04-22T12:00:00+00:00
1.886890,45.795300,11.10,2009-04-22T12:00:00+00:00
1.886920,45.792550,14.00,2009-04-22T12:00:00+00:00
1.886950,45.795220,11.40,2009-04-22T12:00:00+00:00
1.886580,45.792460,14.00,2009-04-22T12:00:00+00:00
1.905390,45.813080,2.40,2009-04-22T12:00:00+00:00
1.905350,45.806840,0.90,2009-04-22T12:00:00+00:00
1.905340,45.806830,0.70,2009-04-22T12:00:00+00:00
1.905370,45.799650,10.20,2009-04-22T12:00:00+00:00
1.905370,45.806840,0.70,2009-04-22T12:00:00+00:00
1.905350,45.806830,1.50,2009-04-22T12:00:00+00:00
1.905370,45.806850,0.70,2009-04-22T12:00:00+00:00
1.905380,45.805950,3.10,2009-04-22T12:00:00+00:00
1.905390,45.806850,0.60,2009-04-22T12:00:00+00:00
1.905400,45.806810,0.50,2009-04-22T12:00:00+00:00
1.905400,45.799520,10.30,2009-04-22T12:00:00+00:00
1.905400,45.806910,0.50,2009-04-22T12:00:00+00:00
1.905400,45.806860,0.90,2009-04-22T12:00:00+00:00
1.905260,45.806840,1.20,2009-04-22T12:00:00+00:00
1.905400,45.803640,6.50,2009-04-22T12:00:00+00:00
1.905400,45.813860,1.70,2009-04-22T12:00:00+00:00
1.905270,45.813710,2.10,2009-04-22T12:00:00+00:00
1.905180,45.813150,2.30,2009-04-22T12:00:00+00:00
1.905200,45.799780,10.30,2009-04-22T12:00:00+00:00
1.905180,45.806850,1.40,2009-04-22T12:00:00+00:00
1.905210,45.813640,1.90,2009-04-22T12:00:00+00:00
1.905520,45.806780,0.70,2009-04-22T12:00:00+00:00
1.905180,45.805860,3.70,2009-04-22T12:00:00+00:00
1.905240,45.797190,1.20,2009-04-22T12:00:00+00:00
1.905280,45.799720,10.30,2009-04-22T12:00:00+00:00
1.905250,45.799400,10.50,2009-04-22T12:00:00+00:00
1.905330,45.813790,2.40,2009-04-22T12:00:00+00:00
1.905280,45.805900,3.40,2009-04-22T12:00:00+00:00
1.905280,45.813100,2.20,2009-04-22T12:00:00+00:00
1.905300,45.806830,0.80,2009-04-22T12:00:00+00:00
1.905320,45.799460,10.50,2009-04-22T12:00:00+00:00
1.905320,45.806830,0.80,2009-04-22T12:00:00+00:00
1.905330,45.797250,2.00,2009-04-22T12:00:00+00:00
1.905330,45.803570,7.10,2009-04-22T12:00:00+00:00
1.905330,45.806830,0.90,2009-04-22T12:00:00+00:00
1.905240,45.803520,7.40,2009-04-22T12:00:00+00:00
1.905570,45.806620,1.20,2009-04-22T12:00:00+00:00
1.905520,45.806700,0.70,2009-04-22T12:00:00+00:00
1.905510,45.797370,3.20,2009-04-22T12:00:00+00:00
1.905520,45.806740,0.70,2009-04-22T12:00:00+00:00
1.905540,45.803790,5.50,2009-04-22T12:00:00+00:00
1.905540,45.806680,0.50,2009-04-22T12:00:00+00:00
1.905540,45.814000,1.80,2009-04-22T12:00:00+00:00
1.905560,45.799530,10.40,2009-04-22T12:00:00+00:00
1.905480,45.813050,2.40,2009-04-22T12:00:00+00:00
1.905560,45.806020,2.70,2009-04-22T12:00:00+00:00
1.905480,45.803720,6.00,2009-04-22T12:00:00+00:00
1.905590,45.806580,0.60,2009-04-22T12:00:00+00:00
1.905150,45.799350,10.00,2009-04-22T12:00:00+00:00
1.904610,45.811240,0.90,2009-04-22T12:00:00+00:00
1.905620,45.814070,1.60,2009-04-22T12:00:00+00:00
1.905620,45.806520,0.90,2009-04-22T12:00:00+00:00
1.905590,45.813050,2.20,2009-04-22T12:00:00+00:00
1.905610,45.803870,5.10,2009-04-22T12:00:00+00:00
1.905610,45.797430,3.90,2009-04-22T12:00:00+00:00
1.905560,45.799640,9.80,2009-04-22T12:00:00+00:00
1.905450,45.806860,1.70,2009-04-22T12:00:00+00:00
1.905410,45.806910,0.70,2009-04-22T12:00:00+00:00
1.905420,45.797320,2.50,2009-04-22T12:00:00+00:00
1.905420,45.806840,0.60,2009-04-22T12:00:00+00:00
1.905430,45.806850,0.50,2009-04-22T12:00:00+00:00
1.905430,45.806870,1.30,2009-04-22T12:00:00+00:00
1.905440,45.806860,0.60,2009-04-22T12:00:00+00:00
1.905440,45.806910,1.40,2009-04-22T12:00:00+00:00
1.905500,45.806800,0.80,2009-04-22T12:00:00+00:00
1.905450,45.806850,0.70,2009-04-22T12:00:00+00:00
1.905410,45.806840,0.60,2009-04-22T12:00:00+00:00
1.905450,45.806880,1.20,2009-04-22T12:00:00+00:00
1.905450,45.806890,1.50,2009-04-22T12:00:00+00:00
1.905460,45.806830,0.60,2009-04-22T12:00:00+00:00
1.905470,45.799600,10.40,2009-04-22T12:00:00+00:00
1.905470,45.805990,2.80,2009-04-22T12:00:00+00:00
1.905470,45.806810,0.70,2009-04-22T12:00:00+00:00
1.905470,45.813930,1.70,2009-04-22T12:00:00+00:00
1.905480,45.799580,10.30,2009-04-22T12:00:00+00:00
1.905450,45.806830,0.80,2009-04-22T12:00:00+00:00
1.904640,45.811120,0.60,2009-04-22T12:00:00+00:00
1.904570,45.806780,4.00,2009-04-22T12:00:00+00:00
1.904590,45.812840,2.70,2009-04-22T12:00:00+00:00
1.904600,45.811180,1.00,2009-04-22T12:00:00+00:00
1.904610,45.811070,0.90,2009-04-22T12:00:00+00:00
1.904620,45.796920,2.00,2009-04-22T12:00:00+00:00
1.904630,45.798910,4.60,2009-04-22T12:00:00+00:00
1.904630,45.800260,10.40,2009-04-22T12:00:00+00:00
1.904710,45.813000,2.70,2009-04-22T12:00:00+00:00
1.904630,45.805680,5.10,2009-04-22T12:00:00+00:00
1.904550,45.798850,4.10,2009-04-22T12:00:00+00:00
1.904640,45.813320,2.50,2009-04-22T12:00:00+00:00
1.904650,45.811300,0.70,2009-04-22T12:00:00+00:00
1.904650,45.812930,2.70,2009-04-22T12:00:00+00:00
1.904680,45.806810,3.90,2009-04-22T12:00:00+00:00
1.904700,45.798980,5.40,2009-04-22T12:00:00+00:00
1.904700,45.811360,0.70,2009-04-22T12:00:00+00:00
1.904620,45.811580,4.40,2009-04-22T12:00:00+00:00
1.904630,45.803200,9.00,2009-04-22T12:00:00+00:00
1.904520,45.805640,5.60,2009-04-22T12:00:00+00:00
1.904470,45.800390,10.90,2009-04-22T12:00:00+00:00
1.904480,45.811710,4.10,2009-04-22T12:00:00+00:00
1.904470,45.798780,3.70,2009-04-22T12:00:00+00:00
1.904470,45.789080,1.70,2009-04-22T12:00:00+00:00
1.906640,45.794940,1.70,2009-04-22T12:00:00+00:00
1.905630,45.799720,9.90,2009-04-22T12:00:00+00:00
1.904490,45.789360,0.50,2009-04-22T12:00:00+00:00
1.904560,45.789270,0.90,2009-04-22T12:00:00+00:00
1.904520,45.796880,2.00,2009-04-22T12:00:00+00:00
1.904550,45.800320,10.70,2009-04-22T12:00:00+00:00
1.904520,45.811040,1.80,2009-04-22T12:00:00+00:00
1.904520,45.812770,3.10,2009-04-22T12:00:00+00:00
1.904540,45.789330,0.50,2009-04-22T12:00:00+00:00
1.904540,45.803140,9.20,2009-04-22T12:00:00+00:00
1.904540,45.811640,4.30,2009-04-22T12:00:00+00:00
1.904540,45.813360,2.10,2009-04-22T12:00:00+00:00
1.904550,45.789210,1.40,2009-04-22T12:00:00+00:00
1.904720,45.796980,2.00,2009-04-22T12:00:00+00:00
1.904520,45.789140,0.80,2009-04-22T12:00:00+00:00
1.905040,45.803400,8.20,2009-04-22T12:00:00+00:00
1.904960,45.799980,10.00,2009-04-22T12:00:00+00:00
1.904960,45.813220,3.10,2009-04-22T12:00:00+00:00
1.904960,45.813320,2.70,2009-04-22T12:00:00+00:00
1.904970,45.805780,4.00,2009-04-22T12:00:00+00:00
1.904990,45.806850,2.60,2009-04-22T12:00:00+00:00
1.905010,45.799220,9.20,2009-04-22T12:00:00+00:00
1.905020,45.813400,2.50,2009-04-22T12:00:00+00:00
1.904700,45.811530,4.60,2009-04-22T12:00:00+00:00
1.905040,45.799920,9.80,2009-04-22T12:00:00+00:00
1.904890,45.813240,3.00,2009-04-22T12:00:00+00:00
1.905070,45.799290,9.80,2009-04-22T12:00:00+00:00
1.905070,45.813190,2.60,2009-04-22T12:00:00+00:00
1.905080,45.805830,3.80,2009-04-22T12:00:00+00:00
1.905080,45.813480,2.80,2009-04-22T12:00:00+00:00
1.905090,45.806860,2.00,2009-04-22T12:00:00+00:00
1.905140,45.797140,1.40,2009-04-22T12:00:00+00:00
1.905140,45.803460,7.90,2009-04-22T12:00:00+00:00
1.905040,45.797100,1.70,2009-04-22T12:00:00+00:00
1.904830,45.797020,1.90,2009-04-22T12:00:00+00:00
1.904720,45.800190,10.20,2009-04-22T12:00:00+00:00
1.904720,45.811420,1.20,2009-04-22T12:00:00+00:00
1.904750,45.805720,4.60,2009-04-22T12:00:00+00:00
1.904750,45.813280,2.70,2009-04-22T12:00:00+00:00
1.904760,45.811480,1.60,2009-04-22T12:00:00+00:00
1.904780,45.799040,6.00,2009-04-22T12:00:00+00:00
1.904780,45.806820,3.30,2009-04-22T12:00:00+00:00
1.904940,45.803350,8.50,2009-04-22T12:00:00+00:00
1.904800,45.800120,10.20,2009-04-22T12:00:00+00:00
1.904940,45.797060,1.80,2009-04-22T12:00:00+00:00
1.904830,45.813160,3.10,2009-04-22T12:00:00+00:00
1.904840,45.803300,8.70,2009-04-22T12:00:00+00:00
1.904850,45.799100,7.30,2009-04-22T12:00:00+00:00
1.904860,45.805750,4.30,2009-04-22T12:00:00+00:00
1.904860,45.813250,2.80,2009-04-22T12:00:00+00:00
1.904880,45.800050,10.10,2009-04-22T12:00:00+00:00
1.904880,45.806830,2.90,2009-04-22T12:00:00+00:00
1.905140,45.813560,2.10,2009-04-22T12:00:00+00:00
1.904780,45.813080,3.00,2009-04-22T12:00:00+00:00
1.906530,45.798840,9.20,2009-04-22T12:00:00+00:00
1.906240,45.814360,0.70,2009-04-22T12:00:00+00:00
1.906430,45.795930,2.70,2009-04-22T12:00:00+00:00
1.906430,45.800310,9.50,2009-04-22T12:00:00+00:00
1.906440,45.798900,9.30,2009-04-22T12:00:00+00:00
1.906460,45.794870,1.20,2009-04-22T12:00:00+00:00
1.906480,45.804210,0.80,2009-04-22T12:00:00+00:00
1.906490,45.796010,3.00,2009-04-22T12:00:00+00:00
1.906380,45.804240,0.80,2009-04-22T12:00:00+00:00
1.906510,45.797920,8.20,2009-04-22T12:00:00+00:00
1.906380,45.794920,0.80,2009-04-22T12:00:00+00:00
1.906540,45.796080,3.00,2009-04-22T12:00:00+00:00
1.906560,45.794890,1.40,2009-04-22T12:00:00+00:00
1.906560,45.800440,9.60,2009-04-22T12:00:00+00:00
1.906580,45.804180,1.10,2009-04-22T12:00:00+00:00
1.906610,45.797970,8.30,2009-04-22T12:00:00+00:00
1.906620,45.798770,9.00,2009-04-22T12:00:00+00:00
1.906640,45.800510,9.20,2009-04-22T12:00:00+00:00
1.906500,45.800380,9.60,2009-04-22T12:00:00+00:00
1.906300,45.814550,0.60,2009-04-22T12:00:00+00:00
1.906620,45.796140,3.10,2009-04-22T12:00:00+00:00
1.906250,45.795130,0.80,2009-04-22T12:00:00+00:00
1.906250,45.795720,1.70,2009-04-22T12:00:00+00:00
1.906260,45.799030,9.70,2009-04-22T12:00:00+00:00
1.906270,45.800200,9.60,2009-04-22T12:00:00+00:00
1.906270,45.814420,0.70,2009-04-22T12:00:00+00:00
1.906280,45.795060,0.70,2009-04-22T12:00:00+00:00
1.906410,45.797860,8.10,2009-04-22T12:00:00+00:00
1.906300,45.795790,2.20,2009-04-22T12:00:00+00:00
1.906710,45.798720,8.80,2009-04-22T12:00:00+00:00
1.906310,45.797800,7.90,2009-04-22T12:00:00+00:00
1.906310,45.814460,0.50,2009-04-22T12:00:00+00:00
1.906330,45.794980,0.70,2009-04-22T12:00:00+00:00
1.906340,45.814510,0.50,2009-04-22T12:00:00+00:00
1.906350,45.798970,10.10,2009-04-22T12:00:00+00:00
1.906350,45.800260,9.70,2009-04-22T12:00:00+00:00
1.906360,45.795860,2.50,2009-04-22T12:00:00+00:00
1.906280,45.804240,1.00,2009-04-22T12:00:00+00:00
1.907100,45.796580,6.20,2009-04-22T12:00:00+00:00
1.906960,45.798530,8.50,2009-04-22T12:00:00+00:00
1.906980,45.795180,2.40,2009-04-22T12:00:00+00:00
1.907010,45.798190,8.50,2009-04-22T12:00:00+00:00
1.907010,45.800830,7.30,2009-04-22T12:00:00+00:00
1.907030,45.796520,5.80,2009-04-22T12:00:00+00:00
1.907050,45.798460,8.40,2009-04-22T12:00:00+00:00
1.907050,45.804000,3.30,2009-04-22T12:00:00+00:00
1.906670,45.804140,1.50,2009-04-22T12:00:00+00:00
1.907080,45.800900,6.80,2009-04-22T12:00:00+00:00
1.906950,45.800760,8.20,2009-04-22T12:00:00+00:00
1.907110,45.798240,8.60,2009-04-22T12:00:00+00:00
1.907130,45.798400,8.60,2009-04-22T12:00:00+00:00
1.907160,45.795290,2.80,2009-04-22T12:00:00+00:00
1.904450,45.813410,1.70,2009-04-22T12:00:00+00:00
1.903100,45.813300,0.90,2009-04-22T12:00:00+00:00
1.907140,45.803970,3.50,2009-04-22T12:00:00+00:00
1.907150,45.800960,6.50,2009-04-22T12:00:00+00:00
1.907080,45.795240,2.60,2009-04-22T12:00:00+00:00
1.906820,45.796340,3.90,2009-04-22T12:00:00+00:00
1.906210,45.797750,7.80,2009-04-22T12:00:00+00:00
1.906720,45.795000,1.90,2009-04-22T12:00:00+00:00
1.906720,45.798020,8.40,2009-04-22T12:00:00+00:00
1.906720,45.800570,9.00,2009-04-22T12:00:00+00:00
1.906750,45.796270,3.60,2009-04-22T12:00:00+00:00
1.906760,45.804100,2.10,2009-04-22T12:00:00+00:00
1.906800,45.795060,2.10,2009-04-22T12:00:00+00:00
1.906960,45.796470,5.00,2009-04-22T12:00:00+00:00
1.906800,45.800630,8.90,2009-04-22T12:00:00+00:00
1.906950,45.804030,3.10,2009-04-22T12:00:00+00:00
1.906820,45.798080,8.50,2009-04-22T12:00:00+00:00
1.906860,45.804060,2.70,2009-04-22T12:00:00+00:00
1.906880,45.798590,8.60,2009-04-22T12:00:00+00:00
1.906880,45.800690,8.40,2009-04-22T12:00:00+00:00
1.906890,45.795130,2.40,2009-04-22T12:00:00+00:00
1.906890,45.796400,4.30,2009-04-22T12:00:00+00:00
1.906910,45.798130,8.50,2009-04-22T12:00:00+00:00
1.906680,45.796210,3.30,2009-04-22T12:00:00+00:00
1.906800,45.798650,8.80,2009-04-22T12:00:00+00:00
1.905840,45.813730,1.30,2009-04-22T12:00:00+00:00
1.906240,45.814580,0.50,2009-04-22T12:00:00+00:00
1.905810,45.813350,1.00,2009-04-22T12:00:00+00:00
1.905820,45.813180,0.50,2009-04-22T12:00:00+00:00
1.905830,45.799340,10.60,2009-04-22T12:00:00+00:00
1.905830,45.806270,0.50,2009-04-22T12:00:00+00:00
1.905830,45.813130,0.50,2009-04-22T12:00:00+00:00
1.905830,45.813400,0.80,2009-04-22T12:00:00+00:00
1.905800,45.813290,1.20,2009-04-22T12:00:00+00:00
1.905840,45.813470,0.70,2009-04-22T12:00:00+00:00
1.905800,45.813240,0.50,2009-04-22T12:00:00+00:00
1.905840,45.813840,1.90,2009-04-22T12:00:00+00:00
1.905840,45.814250,1.00,2009-04-22T12:00:00+00:00
1.905860,45.799900,9.60,2009-04-22T12:00:00+00:00
1.905860,45.806170,0.70,2009-04-22T12:00:00+00:00
1.905870,45.804060,3.30,2009-04-22T12:00:00+00:00
1.905870,45.813520,0.90,2009-04-22T12:00:00+00:00
1.905870,45.813900,1.60,2009-04-22T12:00:00+00:00
1.905830,45.813780,1.70,2009-04-22T12:00:00+00:00
1.905720,45.806360,0.60,2009-04-22T12:00:00+00:00
1.905650,45.799470,10.30,2009-04-22T12:00:00+00:00
1.905670,45.806480,0.70,2009-04-22T12:00:00+00:00
1.905690,45.803930,4.50,2009-04-22T12:00:00+00:00
1.905690,45.813050,1.50,2009-04-22T12:00:00+00:00
1.905690,45.814130,1.30,2009-04-22T12:00:00+00:00
1.905700,45.806420,0.80,2009-04-22T12:00:00+00:00
1.905710,45.797480,4.70,2009-04-22T12:00:00+00:00
1.905810,45.797540,5.80,2009-04-22T12:00:00+00:00
1.905720,45.806100,2.10,2009-04-22T12:00:00+00:00
1.905890,45.813590,0.80,2009-04-22T12:00:00+00:00
1.905740,45.799410,10.30,2009-04-22T12:00:00+00:00
1.905760,45.806300,0.70,2009-04-22T12:00:00+00:00
1.905760,45.814200,1.00,2009-04-22T12:00:00+00:00
1.905780,45.804000,3.90,2009-04-22T12:00:00+00:00
1.905780,45.813080,0.70,2009-04-22T12:00:00+00:00
1.905790,45.799830,9.60,2009-04-22T12:00:00+00:00
1.905800,45.806140,1.50,2009-04-22T12:00:00+00:00
1.905710,45.799770,9.80,2009-04-22T12:00:00+00:00
1.906170,45.799090,9.70,2009-04-22T12:00:00+00:00
1.906090,45.795320,0.60,2009-04-22T12:00:00+00:00
1.906110,45.795570,1.40,2009-04-22T12:00:00+00:00
1.906110,45.797700,7.40,2009-04-22T12:00:00+00:00
1.906110,45.800080,9.50,2009-04-22T12:00:00+00:00
1.906110,45.814470,0.60,2009-04-22T12:00:00+00:00
1.906120,45.814220,1.00,2009-04-22T12:00:00+00:00
1.906160,45.814270,0.90,2009-04-22T12:00:00+00:00
1.905880,45.806220,0.70,2009-04-22T12:00:00+00:00
1.906170,45.795270,0.80,2009-04-22T12:00:00+00:00
1.906070,45.814420,0.70,2009-04-22T12:00:00+00:00
1.906170,45.804220,1.40,2009-04-22T12:00:00+00:00
1.906170,45.814560,0.80,2009-04-22T12:00:00+00:00
1.906180,45.800140,9.80,2009-04-22T12:00:00+00:00
1.906200,45.795640,1.50,2009-04-22T12:00:00+00:00
1.906200,45.814320,0.80,2009-04-22T12:00:00+00:00
1.906200,45.814570,0.90,2009-04-22T12:00:00+00:00
1.906210,45.795200,0.90,2009-04-22T12:00:00+00:00
1.906160,45.814510,0.50,2009-04-22T12:00:00+00:00
1.905990,45.799210,10.40,2009-04-22T12:00:00+00:00
1.905640,45.806060,2.40,2009-04-22T12:00:00+00:00
1.905910,45.797600,6.40,2009-04-22T12:00:00+00:00
1.905910,45.799280,10.00,2009-04-22T12:00:00+00:00
1.905910,45.813640,0.50,2009-04-22T12:00:00+00:00
1.905920,45.813960,1.60,2009-04-22T12:00:00+00:00
1.905920,45.814310,0.80,2009-04-22T12:00:00+00:00
1.905960,45.804120,2.60,2009-04-22T12:00:00+00:00
1.906080,45.814150,1.20,2009-04-22T12:00:00+00:00
1.905990,45.795440,1.20,2009-04-22T12:00:00+00:00
1.906080,45.799150,10.10,2009-04-22T12:00:00+00:00
1.906000,45.795370,0.70,2009-04-22T12:00:00+00:00
1.906010,45.797650,6.90,2009-04-22T12:00:00+00:00
1.906010,45.814360,0.90,2009-04-22T12:00:00+00:00
1.906020,45.800020,9.60,2009-04-22T12:00:00+00:00
1.906020,45.814090,1.30,2009-04-22T12:00:00+00:00
1.906040,45.795510,1.10,2009-04-22T12:00:00+00:00
1.906060,45.804180,2.00,2009-04-22T12:00:00+00:00
1.905880,45.813690,0.80,2009-04-22T12:00:00+00:00
1.905970,45.814020,1.40,2009-04-22T12:00:00+00:00
1.903200,45.809560,1.60,2009-04-22T12:00:00+00:00
1.903110,45.813050,1.00,2009-04-22T12:00:00+00:00
1.903180,45.788880,2.30,2009-04-22T12:00:00+00:00
1.903180,45.797770,3.80,2009-04-22T12:00:00+00:00
1.903180,45.801340,11.40,2009-04-22T12:00:00+00:00
1.903180,45.808880,5.10,2009-04-22T12:00:00+00:00
1.903200,45.788130,2.40,2009-04-22T12:00:00+00:00
1.903200,45.790360,2.30,2009-04-22T12:00:00+00:00
1.903170,45.796420,0.70,2009-04-22T12:00:00+00:00
1.903200,45.805160,9.30,2009-04-22T12:00:00+00:00
1.903160,45.813700,1.10,2009-04-22T12:00:00+00:00
1.903200,45.811190,4.80,2009-04-22T12:00:00+00:00
1.903200,45.811360,3.70,2009-04-22T12:00:00+00:00
1.903210,45.812700,1.70,2009-04-22T12:00:00+00:00
1.903220,45.790920,1.90,2009-04-22T12:00:00+00:00
1.903220,45.813840,1.20,2009-04-22T12:00:00+00:00
1.903260,45.797820,3.70,2009-04-22T12:00:00+00:00
1.903260,45.809520,1.40,2009-04-22T12:00:00+00:00
1.903200,45.802240,11.20,2009-04-22T12:00:00+00:00
1.903140,45.813470,1.20,2009-04-22T12:00:00+00:00
1.903110,45.812950,0.50,2009-04-22T12:00:00+00:00
1.903110,45.813420,1.20,2009-04-22T12:00:00+00:00
1.903120,45.788200,2.30,2009-04-22T12:00:00+00:00
1.903120,45.790960,2.20,2009-04-22T12:00:00+00:00
1.903120,45.809690,1.70,2009-04-22T12:00:00+00:00
1.903120,45.812950,0.60,2009-04-22T12:00:00+00:00
1.903130,45.812750,0.80,2009-04-22T12:00:00+00:00
1.903170,45.806560,7.10,2009-04-22T12:00:00+00:00
1.903130,45.813030,1.10,2009-04-22T12:00:00+00:00
1.903270,45.801280,11.20,2009-04-22T12:00:00+00:00
1.903140,45.813660,1.10,2009-04-22T12:00:00+00:00
1.903140,45.813780,1.00,2009-04-22T12:00:00+00:00
1.903150,45.812990,1.00,2009-04-22T12:00:00+00:00
1.903150,45.813530,1.20,2009-04-22T12:00:00+00:00
1.903150,45.813600,1.10,2009-04-22T12:00:00+00:00
1.903150,45.813810,1.00,2009-04-22T12:00:00+00:00
1.903160,45.809620,1.60,2009-04-22T12:00:00+00:00
1.903130,45.812960,1.00,2009-04-22T12:00:00+00:00
1.903400,45.796420,0.70,2009-04-22T12:00:00+00:00
1.903380,45.808970,3.50,2009-04-22T12:00:00+00:00
1.903380,45.809310,0.70,2009-04-22T12:00:00+00:00
1.903380,45.809410,0.50,2009-04-22T12:00:00+00:00
1.903390,45.787920,2.10,2009-04-22T12:00:00+00:00
1.903390,45.797960,3.30,2009-04-22T12:00:00+00:00
1.903390,45.802350,11.00,2009-04-22T12:00:00+00:00
1.903390,45.809350,0.60,2009-04-22T12:00:00+00:00
1.903270,45.788060,2.30,2009-04-22T12:00:00+00:00
1.903400,45.788970,2.10,2009-04-22T12:00:00+00:00
1.903360,45.809450,0.50,2009-04-22T12:00:00+00:00
1.903400,45.809300,1.00,2009-04-22T12:00:00+00:00
1.903400,45.811320,3.80,2009-04-22T12:00:00+00:00
1.903410,45.805250,8.70,2009-04-22T12:00:00+00:00
1.903410,45.806610,6.70,2009-04-22T12:00:00+00:00
1.903420,45.813810,1.30,2009-04-22T12:00:00+00:00
1.903430,45.790630,2.00,2009-04-22T12:00:00+00:00
1.903430,45.790770,1.70,2009-04-22T12:00:00+00:00
1.903390,45.812590,2.20,2009-04-22T12:00:00+00:00
1.903300,45.811260,4.40,2009-04-22T12:00:00+00:00
1.903110,45.790300,2.10,2009-04-22T12:00:00+00:00
1.903280,45.796420,0.70,2009-04-22T12:00:00+00:00
1.903280,45.808920,4.20,2009-04-22T12:00:00+00:00
1.903290,45.788920,2.20,2009-04-22T12:00:00+00:00
1.903290,45.802300,10.90,2009-04-22T12:00:00+00:00
1.903290,45.806580,6.80,2009-04-22T12:00:00+00:00
1.903290,45.812640,2.00,2009-04-22T12:00:00+00:00
1.903380,45.790820,1.30,2009-04-22T12:00:00+00:00
1.903300,45.809480,0.80,2009-04-22T12:00:00+00:00
1.903380,45.790560,2.70,2009-04-22T12:00:00+00:00
1.903310,45.811330,3.70,2009-04-22T12:00:00+00:00
1.903320,45.790490,3.30,2009-04-22T12:00:00+00:00
1.903320,45.790890,1.40,2009-04-22T12:00:00+00:00
1.903320,45.813840,1.30,2009-04-22T12:00:00+00:00
1.903330,45.787990,2.30,2009-04-22T12:00:00+00:00
1.903330,45.797890,3.50,2009-04-22T12:00:00+00:00
1.903360,45.801220,11.10,2009-04-22T12:00:00+00:00
1.903270,45.790420,3.10,2009-04-22T12:00:00+00:00
1.903300,45.805200,8.90,2009-04-22T12:00:00+00:00
1.902860,45.811040,5.50,2009-04-22T12:00:00+00:00
1.903110,45.813350,1.10,2009-04-22T12:00:00+00:00
1.902830,45.810350,5.90,2009-04-22T12:00:00+00:00
1.902840,45.796320,1.10,2009-04-22T12:00:00+00:00
1.902840,45.797540,4.20,2009-04-22T12:00:00+00:00
1.902850,45.788760,2.50,2009-04-22T12:00:00+00:00
1.902850,45.805060,9.60,2009-04-22T12:00:00+00:00
1.902860,45.790140,1.70,2009-04-22T12:00:00+00:00
1.902810,45.791030,2.80,2009-04-22T12:00:00+00:00
1.902860,45.810280,6.00,2009-04-22T12:00:00+00:00
1.902800,45.806510,7.80,2009-04-22T12:00:00+00:00
1.902870,45.801610,11.30,2009-04-22T12:00:00+00:00
1.902880,45.788400,2.60,2009-04-22T12:00:00+00:00
1.902890,45.802100,11.20,2009-04-22T12:00:00+00:00
1.902900,45.810200,5.80,2009-04-22T12:00:00+00:00
1.902900,45.811440,1.70,2009-04-22T12:00:00+00:00
1.902920,45.791020,2.70,2009-04-22T12:00:00+00:00
1.902920,45.797600,4.20,2009-04-22T12:00:00+00:00
1.902860,45.808750,6.90,2009-04-22T12:00:00+00:00
1.902760,45.790090,2.00,2009-04-22T12:00:00+00:00
1.902720,45.788530,2.80,2009-04-22T12:00:00+00:00
1.914100,45.793700,1.40,2009-04-22T12:00:00+00:00
1.907170,45.796650,6.50,2009-04-22T12:00:00+00:00
1.902720,45.801750,11.20,2009-04-22T12:00:00+00:00
1.902730,45.810590,6.00,2009-04-22T12:00:00+00:00
1.902740,45.788710,2.60,2009-04-22T12:00:00+00:00
1.902740,45.796260,1.20,2009-04-22T12:00:00+00:00
1.902810,45.811410,1.20,2009-04-22T12:00:00+00:00
1.902740,45.811000,5.30,2009-04-22T12:00:00+00:00
1.902940,45.796360,1.00,2009-04-22T12:00:00+00:00
1.902760,45.797490,4.30,2009-04-22T12:00:00+00:00
1.902760,45.808700,7.10,2009-04-22T12:00:00+00:00
1.902760,45.810510,5.90,2009-04-22T12:00:00+00:00
1.902790,45.801680,11.10,2009-04-22T12:00:00+00:00
1.902790,45.802060,11.20,2009-04-22T12:00:00+00:00
1.902790,45.810430,6.00,2009-04-22T12:00:00+00:00
1.902800,45.788470,2.70,2009-04-22T12:00:00+00:00
1.902740,45.805020,9.80,2009-04-22T12:00:00+00:00
1.903090,45.809760,1.80,2009-04-22T12:00:00+00:00
1.903050,45.809820,2.20,2009-04-22T12:00:00+00:00
1.903060,45.812880,0.60,2009-04-22T12:00:00+00:00
1.903070,45.788840,2.50,2009-04-22T12:00:00+00:00
1.903070,45.808830,5.70,2009-04-22T12:00:00+00:00
1.903070,45.812810,0.60,2009-04-22T12:00:00+00:00
1.903070,45.812910,0.70,2009-04-22T12:00:00+00:00
1.903080,45.797710,4.00,2009-04-22T12:00:00+00:00
1.902920,45.806530,7.40,2009-04-22T12:00:00+00:00
1.903080,45.813240,0.80,2009-04-22T12:00:00+00:00
1.903040,45.788260,2.30,2009-04-22T12:00:00+00:00
1.903090,45.812930,0.70,2009-04-22T12:00:00+00:00
1.903100,45.801410,11.20,2009-04-22T12:00:00+00:00
1.903100,45.802200,11.20,2009-04-22T12:00:00+00:00
1.903100,45.811140,5.00,2009-04-22T12:00:00+00:00
1.903100,45.811390,3.50,2009-04-22T12:00:00+00:00
1.903100,45.813100,0.80,2009-04-22T12:00:00+00:00
1.903100,45.813160,0.70,2009-04-22T12:00:00+00:00
1.903080,45.805120,9.60,2009-04-22T12:00:00+00:00
1.902990,45.802150,11.20,2009-04-22T12:00:00+00:00
1.903440,45.809300,0.70,2009-04-22T12:00:00+00:00
1.902940,45.801540,11.10,2009-04-22T12:00:00+00:00
1.902940,45.810120,5.00,2009-04-22T12:00:00+00:00
1.902960,45.788330,2.40,2009-04-22T12:00:00+00:00
1.902960,45.788800,2.50,2009-04-22T12:00:00+00:00
1.902960,45.805090,9.90,2009-04-22T12:00:00+00:00
1.902960,45.808790,6.30,2009-04-22T12:00:00+00:00
1.903050,45.806540,7.20,2009-04-22T12:00:00+00:00
1.902980,45.811090,5.40,2009-04-22T12:00:00+00:00
1.903050,45.796400,0.90,2009-04-22T12:00:00+00:00
1.902990,45.809970,3.30,2009-04-22T12:00:00+00:00
1.902990,45.811420,2.80,2009-04-22T12:00:00+00:00
1.903020,45.791000,2.40,2009-04-22T12:00:00+00:00
1.903020,45.797650,4.10,2009-04-22T12:00:00+00:00
1.903020,45.801470,11.30,2009-04-22T12:00:00+00:00
1.903020,45.809900,2.80,2009-04-22T12:00:00+00:00
1.903030,45.790250,1.80,2009-04-22T12:00:00+00:00
1.902940,45.790200,1.70,2009-04-22T12:00:00+00:00
1.902970,45.810050,3.80,2009-04-22T12:00:00+00:00
1.904140,45.796670,1.70,2009-04-22T12:00:00+00:00
1.903430,45.811300,3.70,2009-04-22T12:00:00+00:00
1.904070,45.812100,2.90,2009-04-22T12:00:00+00:00
1.904080,45.788470,1.40,2009-04-22T12:00:00+00:00
1.904080,45.798490,2.90,2009-04-22T12:00:00+00:00
1.904080,45.812220,2.80,2009-04-22T12:00:00+00:00
1.904090,45.811140,5.30,2009-04-22T12:00:00+00:00
1.904110,45.806710,4.90,2009-04-22T12:00:00+00:00
1.904060,45.800730,10.70,2009-04-22T12:00:00+00:00
1.904130,45.802820,10.40,2009-04-22T12:00:00+00:00
1.904060,45.789210,1.20,2009-04-22T12:00:00+00:00
1.904140,45.800660,10.70,2009-04-22T12:00:00+00:00
1.904140,45.812040,3.20,2009-04-22T12:00:00+00:00
1.904150,45.812300,2.80,2009-04-22T12:00:00+00:00
1.904150,45.813550,1.60,2009-04-22T12:00:00+00:00
1.904160,45.789250,1.00,2009-04-22T12:00:00+00:00
1.904160,45.798550,3.00,2009-04-22T12:00:00+00:00
1.904170,45.805540,6.30,2009-04-22T12:00:00+00:00
1.904130,45.788550,1.40,2009-04-22T12:00:00+00:00
1.903980,45.812170,2.80,2009-04-22T12:00:00+00:00
1.903940,45.813620,1.70,2009-04-22T12:00:00+00:00
1.903950,45.788220,1.30,2009-04-22T12:00:00+00:00
1.903950,45.789170,1.40,2009-04-22T12:00:00+00:00
1.903960,45.800780,10.80,2009-04-22T12:00:00+00:00
1.903960,45.802690,10.60,2009-04-22T12:00:00+00:00
1.903960,45.805460,6.80,2009-04-22T12:00:00+00:00
1.903960,45.812060,2.90,2009-04-22T12:00:00+00:00
1.904070,45.805500,6.50,2009-04-22T12:00:00+00:00
1.903980,45.811170,4.40,2009-04-22T12:00:00+00:00
1.904210,45.811960,3.40,2009-04-22T12:00:00+00:00
1.903990,45.806700,5.00,2009-04-22T12:00:00+00:00
1.904010,45.798430,2.80,2009-04-22T12:00:00+00:00
1.904020,45.788390,1.40,2009-04-22T12:00:00+00:00
1.904020,45.812140,3.00,2009-04-22T12:00:00+00:00
1.904030,45.796630,1.50,2009-04-22T12:00:00+00:00
1.904040,45.802760,10.30,2009-04-22T12:00:00+00:00
1.904040,45.813590,1.80,2009-04-22T12:00:00+00:00
1.903970,45.788310,1.40,2009-04-22T12:00:00+00:00
1.904410,45.805620,6.00,2009-04-22T12:00:00+00:00
1.904340,45.788840,1.20,2009-04-22T12:00:00+00:00
1.904340,45.806740,4.40,2009-04-22T12:00:00+00:00
1.904340,45.811840,3.80,2009-04-22T12:00:00+00:00
1.904350,45.789330,0.70,2009-04-22T12:00:00+00:00
1.904350,45.813470,1.50,2009-04-22T12:00:00+00:00
1.904370,45.803020,9.80,2009-04-22T12:00:00+00:00
1.904390,45.788920,1.10,2009-04-22T12:00:00+00:00
1.904180,45.788630,1.40,2009-04-22T12:00:00+00:00
1.904390,45.800460,10.80,2009-04-22T12:00:00+00:00
1.904320,45.798660,3.40,2009-04-22T12:00:00+00:00
1.904410,45.811770,4.00,2009-04-22T12:00:00+00:00
1.904420,45.789000,1.10,2009-04-22T12:00:00+00:00
1.904420,45.789370,1.10,2009-04-22T12:00:00+00:00
1.904420,45.796820,1.90,2009-04-22T12:00:00+00:00
1.904420,45.811060,3.10,2009-04-22T12:00:00+00:00
1.904450,45.803080,9.50,2009-04-22T12:00:00+00:00
1.904450,45.806760,4.30,2009-04-22T12:00:00+00:00
1.904390,45.798720,3.50,2009-04-22T12:00:00+00:00
1.904270,45.788770,1.30,2009-04-22T12:00:00+00:00
1.903920,45.788130,1.30,2009-04-22T12:00:00+00:00
1.904210,45.812380,3.50,2009-04-22T12:00:00+00:00
1.904220,45.788690,1.40,2009-04-22T12:00:00+00:00
1.904220,45.800590,10.50,2009-04-22T12:00:00+00:00
1.904220,45.802880,10.10,2009-04-22T12:00:00+00:00
1.904230,45.806720,4.60,2009-04-22T12:00:00+00:00
1.904240,45.796720,1.70,2009-04-22T12:00:00+00:00
1.904330,45.812540,4.00,2009-04-22T12:00:00+00:00
1.904240,45.813510,1.50,2009-04-22T12:00:00+00:00
1.904330,45.796770,1.90,2009-04-22T12:00:00+00:00
1.904270,45.789280,0.80,2009-04-22T12:00:00+00:00
1.904270,45.811900,3.80,2009-04-22T12:00:00+00:00
1.904270,45.812460,3.90,2009-04-22T12:00:00+00:00
1.904290,45.802940,10.00,2009-04-22T12:00:00+00:00
1.904290,45.805580,6.20,2009-04-22T12:00:00+00:00
1.904300,45.800520,10.90,2009-04-22T12:00:00+00:00
1.904310,45.811090,4.10,2009-04-22T12:00:00+00:00
1.904200,45.811120,4.50,2009-04-22T12:00:00+00:00
1.904240,45.798610,3.10,2009-04-22T12:00:00+00:00
1.903630,45.798120,3.10,2009-04-22T12:00:00+00:00
1.903560,45.809080,1.90,2009-04-22T12:00:00+00:00
1.903560,45.811470,3.20,2009-04-22T12:00:00+00:00
1.903570,45.812480,2.30,2009-04-22T12:00:00+00:00
1.903580,45.802470,11.00,2009-04-22T12:00:00+00:00
1.903590,45.809330,0.60,2009-04-22T12:00:00+00:00
1.903610,45.801020,10.90,2009-04-22T12:00:00+00:00
1.903620,45.787770,1.40,2009-04-22T12:00:00+00:00
1.903670,45.809290,0.50,2009-04-22T12:00:00+00:00
1.903620,45.796460,0.80,2009-04-22T12:00:00+00:00
1.903540,45.798070,3.30,2009-04-22T12:00:00+00:00
1.903630,45.805340,7.50,2009-04-22T12:00:00+00:00
1.903630,45.811550,3.20,2009-04-22T12:00:00+00:00
1.903630,45.813730,1.40,2009-04-22T12:00:00+00:00
1.903640,45.806660,6.30,2009-04-22T12:00:00+00:00
1.903640,45.809130,1.10,2009-04-22T12:00:00+00:00
1.903650,45.811250,4.00,2009-04-22T12:00:00+00:00
1.903930,45.798360,2.80,2009-04-22T12:00:00+00:00
1.903620,45.789050,1.80,2009-04-22T12:00:00+00:00
1.903510,45.789010,2.00,2009-04-22T12:00:00+00:00
1.904450,45.812690,3.50,2009-04-22T12:00:00+00:00
1.903450,45.787850,1.80,2009-04-22T12:00:00+00:00
1.903450,45.790700,1.90,2009-04-22T12:00:00+00:00
1.903460,45.798020,3.30,2009-04-22T12:00:00+00:00
1.903470,45.809020,2.60,2009-04-22T12:00:00+00:00
1.903480,45.802410,11.10,2009-04-22T12:00:00+00:00
1.903480,45.809320,0.50,2009-04-22T12:00:00+00:00
1.903550,45.809330,0.80,2009-04-22T12:00:00+00:00
1.903490,45.811390,3.40,2009-04-22T12:00:00+00:00
1.903540,45.811280,3.90,2009-04-22T12:00:00+00:00
1.903510,45.796430,0.70,2009-04-22T12:00:00+00:00
1.903510,45.809330,0.80,2009-04-22T12:00:00+00:00
1.903520,45.801080,11.00,2009-04-22T12:00:00+00:00
1.903520,45.805290,8.40,2009-04-22T12:00:00+00:00
1.903520,45.806630,6.50,2009-04-22T12:00:00+00:00
1.903520,45.813780,1.40,2009-04-22T12:00:00+00:00
1.903530,45.787800,1.60,2009-04-22T12:00:00+00:00
1.903670,45.811640,2.30,2009-04-22T12:00:00+00:00
1.903480,45.812530,2.20,2009-04-22T12:00:00+00:00
1.903880,45.806680,5.40,2009-04-22T12:00:00+00:00
1.903830,45.787800,1.00,2009-04-22T12:00:00+00:00
1.903830,45.811900,3.10,2009-04-22T12:00:00+00:00
1.903830,45.813660,2.10,2009-04-22T12:00:00+00:00
1.903840,45.789130,1.50,2009-04-22T12:00:00+00:00
1.903850,45.805420,6.80,2009-04-22T12:00:00+00:00
1.903860,45.798310,2.80,2009-04-22T12:00:00+00:00
1.903870,45.802640,10.60,2009-04-22T12:00:00+00:00
1.903650,45.812410,2.50,2009-04-22T12:00:00+00:00
1.903880,45.800840,11.00,2009-04-22T12:00:00+00:00
1.903780,45.800900,10.90,2009-04-22T12:00:00+00:00
1.903900,45.787860,0.60,2009-04-22T12:00:00+00:00
1.903900,45.787980,0.90,2009-04-22T12:00:00+00:00
1.903900,45.788060,1.30,2009-04-22T12:00:00+00:00
1.903900,45.811980,3.10,2009-04-22T12:00:00+00:00
1.903900,45.812230,2.60,2009-04-22T12:00:00+00:00
1.903910,45.787930,0.60,2009-04-22T12:00:00+00:00
1.903440,45.801150,11.10,2009-04-22T12:00:00+00:00
1.903870,45.811200,4.20,2009-04-22T12:00:00+00:00
1.903730,45.789100,1.70,2009-04-22T12:00:00+00:00
1.903680,45.802520,10.70,2009-04-22T12:00:00+00:00
1.903690,45.800960,10.90,2009-04-22T12:00:00+00:00
1.903700,45.809190,0.50,2009-04-22T12:00:00+00:00
1.903710,45.798190,2.90,2009-04-22T12:00:00+00:00
1.903720,45.796510,0.90,2009-04-22T12:00:00+00:00
1.903720,45.809250,0.70,2009-04-22T12:00:00+00:00
1.903720,45.811730,2.20,2009-04-22T12:00:00+00:00
1.903820,45.812290,2.60,2009-04-22T12:00:00+00:00
1.903730,45.787760,1.20,2009-04-22T12:00:00+00:00
1.903820,45.796550,1.20,2009-04-22T12:00:00+00:00
1.903730,45.805380,7.10,2009-04-22T12:00:00+00:00
1.903740,45.812360,2.50,2009-04-22T12:00:00+00:00
1.903760,45.806670,6.10,2009-04-22T12:00:00+00:00
1.903760,45.811230,4.10,2009-04-22T12:00:00+00:00
1.903770,45.802570,10.70,2009-04-22T12:00:00+00:00
1.903770,45.811820,3.00,2009-04-22T12:00:00+00:00
1.903780,45.798240,2.80,2009-04-22T12:00:00+00:00
1.903920,45.796590,1.30,2009-04-22T12:00:00+00:00
1.903720,45.813690,1.50,2009-04-22T12:00:00+00:00
1.913470,45.793880,2.30,2009-04-22T12:00:00+00:00
1.913140,45.795180,2.00,2009-04-22T12:00:00+00:00
1.913440,45.797390,0.90,2009-04-22T12:00:00+00:00
1.913450,45.793630,0.70,2009-04-22T12:00:00+00:00
1.913450,45.795470,0.80,2009-04-22T12:00:00+00:00
1.913460,45.793590,0.50,2009-04-22T12:00:00+00:00
1.913460,45.793960,2.40,2009-04-22T12:00:00+00:00
1.913470,45.793640,0.70,2009-04-22T12:00:00+00:00
1.913440,45.793620,0.60,2009-04-22T12:00:00+00:00
1.913470,45.793800,1.80,2009-04-22T12:00:00+00:00
1.913440,45.793590,0.50,2009-04-22T12:00:00+00:00
1.913470,45.794040,2.80,2009-04-22T12:00:00+00:00
1.913480,45.794120,3.00,2009-04-22T12:00:00+00:00
1.913490,45.793730,1.40,2009-04-22T12:00:00+00:00
1.913490,45.794190,3.20,2009-04-22T12:00:00+00:00
1.913490,45.797450,0.60,2009-04-22T12:00:00+00:00
1.913490,45.797520,0.70,2009-04-22T12:00:00+00:00
1.913510,45.793580,0.70,2009-04-22T12:00:00+00:00
1.913470,45.793660,0.80,2009-04-22T12:00:00+00:00
1.913310,45.797240,1.20,2009-04-22T12:00:00+00:00
1.914020,45.795720,1.50,2009-04-22T12:00:00+00:00
1.913160,45.797110,1.50,2009-04-22T12:00:00+00:00
1.913180,45.797640,23.90,2009-04-22T12:00:00+00:00
1.913190,45.795220,1.70,2009-04-22T12:00:00+00:00
1.913240,45.795170,2.80,2009-04-22T12:00:00+00:00
1.913240,45.797180,1.40,2009-04-22T12:00:00+00:00
1.913250,45.797600,0.70,2009-04-22T12:00:00+00:00
1.913440,45.795160,3.60,2009-04-22T12:00:00+00:00
1.913300,45.795320,1.20,2009-04-22T12:00:00+00:00
1.913520,45.793660,1.00,2009-04-22T12:00:00+00:00
1.913320,45.795370,0.60,2009-04-22T12:00:00+00:00
1.913320,45.797560,0.90,2009-04-22T12:00:00+00:00
1.913340,45.795160,3.30,2009-04-22T12:00:00+00:00
1.913380,45.797320,0.90,2009-04-22T12:00:00+00:00
1.913390,45.795420,0.60,2009-04-22T12:00:00+00:00
1.913410,45.797550,1.00,2009-04-22T12:00:00+00:00
1.913430,45.793600,0.50,2009-04-22T12:00:00+00:00
1.913260,45.795270,1.60,2009-04-22T12:00:00+00:00
1.913920,45.795320,2.70,2009-04-22T12:00:00+00:00
1.913810,45.793460,0.50,2009-04-22T12:00:00+00:00
1.913820,45.794990,3.80,2009-04-22T12:00:00+00:00
1.913830,45.795820,0.80,2009-04-22T12:00:00+00:00
1.913860,45.795070,3.70,2009-04-22T12:00:00+00:00
1.913870,45.795100,3.70,2009-04-22T12:00:00+00:00
1.913880,45.795150,3.40,2009-04-22T12:00:00+00:00
1.913890,45.795880,0.70,2009-04-22T12:00:00+00:00
1.913510,45.794270,3.40,2009-04-22T12:00:00+00:00
1.913910,45.793460,0.50,2009-04-22T12:00:00+00:00
1.913760,45.795120,3.80,2009-04-22T12:00:00+00:00
1.913940,45.795930,0.80,2009-04-22T12:00:00+00:00
1.913950,45.795400,2.50,2009-04-22T12:00:00+00:00
1.913970,45.795070,3.60,2009-04-22T12:00:00+00:00
1.913970,45.796000,0.70,2009-04-22T12:00:00+00:00
1.913990,45.793490,0.50,2009-04-22T12:00:00+00:00
1.913990,45.795560,2.00,2009-04-22T12:00:00+00:00
1.914080,45.795050,3.60,2009-04-22T12:00:00+00:00
1.913900,45.795240,3.00,2009-04-22T12:00:00+00:00
1.913630,45.793520,0.50,2009-04-22T12:00:00+00:00
1.913100,45.797680,1.70,2009-04-22T12:00:00+00:00
1.913520,45.795520,0.70,2009-04-22T12:00:00+00:00
1.913530,45.794360,3.60,2009-04-22T12:00:00+00:00
1.913540,45.795150,3.90,2009-04-22T12:00:00+00:00
1.913560,45.793560,0.70,2009-04-22T12:00:00+00:00
1.913560,45.794430,3.70,2009-04-22T12:00:00+00:00
1.913590,45.794510,3.80,2009-04-22T12:00:00+00:00
1.913780,45.795760,0.90,2009-04-22T12:00:00+00:00
1.913620,45.794590,4.20,2009-04-22T12:00:00+00:00
1.913780,45.794910,3.90,2009-04-22T12:00:00+00:00
1.913650,45.794680,3.80,2009-04-22T12:00:00+00:00
1.913650,45.795130,3.90,2009-04-22T12:00:00+00:00
1.913660,45.795640,0.90,2009-04-22T12:00:00+00:00
1.913700,45.794760,3.90,2009-04-22T12:00:00+00:00
1.913720,45.795700,0.90,2009-04-22T12:00:00+00:00
1.913730,45.793490,0.50,2009-04-22T12:00:00+00:00
1.913740,45.794830,3.90,2009-04-22T12:00:00+00:00
1.913520,45.793620,0.80,2009-04-22T12:00:00+00:00
1.913590,45.795590,0.80,2009-04-22T12:00:00+00:00
1.912240,45.796010,1.70,2009-04-22T12:00:00+00:00
1.913150,45.797680,0.70,2009-04-22T12:00:00+00:00
1.912080,45.794630,4.30,2009-04-22T12:00:00+00:00
1.912090,45.795780,3.70,2009-04-22T12:00:00+00:00
1.912100,45.797410,1.40,2009-04-22T12:00:00+00:00
1.912150,45.795850,3.00,2009-04-22T12:00:00+00:00
1.912160,45.795490,3.80,2009-04-22T12:00:00+00:00
1.912180,45.794690,4.50,2009-04-22T12:00:00+00:00
1.912030,45.795700,4.30,2009-04-22T12:00:00+00:00
1.912210,45.797450,1.30,2009-04-22T12:00:00+00:00
1.912000,45.797380,1.60,2009-04-22T12:00:00+00:00
1.912270,45.794740,4.50,2009-04-22T12:00:00+00:00
1.912270,45.795460,2.80,2009-04-22T12:00:00+00:00
1.912300,45.796090,1.60,2009-04-22T12:00:00+00:00
1.912310,45.797470,1.30,2009-04-22T12:00:00+00:00
1.912360,45.794800,4.70,2009-04-22T12:00:00+00:00
1.912360,45.796160,1.50,2009-04-22T12:00:00+00:00
1.912370,45.795420,1.90,2009-04-22T12:00:00+00:00
1.912200,45.795930,2.30,2009-04-22T12:00:00+00:00
1.911860,45.800490,0.80,2009-04-22T12:00:00+00:00
1.911760,45.795310,4.90,2009-04-22T12:00:00+00:00
1.911780,45.800290,1.50,2009-04-22T12:00:00+00:00
1.911780,45.800540,0.80,2009-04-22T12:00:00+00:00
1.911790,45.797290,2.00,2009-04-22T12:00:00+00:00
1.911800,45.795390,4.90,2009-04-22T12:00:00+00:00
1.911830,45.794470,3.50,2009-04-22T12:00:00+00:00
1.911830,45.795590,5.30,2009-04-22T12:00:00+00:00
1.912050,45.795520,4.40,2009-04-22T12:00:00+00:00
1.911850,45.795470,5.00,2009-04-22T12:00:00+00:00
1.912450,45.794840,4.70,2009-04-22T12:00:00+00:00
1.911890,45.800430,0.90,2009-04-22T12:00:00+00:00
1.911900,45.794530,3.70,2009-04-22T12:00:00+00:00
1.911900,45.797330,1.80,2009-04-22T12:00:00+00:00
1.911910,45.795540,5.00,2009-04-22T12:00:00+00:00
1.911940,45.795550,4.80,2009-04-22T12:00:00+00:00
1.911970,45.795620,4.70,2009-04-22T12:00:00+00:00
1.911990,45.794580,4.00,2009-04-22T12:00:00+00:00
1.911840,45.800360,1.30,2009-04-22T12:00:00+00:00
1.913000,45.797640,0.90,2009-04-22T12:00:00+00:00
1.912830,45.797620,0.70,2009-04-22T12:00:00+00:00
1.912840,45.796740,2.40,2009-04-22T12:00:00+00:00
1.912850,45.795160,1.20,2009-04-22T12:00:00+00:00
1.912900,45.796820,2.30,2009-04-22T12:00:00+00:00
1.912900,45.797600,0.60,2009-04-22T12:00:00+00:00
1.912910,45.795100,3.10,2009-04-22T12:00:00+00:00
1.912950,45.797630,0.80,2009-04-22T12:00:00+00:00
1.912410,45.797500,1.10,2009-04-22T12:00:00+00:00
1.912960,45.796890,2.10,2009-04-22T12:00:00+00:00
1.912770,45.797620,1.10,2009-04-22T12:00:00+00:00
1.913010,45.795140,2.00,2009-04-22T12:00:00+00:00
1.913020,45.796970,1.90,2009-04-22T12:00:00+00:00
1.913030,45.797660,0.80,2009-04-22T12:00:00+00:00
1.913060,45.797670,0.70,2009-04-22T12:00:00+00:00
1.913070,45.795180,1.50,2009-04-22T12:00:00+00:00
1.913090,45.797040,1.70,2009-04-22T12:00:00+00:00
1.913100,45.795180,1.70,2009-04-22T12:00:00+00:00
1.912960,45.795170,0.80,2009-04-22T12:00:00+00:00
1.912620,45.796460,2.20,2009-04-22T12:00:00+00:00
1.914030,45.793560,0.80,2009-04-22T12:00:00+00:00
1.912460,45.795390,1.10,2009-04-22T12:00:00+00:00
1.912500,45.796300,1.80,2009-04-22T12:00:00+00:00
1.912510,45.797540,1.00,2009-04-22T12:00:00+00:00
1.912540,45.794900,4.50,2009-04-22T12:00:00+00:00
1.912540,45.795340,1.20,2009-04-22T12:00:00+00:00
1.912560,45.796380,2.10,2009-04-22T12:00:00+00:00
1.912820,45.795050,4.20,2009-04-22T12:00:00+00:00
1.912600,45.797570,1.10,2009-04-22T12:00:00+00:00
1.912800,45.796690,2.50,2009-04-22T12:00:00+00:00
1.912640,45.794940,4.50,2009-04-22T12:00:00+00:00
1.912660,45.795220,1.40,2009-04-22T12:00:00+00:00
1.912670,45.796540,2.40,2009-04-22T12:00:00+00:00
1.912680,45.797600,0.80,2009-04-22T12:00:00+00:00
1.912740,45.795000,4.80,2009-04-22T12:00:00+00:00
1.912740,45.796610,2.50,2009-04-22T12:00:00+00:00
1.912750,45.795180,1.30,2009-04-22T12:00:00+00:00
1.912430,45.796230,1.70,2009-04-22T12:00:00+00:00
1.912590,45.795280,1.20,2009-04-22T12:00:00+00:00
1.917450,45.793710,1.60,2009-04-22T12:00:00+00:00
1.916510,45.793750,0.80,2009-04-22T12:00:00+00:00
1.917090,45.793710,1.30,2009-04-22T12:00:00+00:00
1.917150,45.793930,1.90,2009-04-22T12:00:00+00:00
1.917200,45.793730,1.40,2009-04-22T12:00:00+00:00
1.917250,45.793900,2.00,2009-04-22T12:00:00+00:00
1.917310,45.793740,1.60,2009-04-22T12:00:00+00:00
1.917330,45.793850,2.10,2009-04-22T12:00:00+00:00
1.916980,45.793700,1.20,2009-04-22T12:00:00+00:00
1.917420,45.793750,2.00,2009-04-22T12:00:00+00:00
1.916960,45.794010,2.50,2009-04-22T12:00:00+00:00
1.917460,45.793050,0.70,2009-04-22T12:00:00+00:00
1.917480,45.793100,1.10,2009-04-22T12:00:00+00:00
1.917500,45.793640,1.50,2009-04-22T12:00:00+00:00
1.917510,45.793020,1.50,2009-04-22T12:00:00+00:00
1.917520,45.793760,1.60,2009-04-22T12:00:00+00:00
1.917530,45.792950,1.00,2009-04-22T12:00:00+00:00
1.917540,45.792920,1.10,2009-04-22T12:00:00+00:00
1.917400,45.793780,2.10,2009-04-22T12:00:00+00:00
1.916580,45.794120,2.10,2009-04-22T12:00:00+00:00
1.914010,45.795640,1.70,2009-04-22T12:00:00+00:00
1.916510,45.794880,2.20,2009-04-22T12:00:00+00:00
1.916520,45.794390,2.30,2009-04-22T12:00:00+00:00
1.916520,45.794800,2.40,2009-04-22T12:00:00+00:00
1.916540,45.794470,2.30,2009-04-22T12:00:00+00:00
1.916540,45.794710,2.40,2009-04-22T12:00:00+00:00
1.916550,45.794550,2.40,2009-04-22T12:00:00+00:00
1.917060,45.793960,2.00,2009-04-22T12:00:00+00:00
1.916570,45.793710,0.90,2009-04-22T12:00:00+00:00
1.917580,45.792900,1.40,2009-04-22T12:00:00+00:00
1.916640,45.793670,0.90,2009-04-22T12:00:00+00:00
1.916690,45.794100,2.20,2009-04-22T12:00:00+00:00
1.916720,45.793640,0.90,2009-04-22T12:00:00+00:00
1.916780,45.794090,2.60,2009-04-22T12:00:00+00:00
1.916800,45.793650,1.00,2009-04-22T12:00:00+00:00
1.916880,45.794050,2.50,2009-04-22T12:00:00+00:00
1.916890,45.793680,1.10,2009-04-22T12:00:00+00:00
1.916560,45.794630,2.40,2009-04-22T12:00:00+00:00
1.918020,45.793000,0.70,2009-04-22T12:00:00+00:00
1.917900,45.793820,0.70,2009-04-22T12:00:00+00:00
1.917940,45.793120,0.80,2009-04-22T12:00:00+00:00
1.917950,45.792910,0.80,2009-04-22T12:00:00+00:00
1.917950,45.793410,0.80,2009-04-22T12:00:00+00:00
1.917950,45.793790,0.60,2009-04-22T12:00:00+00:00
1.917990,45.793070,0.70,2009-04-22T12:00:00+00:00
1.918000,45.792950,0.70,2009-04-22T12:00:00+00:00
1.917550,45.793140,1.40,2009-04-22T12:00:00+00:00
1.918010,45.793040,0.70,2009-04-22T12:00:00+00:00
1.917870,45.792880,1.00,2009-04-22T12:00:00+00:00
1.918020,45.793460,0.70,2009-04-22T12:00:00+00:00
1.918020,45.793730,0.60,2009-04-22T12:00:00+00:00
1.918060,45.793660,0.50,2009-04-22T12:00:00+00:00
1.918100,45.793490,0.60,2009-04-22T12:00:00+00:00
1.918100,45.793610,0.50,2009-04-22T12:00:00+00:00
1.918120,45.793540,0.50,2009-04-22T12:00:00+00:00
1.902700,45.811320,1.20,2009-04-22T12:00:00+00:00
1.918010,45.792970,0.70,2009-04-22T12:00:00+00:00
1.917750,45.792900,1.10,2009-04-22T12:00:00+00:00
1.916500,45.794960,2.00,2009-04-22T12:00:00+00:00
1.917590,45.793520,1.40,2009-04-22T12:00:00+00:00
1.917630,45.793170,1.30,2009-04-22T12:00:00+00:00
1.917630,45.793760,1.40,2009-04-22T12:00:00+00:00
1.917650,45.793460,1.20,2009-04-22T12:00:00+00:00
1.917680,45.793220,1.30,2009-04-22T12:00:00+00:00
1.917690,45.793410,1.20,2009-04-22T12:00:00+00:00
1.917900,45.793360,0.90,2009-04-22T12:00:00+00:00
1.917730,45.793780,1.20,2009-04-22T12:00:00+00:00
1.917900,45.793160,0.80,2009-04-22T12:00:00+00:00
1.917750,45.793340,1.10,2009-04-22T12:00:00+00:00
1.917760,45.793260,1.10,2009-04-22T12:00:00+00:00
1.917800,45.793290,1.10,2009-04-22T12:00:00+00:00
1.917810,45.792900,1.30,2009-04-22T12:00:00+00:00
1.917820,45.793800,0.90,2009-04-22T12:00:00+00:00
1.917840,45.793220,1.00,2009-04-22T12:00:00+00:00
1.917840,45.793300,1.00,2009-04-22T12:00:00+00:00
1.917550,45.793580,1.40,2009-04-22T12:00:00+00:00
1.917700,45.792890,0.90,2009-04-22T12:00:00+00:00
1.915010,45.794780,3.00,2009-04-22T12:00:00+00:00
1.916510,45.794300,2.20,2009-04-22T12:00:00+00:00
1.914700,45.794840,2.90,2009-04-22T12:00:00+00:00
1.914760,45.794490,3.10,2009-04-22T12:00:00+00:00
1.914800,45.794800,3.00,2009-04-22T12:00:00+00:00
1.914820,45.794560,3.20,2009-04-22T12:00:00+00:00
1.914880,45.794640,3.10,2009-04-22T12:00:00+00:00
1.914900,45.794760,3.10,2009-04-22T12:00:00+00:00
1.914630,45.794340,3.10,2009-04-22T12:00:00+00:00
1.915000,45.794720,3.10,2009-04-22T12:00:00+00:00
1.914600,45.794880,2.80,2009-04-22T12:00:00+00:00
1.915080,45.794850,2.90,2009-04-22T12:00:00+00:00
1.915100,45.794680,3.00,2009-04-22T12:00:00+00:00
1.915150,45.794920,2.80,2009-04-22T12:00:00+00:00
1.915200,45.794640,3.10,2009-04-22T12:00:00+00:00
1.915220,45.794990,2.70,2009-04-22T12:00:00+00:00
1.915300,45.794600,3.00,2009-04-22T12:00:00+00:00
1.915300,45.795060,2.50,2009-04-22T12:00:00+00:00
1.914930,45.794710,3.20,2009-04-22T12:00:00+00:00
1.914300,45.794990,3.20,2009-04-22T12:00:00+00:00
1.914040,45.795800,1.20,2009-04-22T12:00:00+00:00
1.914050,45.795880,1.00,2009-04-22T12:00:00+00:00
1.914050,45.796000,0.90,2009-04-22T12:00:00+00:00
1.914060,45.793630,1.20,2009-04-22T12:00:00+00:00
1.914080,45.795940,0.90,2009-04-22T12:00:00+00:00
1.914140,45.793770,1.80,2009-04-22T12:00:00+00:00
1.914190,45.795020,3.30,2009-04-22T12:00:00+00:00
1.914690,45.794420,3.20,2009-04-22T12:00:00+00:00
1.914280,45.793910,2.30,2009-04-22T12:00:00+00:00
1.915440,45.795200,2.00,2009-04-22T12:00:00+00:00
1.914340,45.793970,2.50,2009-04-22T12:00:00+00:00
1.914400,45.794050,2.60,2009-04-22T12:00:00+00:00
1.914400,45.794960,3.10,2009-04-22T12:00:00+00:00
1.914460,45.794120,2.80,2009-04-22T12:00:00+00:00
1.914500,45.794920,3.00,2009-04-22T12:00:00+00:00
1.914510,45.794200,2.90,2009-04-22T12:00:00+00:00
1.914570,45.794270,3.00,2009-04-22T12:00:00+00:00
1.914210,45.793840,2.00,2009-04-22T12:00:00+00:00
1.916440,45.794060,1.80,2009-04-22T12:00:00+00:00
1.916270,45.794200,2.00,2009-04-22T12:00:00+00:00
1.916270,45.795450,0.60,2009-04-22T12:00:00+00:00
1.916350,45.795400,0.50,2009-04-22T12:00:00+00:00
1.916370,45.794160,1.90,2009-04-22T12:00:00+00:00
1.916380,45.793850,0.60,2009-04-22T12:00:00+00:00
1.916400,45.793920,1.20,2009-04-22T12:00:00+00:00
1.916410,45.795340,0.50,2009-04-22T12:00:00+00:00
1.915370,45.795130,2.30,2009-04-22T12:00:00+00:00
1.916420,45.793980,1.50,2009-04-22T12:00:00+00:00
1.916150,45.795520,0.70,2009-04-22T12:00:00+00:00
1.916440,45.795270,0.80,2009-04-22T12:00:00+00:00
1.916460,45.795180,1.20,2009-04-22T12:00:00+00:00
1.916470,45.794130,1.80,2009-04-22T12:00:00+00:00
1.916470,45.794140,1.90,2009-04-22T12:00:00+00:00
1.916480,45.795100,1.50,2009-04-22T12:00:00+00:00
1.916490,45.795040,1.90,2009-04-22T12:00:00+00:00
1.916500,45.794220,2.50,2009-04-22T12:00:00+00:00
1.916420,45.793780,0.50,2009-04-22T12:00:00+00:00
1.915810,45.794420,2.70,2009-04-22T12:00:00+00:00
1.911710,45.800230,1.70,2009-04-22T12:00:00+00:00
1.915500,45.794530,2.90,2009-04-22T12:00:00+00:00
1.915500,45.795270,1.90,2009-04-22T12:00:00+00:00
1.915570,45.795340,1.70,2009-04-22T12:00:00+00:00
1.915610,45.794500,3.20,2009-04-22T12:00:00+00:00
1.915640,45.795400,1.50,2009-04-22T12:00:00+00:00
1.915710,45.794460,2.90,2009-04-22T12:00:00+00:00
1.916200,45.795490,0.50,2009-04-22T12:00:00+00:00
1.915770,45.795540,1.10,2009-04-22T12:00:00+00:00
1.916180,45.794240,2.20,2009-04-22T12:00:00+00:00
1.915840,45.795590,0.80,2009-04-22T12:00:00+00:00
1.915900,45.794380,2.60,2009-04-22T12:00:00+00:00
1.915930,45.795620,0.80,2009-04-22T12:00:00+00:00
1.916000,45.794330,2.40,2009-04-22T12:00:00+00:00
1.916010,45.795600,0.90,2009-04-22T12:00:00+00:00
1.916080,45.794280,2.30,2009-04-22T12:00:00+00:00
1.916080,45.795560,0.80,2009-04-22T12:00:00+00:00
1.915400,45.794560,3.00,2009-04-22T12:00:00+00:00
1.915710,45.795470,1.30,2009-04-22T12:00:00+00:00
1.908210,45.798850,6.00,2009-04-22T12:00:00+00:00
1.908060,45.803450,1.40,2009-04-22T12:00:00+00:00
1.908140,45.802280,4.60,2009-04-22T12:00:00+00:00
1.908140,45.803360,0.90,2009-04-22T12:00:00+00:00
1.908140,45.803370,0.90,2009-04-22T12:00:00+00:00
1.908160,45.795790,3.40,2009-04-22T12:00:00+00:00
1.908160,45.803350,0.80,2009-04-22T12:00:00+00:00
1.908180,45.797670,8.10,2009-04-22T12:00:00+00:00
1.908130,45.803380,1.00,2009-04-22T12:00:00+00:00
1.908190,45.803350,0.70,2009-04-22T12:00:00+00:00
1.908120,45.803390,1.10,2009-04-22T12:00:00+00:00
1.908210,45.802440,3.30,2009-04-22T12:00:00+00:00
1.908210,45.803340,0.60,2009-04-22T12:00:00+00:00
1.908220,45.797650,8.20,2009-04-22T12:00:00+00:00
1.908220,45.803290,0.70,2009-04-22T12:00:00+00:00
1.908220,45.803310,0.50,2009-04-22T12:00:00+00:00
1.908220,45.803330,1.10,2009-04-22T12:00:00+00:00
1.908230,45.803280,0.70,2009-04-22T12:00:00+00:00
1.908180,45.802360,3.80,2009-04-22T12:00:00+00:00
1.908080,45.803550,1.70,2009-04-22T12:00:00+00:00
1.911760,45.794410,3.10,2009-04-22T12:00:00+00:00
1.908060,45.803550,1.80,2009-04-22T12:00:00+00:00
1.908060,45.803690,1.70,2009-04-22T12:00:00+00:00
1.908060,45.803700,1.70,2009-04-22T12:00:00+00:00
1.908060,45.803720,1.80,2009-04-22T12:00:00+00:00
1.908070,45.797510,7.90,2009-04-22T12:00:00+00:00
1.908070,45.803430,1.30,2009-04-22T12:00:00+00:00
1.908140,45.797580,7.90,2009-04-22T12:00:00+00:00
1.908080,45.803420,1.30,2009-04-22T12:00:00+00:00
1.908250,45.802910,2.10,2009-04-22T12:00:00+00:00
1.908090,45.797730,8.10,2009-04-22T12:00:00+00:00
1.908090,45.803500,1.40,2009-04-22T12:00:00+00:00
1.908090,45.803530,1.50,2009-04-22T12:00:00+00:00
1.908100,45.802210,4.80,2009-04-22T12:00:00+00:00
1.908100,45.803400,1.20,2009-04-22T12:00:00+00:00
1.908100,45.803520,1.40,2009-04-22T12:00:00+00:00
1.908110,45.798790,6.00,2009-04-22T12:00:00+00:00
1.908070,45.803480,1.40,2009-04-22T12:00:00+00:00
1.908400,45.803190,0.80,2009-04-22T12:00:00+00:00
1.908360,45.797550,7.80,2009-04-22T12:00:00+00:00
1.908360,45.803140,1.20,2009-04-22T12:00:00+00:00
1.908360,45.803230,0.70,2009-04-22T12:00:00+00:00
1.908370,45.803160,1.10,2009-04-22T12:00:00+00:00
1.908380,45.803220,0.70,2009-04-22T12:00:00+00:00
1.908390,45.795870,4.00,2009-04-22T12:00:00+00:00
1.908390,45.797770,8.10,2009-04-22T12:00:00+00:00
1.908240,45.802520,3.00,2009-04-22T12:00:00+00:00
1.908390,45.803220,0.70,2009-04-22T12:00:00+00:00
1.908340,45.803240,0.70,2009-04-22T12:00:00+00:00
1.908400,45.803200,0.70,2009-04-22T12:00:00+00:00
1.908450,45.797490,7.80,2009-04-22T12:00:00+00:00
1.908470,45.797840,7.80,2009-04-22T12:00:00+00:00
1.908500,45.795900,4.60,2009-04-22T12:00:00+00:00
1.908500,45.799020,4.50,2009-04-22T12:00:00+00:00
1.908540,45.797430,7.80,2009-04-22T12:00:00+00:00
1.908550,45.797900,7.70,2009-04-22T12:00:00+00:00
1.908390,45.803180,0.90,2009-04-22T12:00:00+00:00
1.908300,45.798900,5.90,2009-04-22T12:00:00+00:00
1.908060,45.802130,5.20,2009-04-22T12:00:00+00:00
1.908260,45.802600,3.00,2009-04-22T12:00:00+00:00
1.908260,45.803260,0.70,2009-04-22T12:00:00+00:00
1.908270,45.797610,8.10,2009-04-22T12:00:00+00:00
1.908270,45.802680,2.80,2009-04-22T12:00:00+00:00
1.908270,45.802760,2.70,2009-04-22T12:00:00+00:00
1.908270,45.802830,2.50,2009-04-22T12:00:00+00:00
1.908350,45.803120,1.30,2009-04-22T12:00:00+00:00
1.908280,45.803260,0.70,2009-04-22T12:00:00+00:00
1.908350,45.803100,1.40,2009-04-22T12:00:00+00:00
1.908300,45.802960,1.80,2009-04-22T12:00:00+00:00
1.908310,45.797710,8.00,2009-04-22T12:00:00+00:00
1.908310,45.803260,0.70,2009-04-22T12:00:00+00:00
1.908320,45.803010,1.80,2009-04-22T12:00:00+00:00
1.908330,45.803040,1.60,2009-04-22T12:00:00+00:00
1.908330,45.803250,0.80,2009-04-22T12:00:00+00:00
1.908340,45.803070,1.50,2009-04-22T12:00:00+00:00
1.908250,45.802880,2.30,2009-04-22T12:00:00+00:00
1.908280,45.795830,3.50,2009-04-22T12:00:00+00:00
1.907610,45.801450,4.60,2009-04-22T12:00:00+00:00
1.908060,45.803460,1.50,2009-04-22T12:00:00+00:00
1.907490,45.801300,4.10,2009-04-22T12:00:00+00:00
1.907490,45.803870,3.40,2009-04-22T12:00:00+00:00
1.907530,45.796960,7.40,2009-04-22T12:00:00+00:00
1.907530,45.798440,8.70,2009-04-22T12:00:00+00:00
1.907540,45.798080,8.50,2009-04-22T12:00:00+00:00
1.907550,45.801380,4.20,2009-04-22T12:00:00+00:00
1.907460,45.796900,7.30,2009-04-22T12:00:00+00:00
1.907600,45.797020,7.60,2009-04-22T12:00:00+00:00
1.907450,45.795460,3.30,2009-04-22T12:00:00+00:00
1.907620,45.798010,8.40,2009-04-22T12:00:00+00:00
1.907620,45.803830,2.80,2009-04-22T12:00:00+00:00
1.907630,45.798500,8.60,2009-04-22T12:00:00+00:00
1.907650,45.795570,3.40,2009-04-22T12:00:00+00:00
1.907680,45.797100,7.70,2009-04-22T12:00:00+00:00
1.907680,45.801520,5.60,2009-04-22T12:00:00+00:00
1.907700,45.803810,2.80,2009-04-22T12:00:00+00:00
1.907560,45.803850,3.10,2009-04-22T12:00:00+00:00
1.907330,45.803910,3.40,2009-04-22T12:00:00+00:00
1.907210,45.798330,8.40,2009-04-22T12:00:00+00:00
1.907220,45.801030,6.00,2009-04-22T12:00:00+00:00
1.907240,45.803940,3.60,2009-04-22T12:00:00+00:00
1.907250,45.796710,6.70,2009-04-22T12:00:00+00:00
1.907260,45.795350,2.80,2009-04-22T12:00:00+00:00
1.907280,45.801100,5.40,2009-04-22T12:00:00+00:00
1.907290,45.798270,8.50,2009-04-22T12:00:00+00:00
1.907460,45.798140,8.50,2009-04-22T12:00:00+00:00
1.907320,45.798340,8.60,2009-04-22T12:00:00+00:00
1.907740,45.795620,3.40,2009-04-22T12:00:00+00:00
1.907350,45.795400,2.90,2009-04-22T12:00:00+00:00
1.907350,45.801170,5.20,2009-04-22T12:00:00+00:00
1.907380,45.798210,8.60,2009-04-22T12:00:00+00:00
1.907390,45.796840,7.20,2009-04-22T12:00:00+00:00
1.907410,45.803890,3.50,2009-04-22T12:00:00+00:00
1.907420,45.801240,4.60,2009-04-22T12:00:00+00:00
1.907440,45.798380,8.60,2009-04-22T12:00:00+00:00
1.907320,45.796770,7.00,2009-04-22T12:00:00+00:00
1.908020,45.798730,6.40,2009-04-22T12:00:00+00:00
1.907980,45.801970,5.40,2009-04-22T12:00:00+00:00
1.907980,45.803640,2.10,2009-04-22T12:00:00+00:00
1.907980,45.803660,2.10,2009-04-22T12:00:00+00:00
1.907990,45.797780,8.10,2009-04-22T12:00:00+00:00
1.907990,45.803620,2.20,2009-04-22T12:00:00+00:00
1.908000,45.803600,2.20,2009-04-22T12:00:00+00:00
1.908000,45.803760,1.90,2009-04-22T12:00:00+00:00
1.907710,45.797950,8.50,2009-04-22T12:00:00+00:00
1.908010,45.803670,2.00,2009-04-22T12:00:00+00:00
1.907950,45.795720,3.10,2009-04-22T12:00:00+00:00
1.908020,45.802040,5.20,2009-04-22T12:00:00+00:00
1.908020,45.803580,2.20,2009-04-22T12:00:00+00:00
1.908030,45.803750,1.90,2009-04-22T12:00:00+00:00
1.908040,45.803570,2.00,2009-04-22T12:00:00+00:00
1.908040,45.803680,1.80,2009-04-22T12:00:00+00:00
1.908040,45.803740,1.80,2009-04-22T12:00:00+00:00
1.908060,45.795760,3.40,2009-04-22T12:00:00+00:00
1.908010,45.797430,8.00,2009-04-22T12:00:00+00:00
1.907840,45.801740,5.80,2009-04-22T12:00:00+00:00
1.908620,45.797960,7.70,2009-04-22T12:00:00+00:00
1.907740,45.797160,7.80,2009-04-22T12:00:00+00:00
1.907740,45.801590,6.10,2009-04-22T12:00:00+00:00
1.907790,45.801660,6.00,2009-04-22T12:00:00+00:00
1.907790,45.803780,2.60,2009-04-22T12:00:00+00:00
1.907800,45.797890,8.30,2009-04-22T12:00:00+00:00
1.907810,45.797230,7.80,2009-04-22T12:00:00+00:00
1.907950,45.803770,2.00,2009-04-22T12:00:00+00:00
1.907840,45.795670,3.30,2009-04-22T12:00:00+00:00
1.907950,45.797360,7.90,2009-04-22T12:00:00+00:00
1.907860,45.803770,2.40,2009-04-22T12:00:00+00:00
1.907880,45.797300,8.00,2009-04-22T12:00:00+00:00
1.907890,45.797840,8.50,2009-04-22T12:00:00+00:00
1.907890,45.801810,5.70,2009-04-22T12:00:00+00:00
1.907900,45.803770,2.20,2009-04-22T12:00:00+00:00
1.907930,45.798660,7.50,2009-04-22T12:00:00+00:00
1.907940,45.801890,5.60,2009-04-22T12:00:00+00:00
1.907730,45.798550,8.80,2009-04-22T12:00:00+00:00
1.907830,45.798610,8.40,2009-04-22T12:00:00+00:00
1.911060,45.794420,0.60,2009-04-22T12:00:00+00:00
1.908580,45.799080,4.00,2009-04-22T12:00:00+00:00
1.910890,45.795960,5.80,2009-04-22T12:00:00+00:00
1.910940,45.796950,4.50,2009-04-22T12:00:00+00:00
1.910950,45.799660,4.50,2009-04-22T12:00:00+00:00
1.910960,45.800460,3.20,2009-04-22T12:00:00+00:00
1.910990,45.795910,5.80,2009-04-22T12:00:00+00:00
1.911040,45.794480,0.90,2009-04-22T12:00:00+00:00
1.910860,45.799600,4.50,2009-04-22T12:00:00+00:00
1.911040,45.799720,4.30,2009-04-22T12:00:00+00:00
1.910840,45.796900,4.90,2009-04-22T12:00:00+00:00
1.911060,45.800510,2.90,2009-04-22T12:00:00+00:00
1.911070,45.794540,1.80,2009-04-22T12:00:00+00:00
1.911090,45.795860,5.60,2009-04-22T12:00:00+00:00
1.911130,45.799780,4.10,2009-04-22T12:00:00+00:00
1.911140,45.794610,2.60,2009-04-22T12:00:00+00:00
1.911140,45.797040,3.90,2009-04-22T12:00:00+00:00
1.911150,45.794420,1.00,2009-04-22T12:00:00+00:00
1.911040,45.797000,4.10,2009-04-22T12:00:00+00:00
1.910640,45.796790,5.80,2009-04-22T12:00:00+00:00
1.910420,45.799290,2.40,2009-04-22T12:00:00+00:00
1.910440,45.796690,6.30,2009-04-22T12:00:00+00:00
1.910460,45.800210,5.20,2009-04-22T12:00:00+00:00
1.910500,45.799360,2.40,2009-04-22T12:00:00+00:00
1.910520,45.796160,6.00,2009-04-22T12:00:00+00:00
1.910540,45.796740,6.20,2009-04-22T12:00:00+00:00
1.910560,45.800270,5.00,2009-04-22T12:00:00+00:00
1.910860,45.800400,3.40,2009-04-22T12:00:00+00:00
1.910620,45.796120,5.90,2009-04-22T12:00:00+00:00
1.911200,45.795810,5.50,2009-04-22T12:00:00+00:00
1.910660,45.800310,4.20,2009-04-22T12:00:00+00:00
1.910670,45.799490,3.50,2009-04-22T12:00:00+00:00
1.910710,45.796070,5.90,2009-04-22T12:00:00+00:00
1.910740,45.796840,5.40,2009-04-22T12:00:00+00:00
1.910760,45.799540,4.40,2009-04-22T12:00:00+00:00
1.910760,45.800360,3.80,2009-04-22T12:00:00+00:00
1.910800,45.796010,5.80,2009-04-22T12:00:00+00:00
1.910580,45.799420,2.60,2009-04-22T12:00:00+00:00
1.911620,45.800170,2.20,2009-04-22T12:00:00+00:00
1.911480,45.797160,2.70,2009-04-22T12:00:00+00:00
1.911520,45.794340,0.80,2009-04-22T12:00:00+00:00
1.911520,45.795020,4.30,2009-04-22T12:00:00+00:00
1.911530,45.795690,5.30,2009-04-22T12:00:00+00:00
1.911540,45.800100,2.80,2009-04-22T12:00:00+00:00
1.911570,45.800550,1.40,2009-04-22T12:00:00+00:00
1.911580,45.795090,4.60,2009-04-22T12:00:00+00:00
1.911150,45.800560,2.40,2009-04-22T12:00:00+00:00
1.911620,45.794340,1.70,2009-04-22T12:00:00+00:00
1.911450,45.794950,4.30,2009-04-22T12:00:00+00:00
1.911630,45.795160,4.80,2009-04-22T12:00:00+00:00
1.911640,45.795650,5.30,2009-04-22T12:00:00+00:00
1.911680,45.795240,4.90,2009-04-22T12:00:00+00:00
1.911680,45.797250,2.20,2009-04-22T12:00:00+00:00
1.911680,45.800550,1.10,2009-04-22T12:00:00+00:00
1.911700,45.794360,2.50,2009-04-22T12:00:00+00:00
1.907210,45.798300,8.50,2009-04-22T12:00:00+00:00
1.911580,45.797210,2.50,2009-04-22T12:00:00+00:00
1.911320,45.794810,3.70,2009-04-22T12:00:00+00:00
1.910340,45.799230,2.60,2009-04-22T12:00:00+00:00
1.911210,45.799850,3.80,2009-04-22T12:00:00+00:00
1.911240,45.794440,1.20,2009-04-22T12:00:00+00:00
1.911250,45.797080,3.60,2009-04-22T12:00:00+00:00
1.911250,45.800600,1.90,2009-04-22T12:00:00+00:00
1.911260,45.794740,3.50,2009-04-22T12:00:00+00:00
1.911290,45.799910,3.70,2009-04-22T12:00:00+00:00
1.911470,45.800580,1.50,2009-04-22T12:00:00+00:00
1.911310,45.795760,5.30,2009-04-22T12:00:00+00:00
1.911450,45.800040,3.00,2009-04-22T12:00:00+00:00
1.911360,45.797130,3.20,2009-04-22T12:00:00+00:00
1.911360,45.800600,1.60,2009-04-22T12:00:00+00:00
1.911370,45.794400,1.40,2009-04-22T12:00:00+00:00
1.911370,45.799970,3.40,2009-04-22T12:00:00+00:00
1.911380,45.794880,4.00,2009-04-22T12:00:00+00:00
1.911410,45.795720,5.20,2009-04-22T12:00:00+00:00
1.911430,45.794360,1.10,2009-04-22T12:00:00+00:00
1.911200,45.794680,3.10,2009-04-22T12:00:00+00:00
1.911310,45.794430,1.50,2009-04-22T12:00:00+00:00
1.909270,45.796160,6.00,2009-04-22T12:00:00+00:00
1.909070,45.798330,2.10,2009-04-22T12:00:00+00:00
1.909090,45.797080,7.10,2009-04-22T12:00:00+00:00
1.909130,45.799440,6.50,2009-04-22T12:00:00+00:00
1.909150,45.798390,1.80,2009-04-22T12:00:00+00:00
1.909160,45.796120,5.90,2009-04-22T12:00:00+00:00
1.909170,45.797020,7.20,2009-04-22T12:00:00+00:00
1.909220,45.799510,6.90,2009-04-22T12:00:00+00:00
1.909480,45.796250,6.30,2009-04-22T12:00:00+00:00
1.909260,45.796960,7.10,2009-04-22T12:00:00+00:00
1.909000,45.797140,7.20,2009-04-22T12:00:00+00:00
1.909310,45.798510,1.20,2009-04-22T12:00:00+00:00
1.909310,45.799570,7.10,2009-04-22T12:00:00+00:00
1.909340,45.796900,6.70,2009-04-22T12:00:00+00:00
1.909380,45.796200,6.10,2009-04-22T12:00:00+00:00
1.909390,45.798570,1.20,2009-04-22T12:00:00+00:00
1.909400,45.799630,7.10,2009-04-22T12:00:00+00:00
1.910420,45.796220,6.00,2009-04-22T12:00:00+00:00
1.909230,45.798450,1.50,2009-04-22T12:00:00+00:00
1.908830,45.798140,4.30,2009-04-22T12:00:00+00:00
1.911720,45.795620,4.90,2009-04-22T12:00:00+00:00
1.908630,45.797380,7.70,2009-04-22T12:00:00+00:00
1.908680,45.799140,4.00,2009-04-22T12:00:00+00:00
1.908690,45.798030,7.10,2009-04-22T12:00:00+00:00
1.908720,45.795980,5.50,2009-04-22T12:00:00+00:00
1.908730,45.797320,7.70,2009-04-22T12:00:00+00:00
1.908760,45.798080,5.80,2009-04-22T12:00:00+00:00
1.909050,45.796080,5.70,2009-04-22T12:00:00+00:00
1.908820,45.797260,7.70,2009-04-22T12:00:00+00:00
1.909040,45.799390,6.00,2009-04-22T12:00:00+00:00
1.908840,45.796010,5.50,2009-04-22T12:00:00+00:00
1.908860,45.799260,4.70,2009-04-22T12:00:00+00:00
1.908910,45.797200,7.20,2009-04-22T12:00:00+00:00
1.908910,45.798210,3.20,2009-04-22T12:00:00+00:00
1.908940,45.796040,5.50,2009-04-22T12:00:00+00:00
1.908950,45.799320,5.40,2009-04-22T12:00:00+00:00
1.908990,45.798270,2.70,2009-04-22T12:00:00+00:00
1.909480,45.798630,1.50,2009-04-22T12:00:00+00:00
1.908770,45.799200,4.30,2009-04-22T12:00:00+00:00
1.910160,45.800070,5.80,2009-04-22T12:00:00+00:00
1.909970,45.799970,6.10,2009-04-22T12:00:00+00:00
1.909980,45.798990,3.20,2009-04-22T12:00:00+00:00
1.910030,45.796470,6.20,2009-04-22T12:00:00+00:00
1.910050,45.796430,6.10,2009-04-22T12:00:00+00:00
1.910070,45.800020,6.00,2009-04-22T12:00:00+00:00
1.910080,45.799050,3.10,2009-04-22T12:00:00+00:00
1.910140,45.796370,6.10,2009-04-22T12:00:00+00:00
1.909430,45.796840,6.60,2009-04-22T12:00:00+00:00
1.910160,45.799110,3.00,2009-04-22T12:00:00+00:00
1.909900,45.798940,3.00,2009-04-22T12:00:00+00:00
1.910230,45.796320,6.10,2009-04-22T12:00:00+00:00
1.910240,45.796580,6.60,2009-04-22T12:00:00+00:00
1.910250,45.799170,2.80,2009-04-22T12:00:00+00:00
1.910260,45.800120,5.80,2009-04-22T12:00:00+00:00
1.910330,45.796270,6.10,2009-04-22T12:00:00+00:00
1.910340,45.796630,6.40,2009-04-22T12:00:00+00:00
1.908610,45.795940,5.10,2009-04-22T12:00:00+00:00
1.910140,45.796520,6.60,2009-04-22T12:00:00+00:00
1.909710,45.796340,6.40,2009-04-22T12:00:00+00:00
1.909500,45.799680,7.10,2009-04-22T12:00:00+00:00
1.909520,45.796780,6.50,2009-04-22T12:00:00+00:00
1.909560,45.798680,1.70,2009-04-22T12:00:00+00:00
1.909590,45.796300,6.20,2009-04-22T12:00:00+00:00
1.909590,45.799740,6.90,2009-04-22T12:00:00+00:00
1.909600,45.796720,6.50,2009-04-22T12:00:00+00:00
1.909640,45.798750,2.10,2009-04-22T12:00:00+00:00
1.909960,45.796480,6.20,2009-04-22T12:00:00+00:00
1.909690,45.796670,6.30,2009-04-22T12:00:00+00:00
1.909920,45.796420,6.20,2009-04-22T12:00:00+00:00
1.909730,45.798810,2.50,2009-04-22T12:00:00+00:00
1.909770,45.799860,6.60,2009-04-22T12:00:00+00:00
1.909780,45.796600,6.30,2009-04-22T12:00:00+00:00
1.909820,45.796380,6.30,2009-04-22T12:00:00+00:00
1.909820,45.798870,2.70,2009-04-22T12:00:00+00:00
1.909870,45.796550,6.40,2009-04-22T12:00:00+00:00
1.909870,45.799920,6.40,2009-04-22T12:00:00+00:00
1.910360,45.800160,5.60,2009-04-22T12:00:00+00:00
1.909680,45.799800,6.60,2009-04-22T12:00:00+00:00
1.852300,45.795620,16.50,2009-04-22T12:00:00+00:00
1.852200,45.786930,10.50,2009-04-22T12:00:00+00:00
1.852210,45.784460,15.10,2009-04-22T12:00:00+00:00
1.852210,45.795560,14.50,2009-04-22T12:00:00+00:00
1.852210,45.806290,12.60,2009-04-22T12:00:00+00:00
1.852220,45.799910,25.40,2009-04-22T12:00:00+00:00
1.852220,45.807090,13.90,2009-04-22T12:00:00+00:00
1.852230,45.784530,14.80,2009-04-22T12:00:00+00:00
1.852230,45.784550,14.70,2009-04-22T12:00:00+00:00
1.852230,45.785830,14.60,2009-04-22T12:00:00+00:00
1.852250,45.780700,4.40,2009-04-22T12:00:00+00:00
1.852250,45.784640,14.90,2009-04-22T12:00:00+00:00
1.852260,45.794820,5.70,2009-04-22T12:00:00+00:00
1.852280,45.784720,14.40,2009-04-22T12:00:00+00:00
1.852400,45.785070,15.20,2009-04-22T12:00:00+00:00
1.852340,45.784900,14.60,2009-04-22T12:00:00+00:00
1.854080,45.790810,8.90,2009-04-22T12:00:00+00:00
1.852380,45.807040,18.00,2009-04-22T12:00:00+00:00
1.852370,45.806170,15.60,2009-04-22T12:00:00+00:00
1.852370,45.794820,7.40,2009-04-22T12:00:00+00:00
1.852370,45.784980,15.10,2009-04-22T12:00:00+00:00
1.852290,45.806230,14.30,2009-04-22T12:00:00+00:00
1.852340,45.785780,15.50,2009-04-22T12:00:00+00:00
1.852290,45.807060,15.30,2009-04-22T12:00:00+00:00
1.852340,45.784540,14.90,2009-04-22T12:00:00+00:00
1.852320,45.786940,11.50,2009-04-22T12:00:00+00:00
1.852310,45.803710,22.60,2009-04-22T12:00:00+00:00
1.852310,45.784810,15.20,2009-04-22T12:00:00+00:00
1.852310,45.781760,12.20,2009-04-22T12:00:00+00:00
1.852180,45.784380,15.10,2009-04-22T12:00:00+00:00
1.852350,45.780760,3.70,2009-04-22T12:00:00+00:00
1.852030,45.783960,15.10,2009-04-22T12:00:00+00:00
1.852200,45.781780,12.50,2009-04-22T12:00:00+00:00
1.852060,45.780580,3.80,2009-04-22T12:00:00+00:00
1.852050,45.807140,9.30,2009-04-22T12:00:00+00:00
1.852050,45.784040,15.20,2009-04-22T12:00:00+00:00
1.852040,45.795440,11.40,2009-04-22T12:00:00+00:00
1.852070,45.803790,23.50,2009-04-22T12:00:00+00:00
1.852040,45.785940,14.20,2009-04-22T12:00:00+00:00
1.852070,45.806430,9.40,2009-04-22T12:00:00+00:00
1.852000,45.807150,8.60,2009-04-22T12:00:00+00:00
1.852000,45.806490,8.70,2009-04-22T12:00:00+00:00
1.852000,45.784520,15.10,2009-04-22T12:00:00+00:00
1.852000,45.783870,15.30,2009-04-22T12:00:00+00:00
1.851980,45.799920,25.50,2009-04-22T12:00:00+00:00
1.851980,45.783790,15.00,2009-04-22T12:00:00+00:00
1.852040,45.794830,3.00,2009-04-22T12:00:00+00:00
1.852130,45.795500,12.80,2009-04-22T12:00:00+00:00
1.852420,45.781740,12.10,2009-04-22T12:00:00+00:00
1.852170,45.807110,12.50,2009-04-22T12:00:00+00:00
1.852160,45.780650,4.30,2009-04-22T12:00:00+00:00
1.852150,45.794820,3.90,2009-04-22T12:00:00+00:00
1.852150,45.784290,15.20,2009-04-22T12:00:00+00:00
1.852060,45.786920,8.80,2009-04-22T12:00:00+00:00
1.852130,45.807120,11.30,2009-04-22T12:00:00+00:00
1.852190,45.803750,23.40,2009-04-22T12:00:00+00:00
1.852120,45.784520,15.30,2009-04-22T12:00:00+00:00
1.852110,45.784210,15.30,2009-04-22T12:00:00+00:00
1.852090,45.807120,10.40,2009-04-22T12:00:00+00:00
1.852090,45.799910,26.10,2009-04-22T12:00:00+00:00
1.852080,45.784130,15.20,2009-04-22T12:00:00+00:00
1.852080,45.781800,12.60,2009-04-22T12:00:00+00:00
1.852140,45.785880,14.40,2009-04-22T12:00:00+00:00
1.852600,45.785750,15.80,2009-04-22T12:00:00+00:00
1.852550,45.812010,19.00,2009-04-22T12:00:00+00:00
1.852550,45.812080,20.30,2009-04-22T12:00:00+00:00
1.852550,45.812160,20.60,2009-04-22T12:00:00+00:00
1.852560,45.780860,2.00,2009-04-22T12:00:00+00:00
1.852560,45.785580,15.40,2009-04-22T12:00:00+00:00
1.852560,45.795810,20.80,2009-04-22T12:00:00+00:00
1.852560,45.811420,1.10,2009-04-22T12:00:00+00:00
1.852560,45.812620,25.80,2009-04-22T12:00:00+00:00
1.852570,45.784530,13.70,2009-04-22T12:00:00+00:00
1.852580,45.785660,15.50,2009-04-22T12:00:00+00:00
1.852580,45.786940,12.70,2009-04-22T12:00:00+00:00
1.852580,45.799910,26.70,2009-04-22T12:00:00+00:00
1.852580,45.812700,26.30,2009-04-22T12:00:00+00:00
1.852390,45.795680,18.10,2009-04-22T12:00:00+00:00
1.852640,45.785610,14.80,2009-04-22T12:00:00+00:00
1.852680,45.786010,16.00,2009-04-22T12:00:00+00:00
1.852670,45.784510,13.60,2009-04-22T12:00:00+00:00
1.852670,45.781700,11.80,2009-04-22T12:00:00+00:00
1.852660,45.813120,30.70,2009-04-22T12:00:00+00:00
1.852660,45.785930,16.00,2009-04-22T12:00:00+00:00
1.852580,45.812780,27.50,2009-04-22T12:00:00+00:00
1.852640,45.795880,21.10,2009-04-22T12:00:00+00:00
1.852580,45.812870,29.40,2009-04-22T12:00:00+00:00
1.852630,45.785840,15.90,2009-04-22T12:00:00+00:00
1.852620,45.811390,1.00,2009-04-22T12:00:00+00:00
1.852610,45.805970,19.80,2009-04-22T12:00:00+00:00
1.852600,45.812950,30.20,2009-04-22T12:00:00+00:00
1.852600,45.794810,10.40,2009-04-22T12:00:00+00:00
1.852540,45.812310,22.80,2009-04-22T12:00:00+00:00
1.852660,45.780900,1.70,2009-04-22T12:00:00+00:00
1.852450,45.799920,26.70,2009-04-22T12:00:00+00:00
1.852540,45.812540,25.10,2009-04-22T12:00:00+00:00
1.852470,45.811570,8.80,2009-04-22T12:00:00+00:00
1.852470,45.811440,2.10,2009-04-22T12:00:00+00:00
1.852470,45.795740,19.40,2009-04-22T12:00:00+00:00
1.852460,45.811500,5.60,2009-04-22T12:00:00+00:00
1.852480,45.794810,9.30,2009-04-22T12:00:00+00:00
1.852450,45.806100,17.80,2009-04-22T12:00:00+00:00
1.852490,45.807000,19.40,2009-04-22T12:00:00+00:00
1.852450,45.786940,11.90,2009-04-22T12:00:00+00:00
1.852450,45.785240,15.10,2009-04-22T12:00:00+00:00
1.852450,45.780810,2.90,2009-04-22T12:00:00+00:00
1.852440,45.785730,15.70,2009-04-22T12:00:00+00:00
1.852420,45.803680,22.20,2009-04-22T12:00:00+00:00
1.852420,45.785150,14.90,2009-04-22T12:00:00+00:00
1.852460,45.784540,14.40,2009-04-22T12:00:00+00:00
1.852530,45.812390,23.50,2009-04-22T12:00:00+00:00
1.851960,45.781820,12.40,2009-04-22T12:00:00+00:00
1.852540,45.812240,21.00,2009-04-22T12:00:00+00:00
1.852540,45.811930,17.60,2009-04-22T12:00:00+00:00
1.852540,45.803650,21.70,2009-04-22T12:00:00+00:00
1.852540,45.785660,14.90,2009-04-22T12:00:00+00:00
1.852480,45.785320,15.40,2009-04-22T12:00:00+00:00
1.852540,45.781720,12.00,2009-04-22T12:00:00+00:00
1.852540,45.812470,23.90,2009-04-22T12:00:00+00:00
1.852530,45.811860,16.40,2009-04-22T12:00:00+00:00
1.852530,45.806040,18.90,2009-04-22T12:00:00+00:00
1.852520,45.811790,14.40,2009-04-22T12:00:00+00:00
1.852510,45.785410,14.90,2009-04-22T12:00:00+00:00
1.852500,45.811710,12.60,2009-04-22T12:00:00+00:00
1.852490,45.811640,10.50,2009-04-22T12:00:00+00:00
1.852540,45.785490,15.60,2009-04-22T12:00:00+00:00
1.851620,45.786840,1.00,2009-04-22T12:00:00+00:00
1.851540,45.807030,4.40,2009-04-22T12:00:00+00:00
1.851540,45.807050,4.00,2009-04-22T12:00:00+00:00
1.851550,45.807010,5.10,2009-04-22T12:00:00+00:00
1.851550,45.807060,3.80,2009-04-22T12:00:00+00:00
1.851560,45.782630,13.90,2009-04-22T12:00:00+00:00
1.851570,45.780300,3.40,2009-04-22T12:00:00+00:00
1.851570,45.786720,1.60,2009-04-22T12:00:00+00:00
1.851570,45.806980,5.60,2009-04-22T12:00:00+00:00
1.851580,45.786260,10.50,2009-04-22T12:00:00+00:00
1.851590,45.786800,1.40,2009-04-22T12:00:00+00:00
1.851600,45.782710,13.80,2009-04-22T12:00:00+00:00
1.851600,45.795160,1.20,2009-04-22T12:00:00+00:00
1.851610,45.807070,4.40,2009-04-22T12:00:00+00:00
1.851960,45.807170,7.10,2009-04-22T12:00:00+00:00
1.851630,45.803960,23.10,2009-04-22T12:00:00+00:00
1.851680,45.786200,12.60,2009-04-22T12:00:00+00:00
1.851670,45.795050,1.30,2009-04-22T12:00:00+00:00
1.851670,45.780360,3.40,2009-04-22T12:00:00+00:00
1.851660,45.807080,5.00,2009-04-22T12:00:00+00:00
1.851660,45.806910,8.40,2009-04-22T12:00:00+00:00
1.851620,45.781870,12.60,2009-04-22T12:00:00+00:00
1.851630,45.807070,4.80,2009-04-22T12:00:00+00:00
1.851620,45.782800,14.10,2009-04-22T12:00:00+00:00
1.851630,45.799970,21.50,2009-04-22T12:00:00+00:00
1.851630,45.795200,2.40,2009-04-22T12:00:00+00:00
1.851630,45.784520,13.70,2009-04-22T12:00:00+00:00
1.851620,45.806950,6.40,2009-04-22T12:00:00+00:00
1.851620,45.795080,0.80,2009-04-22T12:00:00+00:00
1.851520,45.804000,22.80,2009-04-22T12:00:00+00:00
1.851660,45.782880,14.10,2009-04-22T12:00:00+00:00
1.851190,45.781950,12.70,2009-04-22T12:00:00+00:00
1.851540,45.799980,21.70,2009-04-22T12:00:00+00:00
1.851310,45.782450,14.70,2009-04-22T12:00:00+00:00
1.851260,45.784520,12.90,2009-04-22T12:00:00+00:00
1.851240,45.780040,1.20,2009-04-22T12:00:00+00:00
1.851220,45.800040,19.40,2009-04-22T12:00:00+00:00
1.851320,45.804060,22.20,2009-04-22T12:00:00+00:00
1.851200,45.782420,13.20,2009-04-22T12:00:00+00:00
1.851330,45.800010,21.10,2009-04-22T12:00:00+00:00
1.851180,45.779990,0.80,2009-04-22T12:00:00+00:00
1.851130,45.784510,12.10,2009-04-22T12:00:00+00:00
1.851100,45.804150,21.40,2009-04-22T12:00:00+00:00
1.851100,45.782380,12.90,2009-04-22T12:00:00+00:00
1.851100,45.779960,0.50,2009-04-22T12:00:00+00:00
1.851080,45.800120,10.70,2009-04-22T12:00:00+00:00
1.851200,45.804110,21.60,2009-04-22T12:00:00+00:00
1.851450,45.786510,1.40,2009-04-22T12:00:00+00:00
1.851690,45.807090,5.10,2009-04-22T12:00:00+00:00
1.851510,45.784520,13.30,2009-04-22T12:00:00+00:00
1.851510,45.782560,13.70,2009-04-22T12:00:00+00:00
1.851510,45.781900,13.30,2009-04-22T12:00:00+00:00
1.851500,45.786560,1.20,2009-04-22T12:00:00+00:00
1.851320,45.780110,1.70,2009-04-22T12:00:00+00:00
1.851480,45.786300,7.20,2009-04-22T12:00:00+00:00
1.851540,45.786640,1.40,2009-04-22T12:00:00+00:00
1.851440,45.804020,22.60,2009-04-22T12:00:00+00:00
1.851430,45.799990,22.50,2009-04-22T12:00:00+00:00
1.851420,45.782500,14.30,2009-04-22T12:00:00+00:00
1.851410,45.786370,3.90,2009-04-22T12:00:00+00:00
1.851400,45.781910,13.30,2009-04-22T12:00:00+00:00
1.851380,45.784520,13.10,2009-04-22T12:00:00+00:00
1.851500,45.780230,3.00,2009-04-22T12:00:00+00:00
1.851860,45.783460,14.80,2009-04-22T12:00:00+00:00
1.851840,45.807270,3.70,2009-04-22T12:00:00+00:00
1.851880,45.784520,14.40,2009-04-22T12:00:00+00:00
1.851880,45.783540,14.90,2009-04-22T12:00:00+00:00
1.851870,45.807250,4.30,2009-04-22T12:00:00+00:00
1.851870,45.807240,5.20,2009-04-22T12:00:00+00:00
1.851880,45.807250,5.20,2009-04-22T12:00:00+00:00
1.851870,45.786070,13.60,2009-04-22T12:00:00+00:00
1.851890,45.806620,10.40,2009-04-22T12:00:00+00:00
1.851860,45.780480,3.40,2009-04-22T12:00:00+00:00
1.851850,45.807220,5.10,2009-04-22T12:00:00+00:00
1.851850,45.806680,10.90,2009-04-22T12:00:00+00:00
1.851850,45.803870,23.40,2009-04-22T12:00:00+00:00
1.851850,45.795330,7.90,2009-04-22T12:00:00+00:00
1.851680,45.795220,4.00,2009-04-22T12:00:00+00:00
1.851870,45.799930,22.10,2009-04-22T12:00:00+00:00
1.851940,45.794860,1.80,2009-04-22T12:00:00+00:00
1.852690,45.805910,20.30,2009-04-22T12:00:00+00:00
1.851960,45.780540,3.40,2009-04-22T12:00:00+00:00
1.851950,45.806560,9.20,2009-04-22T12:00:00+00:00
1.851950,45.795380,9.80,2009-04-22T12:00:00+00:00
1.851950,45.786000,13.90,2009-04-22T12:00:00+00:00
1.851880,45.794920,1.80,2009-04-22T12:00:00+00:00
1.851940,45.807200,6.30,2009-04-22T12:00:00+00:00
1.851830,45.807200,5.10,2009-04-22T12:00:00+00:00
1.851940,45.786900,6.40,2009-04-22T12:00:00+00:00
1.851910,45.807270,5.10,2009-04-22T12:00:00+00:00
1.851910,45.807220,5.50,2009-04-22T12:00:00+00:00
1.851910,45.783630,14.70,2009-04-22T12:00:00+00:00
1.851890,45.807260,5.10,2009-04-22T12:00:00+00:00
1.851890,45.807240,5.00,2009-04-22T12:00:00+00:00
1.851950,45.783710,14.90,2009-04-22T12:00:00+00:00
1.851720,45.806830,10.30,2009-04-22T12:00:00+00:00
1.851850,45.781830,12.30,2009-04-22T12:00:00+00:00
1.851750,45.799950,21.50,2009-04-22T12:00:00+00:00
1.851750,45.795280,5.90,2009-04-22T12:00:00+00:00
1.851750,45.783120,14.70,2009-04-22T12:00:00+00:00
1.851740,45.803910,22.80,2009-04-22T12:00:00+00:00
1.851760,45.780420,3.30,2009-04-22T12:00:00+00:00
1.851730,45.781850,12.50,2009-04-22T12:00:00+00:00
1.851760,45.784520,14.00,2009-04-22T12:00:00+00:00
1.851720,45.795050,1.90,2009-04-22T12:00:00+00:00
1.851720,45.786880,2.70,2009-04-22T12:00:00+00:00
1.851720,45.783040,14.50,2009-04-22T12:00:00+00:00
1.851700,45.807100,5.20,2009-04-22T12:00:00+00:00
1.851700,45.782960,14.60,2009-04-22T12:00:00+00:00
1.851960,45.803820,23.20,2009-04-22T12:00:00+00:00
1.851730,45.807120,5.30,2009-04-22T12:00:00+00:00
1.851800,45.783300,14.80,2009-04-22T12:00:00+00:00
1.851830,45.786890,4.30,2009-04-22T12:00:00+00:00
1.851820,45.794950,1.90,2009-04-22T12:00:00+00:00
1.851820,45.783380,14.80,2009-04-22T12:00:00+00:00
1.851810,45.807280,3.20,2009-04-22T12:00:00+00:00
1.851800,45.807290,2.70,2009-04-22T12:00:00+00:00
1.851750,45.807140,5.30,2009-04-22T12:00:00+00:00
1.851800,45.806730,11.00,2009-04-22T12:00:00+00:00
1.851690,45.806880,9.70,2009-04-22T12:00:00+00:00
1.851790,45.795010,2.20,2009-04-22T12:00:00+00:00
1.851780,45.807170,5.20,2009-04-22T12:00:00+00:00
1.851780,45.783210,14.50,2009-04-22T12:00:00+00:00
1.851770,45.807150,5.20,2009-04-22T12:00:00+00:00
1.851770,45.786140,13.10,2009-04-22T12:00:00+00:00
1.851760,45.806770,10.70,2009-04-22T12:00:00+00:00
1.851800,45.807180,5.20,2009-04-22T12:00:00+00:00
1.853630,45.790650,3.10,2009-04-22T12:00:00+00:00
1.853580,45.784550,3.00,2009-04-22T12:00:00+00:00
1.853580,45.789810,7.30,2009-04-22T12:00:00+00:00
1.853580,45.792700,1.80,2009-04-22T12:00:00+00:00
1.853580,45.803330,19.10,2009-04-22T12:00:00+00:00
1.853580,45.806660,25.10,2009-04-22T12:00:00+00:00
1.853590,45.784900,1.30,2009-04-22T12:00:00+00:00
1.853590,45.784950,1.30,2009-04-22T12:00:00+00:00
1.853590,45.787910,15.20,2009-04-22T12:00:00+00:00
1.853590,45.811550,5.90,2009-04-22T12:00:00+00:00
1.853600,45.781570,10.60,2009-04-22T12:00:00+00:00
1.853600,45.786970,16.20,2009-04-22T12:00:00+00:00
1.853610,45.784830,1.20,2009-04-22T12:00:00+00:00
1.853610,45.792620,1.20,2009-04-22T12:00:00+00:00
1.853390,45.789890,5.10,2009-04-22T12:00:00+00:00
1.853650,45.789740,7.90,2009-04-22T12:00:00+00:00
1.853700,45.788080,14.90,2009-04-22T12:00:00+00:00
1.853690,45.806620,25.10,2009-04-22T12:00:00+00:00
1.853660,45.811620,6.80,2009-04-22T12:00:00+00:00
1.853660,45.792970,9.50,2009-04-22T12:00:00+00:00
1.853660,45.792580,1.80,2009-04-22T12:00:00+00:00
1.853620,45.784760,1.20,2009-04-22T12:00:00+00:00
1.853650,45.796780,25.10,2009-04-22T12:00:00+00:00
1.853620,45.785010,0.90,2009-04-22T12:00:00+00:00
1.853640,45.813990,10.50,2009-04-22T12:00:00+00:00
1.853640,45.805070,23.60,2009-04-22T12:00:00+00:00
1.853640,45.794760,24.50,2009-04-22T12:00:00+00:00
1.853640,45.788000,15.10,2009-04-22T12:00:00+00:00
1.853640,45.784700,1.20,2009-04-22T12:00:00+00:00
1.853570,45.796720,24.60,2009-04-22T12:00:00+00:00
1.853660,45.781090,0.70,2009-04-22T12:00:00+00:00
1.853440,45.787670,15.70,2009-04-22T12:00:00+00:00
1.853570,45.813940,11.00,2009-04-22T12:00:00+00:00
1.853480,45.787760,15.60,2009-04-22T12:00:00+00:00
1.853480,45.786960,16.30,2009-04-22T12:00:00+00:00
1.853470,45.781580,10.90,2009-04-22T12:00:00+00:00
1.853460,45.792780,1.70,2009-04-22T12:00:00+00:00
1.853480,45.792880,3.10,2009-04-22T12:00:00+00:00
1.853440,45.796580,24.70,2009-04-22T12:00:00+00:00
1.853480,45.803360,18.80,2009-04-22T12:00:00+00:00
1.853440,45.781110,0.80,2009-04-22T12:00:00+00:00
1.853430,45.811410,3.10,2009-04-22T12:00:00+00:00
1.853430,45.792830,1.80,2009-04-22T12:00:00+00:00
1.853410,45.794760,21.50,2009-04-22T12:00:00+00:00
1.853410,45.785190,5.80,2009-04-22T12:00:00+00:00
1.852680,45.811380,0.90,2009-04-22T12:00:00+00:00
1.853450,45.799900,26.10,2009-04-22T12:00:00+00:00
1.853530,45.792750,2.30,2009-04-22T12:00:00+00:00
1.853710,45.792510,2.00,2009-04-22T12:00:00+00:00
1.853570,45.792920,5.80,2009-04-22T12:00:00+00:00
1.853570,45.785070,1.90,2009-04-22T12:00:00+00:00
1.853550,45.805130,24.50,2009-04-22T12:00:00+00:00
1.853550,45.781080,6.10,2009-04-22T12:00:00+00:00
1.853480,45.789860,6.20,2009-04-22T12:00:00+00:00
1.853530,45.794760,23.60,2009-04-22T12:00:00+00:00
1.853570,45.799890,26.30,2009-04-22T12:00:00+00:00
1.853510,45.811480,3.40,2009-04-22T12:00:00+00:00
1.853500,45.796650,24.70,2009-04-22T12:00:00+00:00
1.853500,45.784500,4.90,2009-04-22T12:00:00+00:00
1.853490,45.785130,3.60,2009-04-22T12:00:00+00:00
1.853480,45.813880,12.40,2009-04-22T12:00:00+00:00
1.853480,45.806700,24.40,2009-04-22T12:00:00+00:00
1.853540,45.787840,15.70,2009-04-22T12:00:00+00:00
1.853920,45.803220,19.80,2009-04-22T12:00:00+00:00
1.853890,45.789540,9.20,2009-04-22T12:00:00+00:00
1.853960,45.793120,19.30,2009-04-22T12:00:00+00:00
1.853960,45.790770,6.00,2009-04-22T12:00:00+00:00
1.853950,45.814120,8.30,2009-04-22T12:00:00+00:00
1.853950,45.804770,22.20,2009-04-22T12:00:00+00:00
1.853980,45.788470,15.10,2009-04-22T12:00:00+00:00
1.853920,45.811820,13.20,2009-04-22T12:00:00+00:00
1.853980,45.794760,25.30,2009-04-22T12:00:00+00:00
1.853920,45.799850,25.80,2009-04-22T12:00:00+00:00
1.853920,45.796970,26.10,2009-04-22T12:00:00+00:00
1.853920,45.792360,8.40,2009-04-22T12:00:00+00:00
1.853920,45.788390,15.00,2009-04-22T12:00:00+00:00
1.853920,45.781090,5.80,2009-04-22T12:00:00+00:00
1.853700,45.799870,26.20,2009-04-22T12:00:00+00:00
1.853950,45.789480,10.10,2009-04-22T12:00:00+00:00
1.854030,45.788550,15.00,2009-04-22T12:00:00+00:00
1.854080,45.789330,11.60,2009-04-22T12:00:00+00:00
1.854080,45.788630,15.10,2009-04-22T12:00:00+00:00
1.854060,45.793170,19.80,2009-04-22T12:00:00+00:00
1.854050,45.799830,25.80,2009-04-22T12:00:00+00:00
1.854050,45.781090,7.50,2009-04-22T12:00:00+00:00
1.853980,45.781520,10.80,2009-04-22T12:00:00+00:00
1.854040,45.792340,12.30,2009-04-22T12:00:00+00:00
1.853880,45.794760,25.60,2009-04-22T12:00:00+00:00
1.854020,45.804700,24.60,2009-04-22T12:00:00+00:00
1.854010,45.789400,10.60,2009-04-22T12:00:00+00:00
1.854000,45.811890,15.90,2009-04-22T12:00:00+00:00
1.854000,45.806460,26.40,2009-04-22T12:00:00+00:00
1.854000,45.797020,25.70,2009-04-22T12:00:00+00:00
1.853990,45.786950,16.40,2009-04-22T12:00:00+00:00
1.854040,45.803170,19.10,2009-04-22T12:00:00+00:00
1.853740,45.792440,2.60,2009-04-22T12:00:00+00:00
1.853900,45.806520,25.60,2009-04-22T12:00:00+00:00
1.853770,45.793020,13.50,2009-04-22T12:00:00+00:00
1.853760,45.794760,24.70,2009-04-22T12:00:00+00:00
1.853750,45.811690,7.40,2009-04-22T12:00:00+00:00
1.853750,45.788150,14.90,2009-04-22T12:00:00+00:00
1.853800,45.788240,14.90,2009-04-22T12:00:00+00:00
1.853740,45.796840,25.40,2009-04-22T12:00:00+00:00
1.853800,45.806570,25.40,2009-04-22T12:00:00+00:00
1.853740,45.790680,3.60,2009-04-22T12:00:00+00:00
1.853740,45.789670,8.30,2009-04-22T12:00:00+00:00
1.853740,45.786970,16.20,2009-04-22T12:00:00+00:00
1.853730,45.805000,23.60,2009-04-22T12:00:00+00:00
1.853730,45.781550,10.70,2009-04-22T12:00:00+00:00
1.853380,45.813830,15.50,2009-04-22T12:00:00+00:00
1.853740,45.814040,8.90,2009-04-22T12:00:00+00:00
1.853840,45.790740,4.30,2009-04-22T12:00:00+00:00
1.853870,45.804850,21.90,2009-04-22T12:00:00+00:00
1.853870,45.793060,17.00,2009-04-22T12:00:00+00:00
1.853860,45.788320,15.10,2009-04-22T12:00:00+00:00
1.853860,45.786960,16.20,2009-04-22T12:00:00+00:00
1.853850,45.781530,10.60,2009-04-22T12:00:00+00:00
1.853790,45.781090,2.80,2009-04-22T12:00:00+00:00
1.853840,45.811760,10.50,2009-04-22T12:00:00+00:00
1.853700,45.803290,19.40,2009-04-22T12:00:00+00:00
1.853820,45.803250,19.90,2009-04-22T12:00:00+00:00
1.853820,45.799850,25.90,2009-04-22T12:00:00+00:00
1.853820,45.796910,26.10,2009-04-22T12:00:00+00:00
1.853820,45.792380,4.70,2009-04-22T12:00:00+00:00
1.853820,45.789600,9.00,2009-04-22T12:00:00+00:00
1.853810,45.804920,22.70,2009-04-22T12:00:00+00:00
1.853840,45.814100,8.50,2009-04-22T12:00:00+00:00
1.852950,45.799910,26.50,2009-04-22T12:00:00+00:00
1.852870,45.784480,12.10,2009-04-22T12:00:00+00:00
1.852880,45.786610,15.40,2009-04-22T12:00:00+00:00
1.852880,45.811330,1.00,2009-04-22T12:00:00+00:00
1.852890,45.796080,22.80,2009-04-22T12:00:00+00:00
1.852890,45.803540,20.90,2009-04-22T12:00:00+00:00
1.852900,45.780990,0.80,2009-04-22T12:00:00+00:00
1.852900,45.781670,11.10,2009-04-22T12:00:00+00:00
1.852900,45.813570,25.60,2009-04-22T12:00:00+00:00
1.852910,45.786700,15.30,2009-04-22T12:00:00+00:00
1.852910,45.806860,21.80,2009-04-22T12:00:00+00:00
1.852940,45.785450,12.70,2009-04-22T12:00:00+00:00
1.852940,45.786780,15.50,2009-04-22T12:00:00+00:00
1.852940,45.794780,12.40,2009-04-22T12:00:00+00:00
1.853390,45.790600,1.60,2009-04-22T12:00:00+00:00
1.853000,45.786950,15.50,2009-04-22T12:00:00+00:00
1.853020,45.806830,22.20,2009-04-22T12:00:00+00:00
1.853020,45.805640,21.80,2009-04-22T12:00:00+00:00
1.853020,45.787030,15.10,2009-04-22T12:00:00+00:00
1.853020,45.781650,10.90,2009-04-22T12:00:00+00:00
1.853010,45.811260,0.90,2009-04-22T12:00:00+00:00
1.852940,45.805720,21.50,2009-04-22T12:00:00+00:00
1.853000,45.813620,24.00,2009-04-22T12:00:00+00:00
1.852940,45.811290,1.00,2009-04-22T12:00:00+00:00
1.853000,45.784480,11.80,2009-04-22T12:00:00+00:00
1.853000,45.781010,0.60,2009-04-22T12:00:00+00:00
1.852970,45.796160,22.90,2009-04-22T12:00:00+00:00
1.852970,45.786860,15.20,2009-04-22T12:00:00+00:00
1.852960,45.786960,14.30,2009-04-22T12:00:00+00:00
1.852840,45.786940,13.90,2009-04-22T12:00:00+00:00
1.853010,45.803510,20.60,2009-04-22T12:00:00+00:00
1.852700,45.813360,29.80,2009-04-22T12:00:00+00:00
1.852860,45.805780,20.80,2009-04-22T12:00:00+00:00
1.852750,45.811320,0.80,2009-04-22T12:00:00+00:00
1.852750,45.786270,15.50,2009-04-22T12:00:00+00:00
1.852730,45.786180,15.40,2009-04-22T12:00:00+00:00
1.852730,45.785550,14.10,2009-04-22T12:00:00+00:00
1.852760,45.780920,1.00,2009-04-22T12:00:00+00:00
1.852710,45.786940,13.30,2009-04-22T12:00:00+00:00
1.852770,45.784490,12.80,2009-04-22T12:00:00+00:00
1.852700,45.799900,26.90,2009-04-22T12:00:00+00:00
1.852700,45.794800,11.40,2009-04-22T12:00:00+00:00
1.852700,45.786100,15.80,2009-04-22T12:00:00+00:00
1.852690,45.813280,29.70,2009-04-22T12:00:00+00:00
1.852690,45.806920,21.00,2009-04-22T12:00:00+00:00
1.851000,45.784500,11.00,2009-04-22T12:00:00+00:00
1.852720,45.795940,21.60,2009-04-22T12:00:00+00:00
1.852810,45.796010,22.20,2009-04-22T12:00:00+00:00
1.853050,45.796230,23.20,2009-04-22T12:00:00+00:00
1.852840,45.785500,13.40,2009-04-22T12:00:00+00:00
1.852840,45.780960,0.90,2009-04-22T12:00:00+00:00
1.852830,45.799910,26.70,2009-04-22T12:00:00+00:00
1.852830,45.794790,11.80,2009-04-22T12:00:00+00:00
1.852750,45.813440,28.60,2009-04-22T12:00:00+00:00
1.852810,45.813510,27.40,2009-04-22T12:00:00+00:00
1.852860,45.786520,15.10,2009-04-22T12:00:00+00:00
1.852800,45.811340,0.90,2009-04-22T12:00:00+00:00
1.852800,45.806890,21.50,2009-04-22T12:00:00+00:00
1.852780,45.805850,21.10,2009-04-22T12:00:00+00:00
1.852780,45.786360,15.30,2009-04-22T12:00:00+00:00
1.852780,45.781680,11.60,2009-04-22T12:00:00+00:00
1.852770,45.803580,21.00,2009-04-22T12:00:00+00:00
1.852820,45.786440,15.40,2009-04-22T12:00:00+00:00
1.853250,45.806760,23.30,2009-04-22T12:00:00+00:00
1.853220,45.786960,15.50,2009-04-22T12:00:00+00:00
1.853300,45.789940,4.00,2009-04-22T12:00:00+00:00
1.853290,45.813780,16.70,2009-04-22T12:00:00+00:00
1.853290,45.811280,2.20,2009-04-22T12:00:00+00:00
1.853290,45.787430,15.60,2009-04-22T12:00:00+00:00
1.853300,45.790570,1.20,2009-04-22T12:00:00+00:00
1.853260,45.790420,1.50,2009-04-22T12:00:00+00:00
1.853300,45.794760,18.80,2009-04-22T12:00:00+00:00
1.853250,45.784460,9.10,2009-04-22T12:00:00+00:00
1.853240,45.805420,24.50,2009-04-22T12:00:00+00:00
1.853240,45.803430,19.60,2009-04-22T12:00:00+00:00
1.853240,45.785290,9.70,2009-04-22T12:00:00+00:00
1.853230,45.811220,1.40,2009-04-22T12:00:00+00:00
1.853020,45.811240,0.70,2009-04-22T12:00:00+00:00
1.853280,45.796440,24.10,2009-04-22T12:00:00+00:00
1.853350,45.786960,15.80,2009-04-22T12:00:00+00:00
1.853380,45.805280,24.50,2009-04-22T12:00:00+00:00
1.853380,45.787590,15.50,2009-04-22T12:00:00+00:00
1.853380,45.784480,7.40,2009-04-22T12:00:00+00:00
1.853370,45.806730,24.10,2009-04-22T12:00:00+00:00
1.853360,45.803400,19.30,2009-04-22T12:00:00+00:00
1.853300,45.790500,1.50,2009-04-22T12:00:00+00:00
1.853350,45.811340,2.80,2009-04-22T12:00:00+00:00
1.853220,45.781620,10.80,2009-04-22T12:00:00+00:00
1.853340,45.787500,15.50,2009-04-22T12:00:00+00:00
1.853340,45.781600,10.90,2009-04-22T12:00:00+00:00
1.853330,45.785240,7.80,2009-04-22T12:00:00+00:00
1.853320,45.805360,24.40,2009-04-22T12:00:00+00:00
1.853320,45.799910,26.40,2009-04-22T12:00:00+00:00
1.853310,45.781110,0.90,2009-04-22T12:00:00+00:00
1.853360,45.796510,24.30,2009-04-22T12:00:00+00:00
1.853090,45.805570,22.60,2009-04-22T12:00:00+00:00
1.853220,45.787360,15.20,2009-04-22T12:00:00+00:00
1.853110,45.811180,0.70,2009-04-22T12:00:00+00:00
1.853110,45.787200,15.10,2009-04-22T12:00:00+00:00
1.853110,45.781050,0.80,2009-04-22T12:00:00+00:00
1.853100,45.813670,20.90,2009-04-22T12:00:00+00:00
1.853120,45.790210,1.60,2009-04-22T12:00:00+00:00
1.853100,45.781640,10.60,2009-04-22T12:00:00+00:00
1.853120,45.796300,23.70,2009-04-22T12:00:00+00:00
1.853090,45.790120,2.00,2009-04-22T12:00:00+00:00
1.853090,45.786960,15.80,2009-04-22T12:00:00+00:00
1.853070,45.799920,26.40,2009-04-22T12:00:00+00:00
1.853060,45.787120,14.60,2009-04-22T12:00:00+00:00
1.853050,45.811220,8.90,2009-04-22T12:00:00+00:00
1.852680,45.813200,29.40,2009-04-22T12:00:00+00:00
1.853100,45.790050,2.60,2009-04-22T12:00:00+00:00
1.853170,45.805500,23.30,2009-04-22T12:00:00+00:00
1.853220,45.781080,0.60,2009-04-22T12:00:00+00:00
1.853200,45.799920,26.40,2009-04-22T12:00:00+00:00
1.853200,45.796370,24.10,2009-04-22T12:00:00+00:00
1.853200,45.790350,1.60,2009-04-22T12:00:00+00:00
1.853190,45.813730,18.80,2009-04-22T12:00:00+00:00
1.853120,45.784460,10.60,2009-04-22T12:00:00+00:00
1.853180,45.794770,16.00,2009-04-22T12:00:00+00:00
1.853040,45.785390,12.10,2009-04-22T12:00:00+00:00
1.853170,45.790280,1.50,2009-04-22T12:00:00+00:00
1.853170,45.787280,15.50,2009-04-22T12:00:00+00:00
1.853160,45.811170,0.70,2009-04-22T12:00:00+00:00
1.853140,45.806800,22.60,2009-04-22T12:00:00+00:00
1.853140,45.785340,11.50,2009-04-22T12:00:00+00:00
1.853120,45.803470,20.20,2009-04-22T12:00:00+00:00
1.853190,45.789990,3.30,2009-04-22T12:00:00+00:00
1.847000,45.805500,3.50,2009-04-22T12:00:00+00:00
1.846620,45.804400,1.10,2009-04-22T12:00:00+00:00
1.846650,45.805600,3.40,2009-04-22T12:00:00+00:00
1.846670,45.799590,24.60,2009-04-22T12:00:00+00:00
1.846700,45.799310,20.50,2009-04-22T12:00:00+00:00
1.846750,45.804300,2.20,2009-04-22T12:00:00+00:00
1.846760,45.805560,2.70,2009-04-22T12:00:00+00:00
1.846770,45.799640,21.10,2009-04-22T12:00:00+00:00
1.846800,45.804240,2.70,2009-04-22T12:00:00+00:00
1.846810,45.799340,23.40,2009-04-22T12:00:00+00:00
1.846860,45.799700,20.80,2009-04-22T12:00:00+00:00
1.846860,45.804160,3.20,2009-04-22T12:00:00+00:00
1.846920,45.799390,25.90,2009-04-22T12:00:00+00:00
1.846920,45.804090,3.90,2009-04-22T12:00:00+00:00
1.845750,45.799240,7.10,2009-04-22T12:00:00+00:00
1.847120,45.805460,3.60,2009-04-22T12:00:00+00:00
1.847300,45.803640,13.60,2009-04-22T12:00:00+00:00
1.847270,45.799900,20.70,2009-04-22T12:00:00+00:00
1.847240,45.803710,13.70,2009-04-22T12:00:00+00:00
1.847230,45.805440,3.60,2009-04-22T12:00:00+00:00
1.847230,45.799510,22.20,2009-04-22T12:00:00+00:00
1.846950,45.799760,20.60,2009-04-22T12:00:00+00:00
1.847160,45.799860,21.20,2009-04-22T12:00:00+00:00
1.846970,45.804010,5.90,2009-04-22T12:00:00+00:00
1.847120,45.803870,10.30,2009-04-22T12:00:00+00:00
1.847120,45.799460,21.90,2009-04-22T12:00:00+00:00
1.847060,45.799810,20.90,2009-04-22T12:00:00+00:00
1.847040,45.803940,8.60,2009-04-22T12:00:00+00:00
1.847020,45.799420,24.90,2009-04-22T12:00:00+00:00
1.846570,45.804470,1.50,2009-04-22T12:00:00+00:00
1.847180,45.803790,13.50,2009-04-22T12:00:00+00:00
1.845940,45.805780,3.90,2009-04-22T12:00:00+00:00
1.846590,45.799270,20.30,2009-04-22T12:00:00+00:00
1.846090,45.799070,19.00,2009-04-22T12:00:00+00:00
1.846080,45.804710,2.20,2009-04-22T12:00:00+00:00
1.846080,45.799290,12.20,2009-04-22T12:00:00+00:00
1.846060,45.805750,3.90,2009-04-22T12:00:00+00:00
1.846180,45.804650,2.20,2009-04-22T12:00:00+00:00
1.845980,45.804760,2.10,2009-04-22T12:00:00+00:00
1.846180,45.805720,3.90,2009-04-22T12:00:00+00:00
1.845890,45.798990,16.60,2009-04-22T12:00:00+00:00
1.845880,45.804820,2.60,2009-04-22T12:00:00+00:00
1.845860,45.799250,8.30,2009-04-22T12:00:00+00:00
1.845820,45.805810,3.90,2009-04-22T12:00:00+00:00
1.845800,45.798960,14.10,2009-04-22T12:00:00+00:00
1.848560,45.782080,2.10,2009-04-22T12:00:00+00:00
1.845990,45.799020,17.70,2009-04-22T12:00:00+00:00
1.846380,45.799430,16.50,2009-04-22T12:00:00+00:00
1.847380,45.799950,20.70,2009-04-22T12:00:00+00:00
1.846530,45.805630,4.00,2009-04-22T12:00:00+00:00
1.846490,45.804530,2.30,2009-04-22T12:00:00+00:00
1.846490,45.799230,20.30,2009-04-22T12:00:00+00:00
1.846480,45.799480,17.80,2009-04-22T12:00:00+00:00
1.846180,45.799330,14.10,2009-04-22T12:00:00+00:00
1.846380,45.804560,2.20,2009-04-22T12:00:00+00:00
1.846580,45.799540,18.70,2009-04-22T12:00:00+00:00
1.846380,45.799190,20.70,2009-04-22T12:00:00+00:00
1.846300,45.805690,4.10,2009-04-22T12:00:00+00:00
1.846280,45.804600,2.30,2009-04-22T12:00:00+00:00
1.846280,45.799380,15.30,2009-04-22T12:00:00+00:00
1.846280,45.799150,20.50,2009-04-22T12:00:00+00:00
1.846190,45.799100,19.80,2009-04-22T12:00:00+00:00
1.846420,45.805660,4.20,2009-04-22T12:00:00+00:00
1.848160,45.781580,0.90,2009-04-22T12:00:00+00:00
1.848060,45.799880,22.40,2009-04-22T12:00:00+00:00
1.848260,45.781550,1.30,2009-04-22T12:00:00+00:00
1.848230,45.800310,20.90,2009-04-22T12:00:00+00:00
1.848210,45.802680,8.00,2009-04-22T12:00:00+00:00
1.848200,45.782090,1.30,2009-04-22T12:00:00+00:00
1.848280,45.802600,8.20,2009-04-22T12:00:00+00:00
1.848170,45.799920,22.00,2009-04-22T12:00:00+00:00
1.848280,45.805160,7.90,2009-04-22T12:00:00+00:00
1.848150,45.802760,8.10,2009-04-22T12:00:00+00:00
1.848120,45.800270,21.10,2009-04-22T12:00:00+00:00
1.848080,45.802840,9.50,2009-04-22T12:00:00+00:00
1.848080,45.782080,1.60,2009-04-22T12:00:00+00:00
1.848080,45.781600,0.70,2009-04-22T12:00:00+00:00
1.847330,45.799550,22.10,2009-04-22T12:00:00+00:00
1.848180,45.805190,7.70,2009-04-22T12:00:00+00:00
1.848420,45.802460,8.40,2009-04-22T12:00:00+00:00
1.851080,45.781980,12.60,2009-04-22T12:00:00+00:00
1.848520,45.805090,8.80,2009-04-22T12:00:00+00:00
1.848490,45.802380,8.90,2009-04-22T12:00:00+00:00
1.848490,45.800050,21.60,2009-04-22T12:00:00+00:00
1.848450,45.800390,21.20,2009-04-22T12:00:00+00:00
1.848270,45.799970,22.20,2009-04-22T12:00:00+00:00
1.848440,45.782090,2.10,2009-04-22T12:00:00+00:00
1.848020,45.802910,10.50,2009-04-22T12:00:00+00:00
1.848400,45.805120,8.20,2009-04-22T12:00:00+00:00
1.848380,45.800010,21.70,2009-04-22T12:00:00+00:00
1.848360,45.781530,1.70,2009-04-22T12:00:00+00:00
1.848340,45.802530,7.90,2009-04-22T12:00:00+00:00
1.848340,45.800350,20.50,2009-04-22T12:00:00+00:00
1.848330,45.782070,1.90,2009-04-22T12:00:00+00:00
1.848450,45.781520,2.00,2009-04-22T12:00:00+00:00
1.847510,45.803410,14.40,2009-04-22T12:00:00+00:00
1.848060,45.805220,7.70,2009-04-22T12:00:00+00:00
1.847660,45.803270,14.30,2009-04-22T12:00:00+00:00
1.847640,45.799680,22.40,2009-04-22T12:00:00+00:00
1.847590,45.805350,4.80,2009-04-22T12:00:00+00:00
1.847590,45.803340,15.10,2009-04-22T12:00:00+00:00
1.847740,45.799740,22.40,2009-04-22T12:00:00+00:00
1.847550,45.799640,22.40,2009-04-22T12:00:00+00:00
1.847740,45.803200,13.00,2009-04-22T12:00:00+00:00
1.847480,45.805380,4.10,2009-04-22T12:00:00+00:00
1.847480,45.800000,20.70,2009-04-22T12:00:00+00:00
1.847440,45.803480,14.20,2009-04-22T12:00:00+00:00
1.847440,45.799600,22.20,2009-04-22T12:00:00+00:00
1.847380,45.803560,13.60,2009-04-22T12:00:00+00:00
1.845710,45.805820,3.70,2009-04-22T12:00:00+00:00
1.847590,45.800040,21.00,2009-04-22T12:00:00+00:00
1.847950,45.799830,22.40,2009-04-22T12:00:00+00:00
1.848020,45.782010,1.90,2009-04-22T12:00:00+00:00
1.848020,45.781660,0.80,2009-04-22T12:00:00+00:00
1.848010,45.800230,21.50,2009-04-22T12:00:00+00:00
1.848000,45.781920,2.20,2009-04-22T12:00:00+00:00
1.848000,45.781840,2.20,2009-04-22T12:00:00+00:00
1.847710,45.805320,5.40,2009-04-22T12:00:00+00:00
1.847960,45.802990,11.80,2009-04-22T12:00:00+00:00
1.847360,45.805410,3.90,2009-04-22T12:00:00+00:00
1.847940,45.805260,7.20,2009-04-22T12:00:00+00:00
1.847900,45.803060,11.30,2009-04-22T12:00:00+00:00
1.847900,45.800190,21.60,2009-04-22T12:00:00+00:00
1.847840,45.799780,22.00,2009-04-22T12:00:00+00:00
1.847820,45.805290,6.20,2009-04-22T12:00:00+00:00
1.847810,45.800140,21.80,2009-04-22T12:00:00+00:00
1.848000,45.781750,1.50,2009-04-22T12:00:00+00:00
1.844320,45.798310,4.80,2009-04-22T12:00:00+00:00
1.843700,45.799550,0.70,2009-04-22T12:00:00+00:00
1.843730,45.799500,0.80,2009-04-22T12:00:00+00:00
1.843740,45.798840,6.10,2009-04-22T12:00:00+00:00
1.843800,45.798670,5.30,2009-04-22T12:00:00+00:00
1.843820,45.798780,6.00,2009-04-22T12:00:00+00:00
1.843900,45.798650,5.50,2009-04-22T12:00:00+00:00
1.843910,45.798740,6.00,2009-04-22T12:00:00+00:00
1.843990,45.798660,5.80,2009-04-22T12:00:00+00:00
1.844060,45.798600,5.70,2009-04-22T12:00:00+00:00
1.844080,45.798650,6.30,2009-04-22T12:00:00+00:00
1.844120,45.798530,5.60,2009-04-22T12:00:00+00:00
1.844190,45.798460,5.50,2009-04-22T12:00:00+00:00
1.844190,45.798660,6.80,2009-04-22T12:00:00+00:00
1.845780,45.804880,2.40,2009-04-22T12:00:00+00:00
1.844490,45.798750,8.60,2009-04-22T12:00:00+00:00
1.844670,45.798810,10.40,2009-04-22T12:00:00+00:00
1.844660,45.797880,1.20,2009-04-22T12:00:00+00:00
1.844620,45.798770,10.00,2009-04-22T12:00:00+00:00
1.844590,45.797920,1.70,2009-04-22T12:00:00+00:00
1.844560,45.797990,2.60,2009-04-22T12:00:00+00:00
1.844250,45.798680,7.00,2009-04-22T12:00:00+00:00
1.844510,45.798060,3.40,2009-04-22T12:00:00+00:00
1.844260,45.798390,5.10,2009-04-22T12:00:00+00:00
1.844470,45.798110,4.20,2009-04-22T12:00:00+00:00
1.844430,45.798180,4.80,2009-04-22T12:00:00+00:00
1.844380,45.798680,7.90,2009-04-22T12:00:00+00:00
1.844380,45.798240,4.80,2009-04-22T12:00:00+00:00
1.844330,45.798700,7.50,2009-04-22T12:00:00+00:00
1.843690,45.799430,1.30,2009-04-22T12:00:00+00:00
1.844530,45.798780,9.30,2009-04-22T12:00:00+00:00
1.843150,45.799000,1.10,2009-04-22T12:00:00+00:00
1.843700,45.799380,2.00,2009-04-22T12:00:00+00:00
1.843330,45.798740,4.30,2009-04-22T12:00:00+00:00
1.843320,45.799180,2.00,2009-04-22T12:00:00+00:00
1.843260,45.798760,3.40,2009-04-22T12:00:00+00:00
1.843250,45.799110,1.10,2009-04-22T12:00:00+00:00
1.843410,45.798750,4.80,2009-04-22T12:00:00+00:00
1.843190,45.798740,2.60,2009-04-22T12:00:00+00:00
1.843410,45.799310,2.00,2009-04-22T12:00:00+00:00
1.843150,45.798870,1.00,2009-04-22T12:00:00+00:00
1.843140,45.798940,1.20,2009-04-22T12:00:00+00:00
1.843130,45.798840,0.80,2009-04-22T12:00:00+00:00
1.843110,45.798730,1.70,2009-04-22T12:00:00+00:00
1.843090,45.798800,1.00,2009-04-22T12:00:00+00:00
1.860000,45.799560,8.50,2009-04-22T12:00:00+00:00
1.843200,45.799050,1.10,2009-04-22T12:00:00+00:00
1.843640,45.799540,1.30,2009-04-22T12:00:00+00:00
1.844830,45.797830,1.00,2009-04-22T12:00:00+00:00
1.843690,45.799310,2.70,2009-04-22T12:00:00+00:00
1.843680,45.799220,3.20,2009-04-22T12:00:00+00:00
1.843680,45.799140,4.40,2009-04-22T12:00:00+00:00
1.843680,45.799070,5.20,2009-04-22T12:00:00+00:00
1.843370,45.799240,2.00,2009-04-22T12:00:00+00:00
1.843680,45.798900,6.30,2009-04-22T12:00:00+00:00
1.843700,45.798690,5.00,2009-04-22T12:00:00+00:00
1.843610,45.798710,4.70,2009-04-22T12:00:00+00:00
1.843600,45.799530,0.70,2009-04-22T12:00:00+00:00
1.843560,45.799490,1.00,2009-04-22T12:00:00+00:00
1.843520,45.798740,4.80,2009-04-22T12:00:00+00:00
1.843510,45.799440,1.40,2009-04-22T12:00:00+00:00
1.843460,45.799380,1.70,2009-04-22T12:00:00+00:00
1.843680,45.798980,5.80,2009-04-22T12:00:00+00:00
1.845260,45.805210,0.90,2009-04-22T12:00:00+00:00
1.845120,45.799130,4.60,2009-04-22T12:00:00+00:00
1.845340,45.805160,1.10,2009-04-22T12:00:00+00:00
1.845320,45.799320,2.00,2009-04-22T12:00:00+00:00
1.845320,45.798850,11.70,2009-04-22T12:00:00+00:00
1.845300,45.805460,2.90,2009-04-22T12:00:00+00:00
1.845380,45.805540,3.50,2009-04-22T12:00:00+00:00
1.845270,45.799340,1.40,2009-04-22T12:00:00+00:00
1.845400,45.799290,2.80,2009-04-22T12:00:00+00:00
1.845260,45.799350,1.20,2009-04-22T12:00:00+00:00
1.845250,45.799360,1.10,2009-04-22T12:00:00+00:00
1.845240,45.805390,2.20,2009-04-22T12:00:00+00:00
1.845210,45.798820,11.60,2009-04-22T12:00:00+00:00
1.845180,45.798820,12.10,2009-04-22T12:00:00+00:00
1.844740,45.797880,0.90,2009-04-22T12:00:00+00:00
1.845290,45.799330,1.70,2009-04-22T12:00:00+00:00
1.845530,45.805690,3.60,2009-04-22T12:00:00+00:00
1.845710,45.798920,12.70,2009-04-22T12:00:00+00:00
1.845700,45.804940,2.30,2009-04-22T12:00:00+00:00
1.845650,45.799220,5.90,2009-04-22T12:00:00+00:00
1.845620,45.805750,3.50,2009-04-22T12:00:00+00:00
1.845610,45.805000,2.10,2009-04-22T12:00:00+00:00
1.845360,45.799310,2.20,2009-04-22T12:00:00+00:00
1.845540,45.799220,4.70,2009-04-22T12:00:00+00:00
1.845120,45.799030,7.60,2009-04-22T12:00:00+00:00
1.845520,45.805060,1.70,2009-04-22T12:00:00+00:00
1.845520,45.798870,11.20,2009-04-22T12:00:00+00:00
1.845450,45.805620,3.70,2009-04-22T12:00:00+00:00
1.845450,45.799240,3.60,2009-04-22T12:00:00+00:00
1.845440,45.805120,1.50,2009-04-22T12:00:00+00:00
1.845420,45.798860,11.20,2009-04-22T12:00:00+00:00
1.845610,45.798890,11.30,2009-04-22T12:00:00+00:00
1.845000,45.799070,4.80,2009-04-22T12:00:00+00:00
1.845130,45.798880,12.20,2009-04-22T12:00:00+00:00
1.845040,45.797890,2.00,2009-04-22T12:00:00+00:00
1.845030,45.798050,5.50,2009-04-22T12:00:00+00:00
1.845030,45.798000,4.10,2009-04-22T12:00:00+00:00
1.845020,45.799080,5.90,2009-04-22T12:00:00+00:00
1.845040,45.799100,2.90,2009-04-22T12:00:00+00:00
1.845020,45.798120,6.80,2009-04-22T12:00:00+00:00
1.845050,45.798190,7.90,2009-04-22T12:00:00+00:00
1.845000,45.797850,1.70,2009-04-22T12:00:00+00:00
1.844990,45.799070,5.30,2009-04-22T12:00:00+00:00
1.844970,45.798810,12.00,2009-04-22T12:00:00+00:00
1.844920,45.797830,1.20,2009-04-22T12:00:00+00:00
1.844860,45.798820,11.40,2009-04-22T12:00:00+00:00
1.848560,45.802310,11.30,2009-04-22T12:00:00+00:00
1.845020,45.799070,5.40,2009-04-22T12:00:00+00:00
1.845070,45.799100,5.00,2009-04-22T12:00:00+00:00
1.845120,45.798960,9.90,2009-04-22T12:00:00+00:00
1.845110,45.798810,12.70,2009-04-22T12:00:00+00:00
1.845090,45.799140,4.40,2009-04-22T12:00:00+00:00
1.845090,45.799120,5.00,2009-04-22T12:00:00+00:00
1.845090,45.798740,12.80,2009-04-22T12:00:00+00:00
1.845040,45.797940,3.00,2009-04-22T12:00:00+00:00
1.845080,45.798580,11.70,2009-04-22T12:00:00+00:00
1.844760,45.798820,10.70,2009-04-22T12:00:00+00:00
1.845070,45.799070,5.80,2009-04-22T12:00:00+00:00
1.845070,45.798500,10.90,2009-04-22T12:00:00+00:00
1.845070,45.798430,10.20,2009-04-22T12:00:00+00:00
1.845070,45.798350,9.70,2009-04-22T12:00:00+00:00
1.845060,45.798280,9.00,2009-04-22T12:00:00+00:00
1.845050,45.799120,5.00,2009-04-22T12:00:00+00:00
1.845080,45.798820,12.10,2009-04-22T12:00:00+00:00
1.849940,45.784160,3.00,2009-04-22T12:00:00+00:00
1.849810,45.784010,2.90,2009-04-22T12:00:00+00:00
1.849820,45.781910,10.40,2009-04-22T12:00:00+00:00
1.849820,45.783750,7.10,2009-04-22T12:00:00+00:00
1.849820,45.783850,6.50,2009-04-22T12:00:00+00:00
1.849830,45.800460,0.50,2009-04-22T12:00:00+00:00
1.849860,45.782150,8.70,2009-04-22T12:00:00+00:00
1.849860,45.784030,3.10,2009-04-22T12:00:00+00:00
1.849860,45.800390,0.80,2009-04-22T12:00:00+00:00
1.849870,45.804610,8.10,2009-04-22T12:00:00+00:00
1.849890,45.784060,3.00,2009-04-22T12:00:00+00:00
1.849910,45.800330,1.00,2009-04-22T12:00:00+00:00
1.849920,45.781430,4.00,2009-04-22T12:00:00+00:00
1.849920,45.782130,9.30,2009-04-22T12:00:00+00:00
1.849710,45.782720,2.50,2009-04-22T12:00:00+00:00
1.850020,45.781380,2.80,2009-04-22T12:00:00+00:00
1.850130,45.781350,2.50,2009-04-22T12:00:00+00:00
1.850100,45.804520,10.30,2009-04-22T12:00:00+00:00
1.850100,45.800260,1.40,2009-04-22T12:00:00+00:00
1.850080,45.784420,2.10,2009-04-22T12:00:00+00:00
1.850080,45.782090,10.80,2009-04-22T12:00:00+00:00
1.849920,45.784090,3.00,2009-04-22T12:00:00+00:00
1.850040,45.781980,11.00,2009-04-22T12:00:00+00:00
1.849930,45.781940,10.90,2009-04-22T12:00:00+00:00
1.850010,45.784280,2.60,2009-04-22T12:00:00+00:00
1.849990,45.804560,9.10,2009-04-22T12:00:00+00:00
1.849990,45.800290,1.20,2009-04-22T12:00:00+00:00
1.849970,45.782110,9.80,2009-04-22T12:00:00+00:00
1.849950,45.784190,2.80,2009-04-22T12:00:00+00:00
1.849810,45.781480,5.80,2009-04-22T12:00:00+00:00
1.850050,45.784340,2.20,2009-04-22T12:00:00+00:00
1.849720,45.782280,5.50,2009-04-22T12:00:00+00:00
1.849810,45.783910,5.80,2009-04-22T12:00:00+00:00
1.849740,45.782760,2.40,2009-04-22T12:00:00+00:00
1.849740,45.782180,6.90,2009-04-22T12:00:00+00:00
1.849730,45.782780,2.70,2009-04-22T12:00:00+00:00
1.849730,45.782770,2.70,2009-04-22T12:00:00+00:00
1.849760,45.782770,2.90,2009-04-22T12:00:00+00:00
1.849730,45.782200,6.70,2009-04-22T12:00:00+00:00
1.849760,45.783220,8.70,2009-04-22T12:00:00+00:00
1.849720,45.782260,5.70,2009-04-22T12:00:00+00:00
1.849720,45.782250,5.70,2009-04-22T12:00:00+00:00
1.849720,45.782230,5.80,2009-04-22T12:00:00+00:00
1.849720,45.782220,6.10,2009-04-22T12:00:00+00:00
1.849710,45.783110,7.00,2009-04-22T12:00:00+00:00
1.848540,45.800410,20.80,2009-04-22T12:00:00+00:00
1.849730,45.782210,6.30,2009-04-22T12:00:00+00:00
1.849770,45.782770,2.90,2009-04-22T12:00:00+00:00
1.850180,45.784450,2.40,2009-04-22T12:00:00+00:00
1.849800,45.783690,8.00,2009-04-22T12:00:00+00:00
1.849800,45.783610,9.00,2009-04-22T12:00:00+00:00
1.849780,45.784000,3.10,2009-04-22T12:00:00+00:00
1.849780,45.783950,4.50,2009-04-22T12:00:00+00:00
1.849750,45.782770,2.80,2009-04-22T12:00:00+00:00
1.849780,45.783440,9.40,2009-04-22T12:00:00+00:00
1.849810,45.782160,8.10,2009-04-22T12:00:00+00:00
1.849770,45.782170,7.60,2009-04-22T12:00:00+00:00
1.849760,45.804650,7.20,2009-04-22T12:00:00+00:00
1.849760,45.800480,0.90,2009-04-22T12:00:00+00:00
1.849760,45.783970,3.50,2009-04-22T12:00:00+00:00
1.849760,45.783360,9.50,2009-04-22T12:00:00+00:00
1.849760,45.783280,9.20,2009-04-22T12:00:00+00:00
1.849780,45.783530,9.20,2009-04-22T12:00:00+00:00
1.850820,45.780070,1.30,2009-04-22T12:00:00+00:00
1.850710,45.780940,5.20,2009-04-22T12:00:00+00:00
1.850880,45.804230,20.20,2009-04-22T12:00:00+00:00
1.850870,45.780820,7.90,2009-04-22T12:00:00+00:00
1.850870,45.780210,2.80,2009-04-22T12:00:00+00:00
1.850850,45.780010,0.80,2009-04-22T12:00:00+00:00
1.850900,45.780280,3.70,2009-04-22T12:00:00+00:00
1.850830,45.780140,2.00,2009-04-22T12:00:00+00:00
1.850900,45.782010,12.30,2009-04-22T12:00:00+00:00
1.850810,45.782020,12.10,2009-04-22T12:00:00+00:00
1.850800,45.780890,7.10,2009-04-22T12:00:00+00:00
1.850790,45.784490,9.00,2009-04-22T12:00:00+00:00
1.850790,45.782260,12.50,2009-04-22T12:00:00+00:00
1.850740,45.800300,1.60,2009-04-22T12:00:00+00:00
1.850130,45.782090,11.30,2009-04-22T12:00:00+00:00
1.850830,45.800280,3.20,2009-04-22T12:00:00+00:00
1.850940,45.780510,6.30,2009-04-22T12:00:00+00:00
1.851410,45.786440,1.80,2009-04-22T12:00:00+00:00
1.851000,45.779960,0.50,2009-04-22T12:00:00+00:00
1.850990,45.804200,21.10,2009-04-22T12:00:00+00:00
1.850990,45.782340,13.00,2009-04-22T12:00:00+00:00
1.850990,45.781990,12.60,2009-04-22T12:00:00+00:00
1.850890,45.782300,12.70,2009-04-22T12:00:00+00:00
1.850940,45.780590,7.00,2009-04-22T12:00:00+00:00
1.850680,45.782230,12.70,2009-04-22T12:00:00+00:00
1.850930,45.780430,5.70,2009-04-22T12:00:00+00:00
1.850920,45.800230,5.00,2009-04-22T12:00:00+00:00
1.850920,45.784500,9.80,2009-04-22T12:00:00+00:00
1.850920,45.780760,7.90,2009-04-22T12:00:00+00:00
1.850920,45.780350,4.90,2009-04-22T12:00:00+00:00
1.850920,45.779980,0.50,2009-04-22T12:00:00+00:00
1.850950,45.780670,7.20,2009-04-22T12:00:00+00:00
1.850300,45.784460,3.70,2009-04-22T12:00:00+00:00
1.850720,45.782040,12.10,2009-04-22T12:00:00+00:00
1.850420,45.784480,5.30,2009-04-22T12:00:00+00:00
1.850350,45.782110,12.30,2009-04-22T12:00:00+00:00
1.850340,45.782080,12.50,2009-04-22T12:00:00+00:00
1.850340,45.781260,1.70,2009-04-22T12:00:00+00:00
1.850440,45.781200,1.30,2009-04-22T12:00:00+00:00
1.850310,45.800230,1.50,2009-04-22T12:00:00+00:00
1.850440,45.782070,12.30,2009-04-22T12:00:00+00:00
1.850270,45.782090,11.70,2009-04-22T12:00:00+00:00
1.850250,45.782070,11.60,2009-04-22T12:00:00+00:00
1.850240,45.781310,2.40,2009-04-22T12:00:00+00:00
1.850200,45.804480,11.10,2009-04-22T12:00:00+00:00
1.850200,45.800240,1.40,2009-04-22T12:00:00+00:00
1.849710,45.782320,5.00,2009-04-22T12:00:00+00:00
1.850320,45.804440,12.70,2009-04-22T12:00:00+00:00
1.850550,45.784480,6.90,2009-04-22T12:00:00+00:00
1.850660,45.804310,17.30,2009-04-22T12:00:00+00:00
1.850660,45.784480,8.10,2009-04-22T12:00:00+00:00
1.850640,45.800270,1.40,2009-04-22T12:00:00+00:00
1.850630,45.781010,3.00,2009-04-22T12:00:00+00:00
1.850620,45.782050,12.30,2009-04-22T12:00:00+00:00
1.850420,45.800230,1.70,2009-04-22T12:00:00+00:00
1.850550,45.804360,15.50,2009-04-22T12:00:00+00:00
1.850150,45.782020,11.40,2009-04-22T12:00:00+00:00
1.850550,45.781070,1.70,2009-04-22T12:00:00+00:00
1.850540,45.800240,1.70,2009-04-22T12:00:00+00:00
1.850520,45.782060,12.50,2009-04-22T12:00:00+00:00
1.850480,45.781130,1.10,2009-04-22T12:00:00+00:00
1.850450,45.782150,12.20,2009-04-22T12:00:00+00:00
1.850440,45.804400,13.90,2009-04-22T12:00:00+00:00
1.850560,45.782200,12.10,2009-04-22T12:00:00+00:00
1.849440,45.801480,7.90,2009-04-22T12:00:00+00:00
1.849160,45.781760,7.10,2009-04-22T12:00:00+00:00
1.849160,45.801760,14.10,2009-04-22T12:00:00+00:00
1.849210,45.800610,13.80,2009-04-22T12:00:00+00:00
1.849220,45.804880,8.70,2009-04-22T12:00:00+00:00
1.849230,45.801690,13.10,2009-04-22T12:00:00+00:00
1.849250,45.800340,9.70,2009-04-22T12:00:00+00:00
1.849270,45.781700,7.10,2009-04-22T12:00:00+00:00
1.849270,45.781760,7.80,2009-04-22T12:00:00+00:00
1.849300,45.801610,11.50,2009-04-22T12:00:00+00:00
1.849320,45.800640,10.90,2009-04-22T12:00:00+00:00
1.849330,45.804850,8.00,2009-04-22T12:00:00+00:00
1.849360,45.801540,9.70,2009-04-22T12:00:00+00:00
1.849370,45.800370,6.70,2009-04-22T12:00:00+00:00
1.849710,45.782750,2.40,2009-04-22T12:00:00+00:00
1.849560,45.800800,1.60,2009-04-22T12:00:00+00:00
1.849580,45.782940,1.20,2009-04-22T12:00:00+00:00
1.849580,45.782920,1.10,2009-04-22T12:00:00+00:00
1.849580,45.782910,1.00,2009-04-22T12:00:00+00:00
1.849580,45.782870,0.90,2009-04-22T12:00:00+00:00
1.849580,45.781860,9.90,2009-04-22T12:00:00+00:00
1.849390,45.781790,8.40,2009-04-22T12:00:00+00:00
1.849560,45.804760,6.70,2009-04-22T12:00:00+00:00
1.849430,45.800680,6.80,2009-04-22T12:00:00+00:00
1.849530,45.801420,5.50,2009-04-22T12:00:00+00:00
1.849500,45.781610,7.10,2009-04-22T12:00:00+00:00
1.849480,45.800400,4.70,2009-04-22T12:00:00+00:00
1.849470,45.781820,9.00,2009-04-22T12:00:00+00:00
1.849450,45.804800,7.20,2009-04-22T12:00:00+00:00
1.849100,45.804920,9.20,2009-04-22T12:00:00+00:00
1.849570,45.800870,0.80,2009-04-22T12:00:00+00:00
1.848700,45.781580,3.60,2009-04-22T12:00:00+00:00
1.849150,45.781720,7.00,2009-04-22T12:00:00+00:00
1.848780,45.802100,16.00,2009-04-22T12:00:00+00:00
1.848770,45.781980,4.90,2009-04-22T12:00:00+00:00
1.848760,45.800480,20.80,2009-04-22T12:00:00+00:00
1.848750,45.805030,9.00,2009-04-22T12:00:00+00:00
1.848820,45.800190,18.20,2009-04-22T12:00:00+00:00
1.848700,45.802160,15.10,2009-04-22T12:00:00+00:00
1.848860,45.802030,16.20,2009-04-22T12:00:00+00:00
1.848670,45.782020,3.40,2009-04-22T12:00:00+00:00
1.848650,45.800440,20.50,2009-04-22T12:00:00+00:00
1.848630,45.805060,8.40,2009-04-22T12:00:00+00:00
1.848630,45.802240,13.00,2009-04-22T12:00:00+00:00
1.848610,45.800100,21.20,2009-04-22T12:00:00+00:00
1.848580,45.781550,2.80,2009-04-22T12:00:00+00:00
1.848710,45.800140,19.90,2009-04-22T12:00:00+00:00
1.848980,45.800550,19.90,2009-04-22T12:00:00+00:00
1.849580,45.800440,3.20,2009-04-22T12:00:00+00:00
1.849100,45.800580,17.70,2009-04-22T12:00:00+00:00
1.849090,45.801830,15.00,2009-04-22T12:00:00+00:00
1.849070,45.781820,6.70,2009-04-22T12:00:00+00:00
1.849040,45.781680,5.80,2009-04-22T12:00:00+00:00
1.848810,45.781620,4.30,2009-04-22T12:00:00+00:00
1.848980,45.804960,9.40,2009-04-22T12:00:00+00:00
1.849140,45.800300,12.30,2009-04-22T12:00:00+00:00
1.848970,45.781880,7.00,2009-04-22T12:00:00+00:00
1.848940,45.801960,16.20,2009-04-22T12:00:00+00:00
1.848930,45.781650,4.80,2009-04-22T12:00:00+00:00
1.848920,45.800230,16.30,2009-04-22T12:00:00+00:00
1.848880,45.781930,6.50,2009-04-22T12:00:00+00:00
1.848870,45.800520,20.90,2009-04-22T12:00:00+00:00
1.849030,45.800270,14.10,2009-04-22T12:00:00+00:00
1.849680,45.782670,2.40,2009-04-22T12:00:00+00:00
1.849680,45.782560,3.00,2009-04-22T12:00:00+00:00
1.849680,45.782830,1.80,2009-04-22T12:00:00+00:00
1.849680,45.782820,2.00,2009-04-22T12:00:00+00:00
1.849680,45.782720,2.10,2009-04-22T12:00:00+00:00
1.849680,45.782700,2.00,2009-04-22T12:00:00+00:00
1.849680,45.800460,2.00,2009-04-22T12:00:00+00:00
1.849680,45.782680,2.10,2009-04-22T12:00:00+00:00
1.849680,45.801230,1.60,2009-04-22T12:00:00+00:00
1.849680,45.782660,2.50,2009-04-22T12:00:00+00:00
1.849680,45.782650,2.40,2009-04-22T12:00:00+00:00
1.849680,45.782640,2.60,2009-04-22T12:00:00+00:00
1.849680,45.782620,2.70,2009-04-22T12:00:00+00:00
1.849680,45.782600,2.90,2009-04-22T12:00:00+00:00
1.849580,45.782960,1.50,2009-04-22T12:00:00+00:00
1.849680,45.782690,2.10,2009-04-22T12:00:00+00:00
1.849700,45.781890,10.00,2009-04-22T12:00:00+00:00
1.849710,45.782310,5.10,2009-04-22T12:00:00+00:00
1.849710,45.782290,5.20,2009-04-22T12:00:00+00:00
1.849700,45.783160,8.00,2009-04-22T12:00:00+00:00
1.849700,45.783080,6.00,2009-04-22T12:00:00+00:00
1.849700,45.782800,2.50,2009-04-22T12:00:00+00:00
1.849680,45.783050,5.20,2009-04-22T12:00:00+00:00
1.849700,45.782340,4.90,2009-04-22T12:00:00+00:00
1.849680,45.782550,3.00,2009-04-22T12:00:00+00:00
1.849700,45.781530,6.30,2009-04-22T12:00:00+00:00
1.849690,45.782680,2.30,2009-04-22T12:00:00+00:00
1.849690,45.782400,4.40,2009-04-22T12:00:00+00:00
1.849690,45.782390,4.40,2009-04-22T12:00:00+00:00
1.849690,45.782380,4.60,2009-04-22T12:00:00+00:00
1.849680,45.801300,2.20,2009-04-22T12:00:00+00:00
1.849700,45.782360,4.80,2009-04-22T12:00:00+00:00
1.849600,45.782990,2.20,2009-04-22T12:00:00+00:00
1.849680,45.782580,3.00,2009-04-22T12:00:00+00:00
1.849620,45.783020,3.30,2009-04-22T12:00:00+00:00
1.849620,45.782850,2.90,2009-04-22T12:00:00+00:00
1.849610,45.801360,3.20,2009-04-22T12:00:00+00:00
1.849610,45.782870,0.90,2009-04-22T12:00:00+00:00
1.849630,45.801080,1.10,2009-04-22T12:00:00+00:00
1.849600,45.783000,2.80,2009-04-22T12:00:00+00:00
1.849650,45.782840,1.40,2009-04-22T12:00:00+00:00
1.849600,45.782880,1.00,2009-04-22T12:00:00+00:00
1.849600,45.782870,2.90,2009-04-22T12:00:00+00:00
1.849600,45.782850,2.90,2009-04-22T12:00:00+00:00
1.849600,45.781570,6.80,2009-04-22T12:00:00+00:00
1.849580,45.800940,0.60,2009-04-22T12:00:00+00:00
1.851000,45.800170,7.20,2009-04-22T12:00:00+00:00
1.849600,45.801020,0.90,2009-04-22T12:00:00+00:00
1.849670,45.782720,1.90,2009-04-22T12:00:00+00:00
1.849680,45.782530,3.10,2009-04-22T12:00:00+00:00
1.849680,45.782510,3.10,2009-04-22T12:00:00+00:00
1.849680,45.782490,3.00,2009-04-22T12:00:00+00:00
1.849680,45.782470,3.20,2009-04-22T12:00:00+00:00
1.849680,45.782450,3.70,2009-04-22T12:00:00+00:00
1.849630,45.782840,2.90,2009-04-22T12:00:00+00:00
1.849680,45.782420,4.30,2009-04-22T12:00:00+00:00
1.849580,45.782970,1.80,2009-04-22T12:00:00+00:00
1.849670,45.782710,1.90,2009-04-22T12:00:00+00:00
1.849670,45.782700,2.10,2009-04-22T12:00:00+00:00
1.849660,45.804710,6.60,2009-04-22T12:00:00+00:00
1.849660,45.801160,1.10,2009-04-22T12:00:00+00:00
1.849660,45.782710,1.80,2009-04-22T12:00:00+00:00
1.849650,45.783030,4.20,2009-04-22T12:00:00+00:00
1.849680,45.782430,4.00,2009-04-22T12:00:00+00:00
1.857590,45.813520,13.60,2009-04-22T12:00:00+00:00
1.857490,45.813680,9.80,2009-04-22T12:00:00+00:00
1.857500,45.786700,11.40,2009-04-22T12:00:00+00:00
1.857500,45.799860,2.30,2009-04-22T12:00:00+00:00
1.857510,45.805400,21.40,2009-04-22T12:00:00+00:00
1.857510,45.814010,7.70,2009-04-22T12:00:00+00:00
1.857520,45.792540,6.30,2009-04-22T12:00:00+00:00
1.857520,45.814990,1.70,2009-04-22T12:00:00+00:00
1.857530,45.792000,15.90,2009-04-22T12:00:00+00:00
1.857540,45.813600,11.20,2009-04-22T12:00:00+00:00
1.857550,45.797630,23.40,2009-04-22T12:00:00+00:00
1.857560,45.786680,10.30,2009-04-22T12:00:00+00:00
1.857560,45.799620,10.00,2009-04-22T12:00:00+00:00
1.857560,45.805310,16.50,2009-04-22T12:00:00+00:00
1.857260,45.805980,29.90,2009-04-22T12:00:00+00:00
1.857620,45.814060,8.10,2009-04-22T12:00:00+00:00
1.857670,45.805160,12.40,2009-04-22T12:00:00+00:00
1.857670,45.799850,1.70,2009-04-22T12:00:00+00:00
1.857670,45.786650,10.50,2009-04-22T12:00:00+00:00
1.857650,45.804510,2.00,2009-04-22T12:00:00+00:00
1.857650,45.799680,7.20,2009-04-22T12:00:00+00:00
1.857570,45.799860,1.20,2009-04-22T12:00:00+00:00
1.857630,45.813440,15.50,2009-04-22T12:00:00+00:00
1.857570,45.804550,3.00,2009-04-22T12:00:00+00:00
1.857620,45.805230,15.10,2009-04-22T12:00:00+00:00
1.857620,45.797700,23.10,2009-04-22T12:00:00+00:00
1.857620,45.786720,11.80,2009-04-22T12:00:00+00:00
1.857610,45.792570,4.80,2009-04-22T12:00:00+00:00
1.857610,45.792040,14.30,2009-04-22T12:00:00+00:00
1.857470,45.797560,23.60,2009-04-22T12:00:00+00:00
1.857630,45.815010,1.10,2009-04-22T12:00:00+00:00
1.857290,45.792500,11.20,2009-04-22T12:00:00+00:00
1.857470,45.805480,26.60,2009-04-22T12:00:00+00:00
1.857340,45.813920,7.50,2009-04-22T12:00:00+00:00
1.857340,45.805730,28.50,2009-04-22T12:00:00+00:00
1.857340,45.797420,23.90,2009-04-22T12:00:00+00:00
1.857320,45.813890,7.60,2009-04-22T12:00:00+00:00
1.857360,45.799510,15.20,2009-04-22T12:00:00+00:00
1.857320,45.786720,10.50,2009-04-22T12:00:00+00:00
1.857370,45.799860,3.50,2009-04-22T12:00:00+00:00
1.857280,45.814960,1.70,2009-04-22T12:00:00+00:00
1.857280,45.814010,7.40,2009-04-22T12:00:00+00:00
1.857280,45.805900,28.20,2009-04-22T12:00:00+00:00
1.857280,45.804700,10.20,2009-04-22T12:00:00+00:00
1.857280,45.799460,17.00,2009-04-22T12:00:00+00:00
1.858200,45.785730,2.30,2009-04-22T12:00:00+00:00
1.857320,45.805820,28.70,2009-04-22T12:00:00+00:00
1.857410,45.792510,8.50,2009-04-22T12:00:00+00:00
1.857700,45.797770,23.20,2009-04-22T12:00:00+00:00
1.857460,45.799570,12.70,2009-04-22T12:00:00+00:00
1.857440,45.813760,8.50,2009-04-22T12:00:00+00:00
1.857440,45.791970,17.80,2009-04-22T12:00:00+00:00
1.857440,45.786700,10.30,2009-04-22T12:00:00+00:00
1.857350,45.791930,20.00,2009-04-22T12:00:00+00:00
1.857410,45.813950,7.60,2009-04-22T12:00:00+00:00
1.857470,45.804600,6.10,2009-04-22T12:00:00+00:00
1.857400,45.797480,23.90,2009-04-22T12:00:00+00:00
1.857390,45.814980,1.90,2009-04-22T12:00:00+00:00
1.857390,45.813840,7.90,2009-04-22T12:00:00+00:00
1.857380,45.804650,8.10,2009-04-22T12:00:00+00:00
1.857380,45.786680,10.50,2009-04-22T12:00:00+00:00
1.857370,45.805640,28.40,2009-04-22T12:00:00+00:00
1.857420,45.805560,28.10,2009-04-22T12:00:00+00:00
1.857980,45.786540,9.90,2009-04-22T12:00:00+00:00
1.857910,45.814240,8.70,2009-04-22T12:00:00+00:00
1.858000,45.804600,0.90,2009-04-22T12:00:00+00:00
1.858000,45.792290,2.00,2009-04-22T12:00:00+00:00
1.857990,45.804740,3.50,2009-04-22T12:00:00+00:00
1.857990,45.792330,1.70,2009-04-22T12:00:00+00:00
1.858010,45.814310,9.00,2009-04-22T12:00:00+00:00
1.857980,45.792190,6.10,2009-04-22T12:00:00+00:00
1.858030,45.792240,3.50,2009-04-22T12:00:00+00:00
1.857970,45.797970,22.50,2009-04-22T12:00:00+00:00
1.857960,45.804780,3.70,2009-04-22T12:00:00+00:00
1.857960,45.792380,1.40,2009-04-22T12:00:00+00:00
1.857960,45.786800,12.30,2009-04-22T12:00:00+00:00
1.857950,45.812950,24.80,2009-04-22T12:00:00+00:00
1.857690,45.813350,18.30,2009-04-22T12:00:00+00:00
1.857980,45.815030,2.20,2009-04-22T12:00:00+00:00
1.858090,45.815020,7.10,2009-04-22T12:00:00+00:00
1.856640,45.802890,11.90,2009-04-22T12:00:00+00:00
1.858170,45.785670,0.90,2009-04-22T12:00:00+00:00
1.858160,45.786870,11.80,2009-04-22T12:00:00+00:00
1.858160,45.786440,10.30,2009-04-22T12:00:00+00:00
1.858140,45.798100,21.80,2009-04-22T12:00:00+00:00
1.858010,45.812860,25.50,2009-04-22T12:00:00+00:00
1.858110,45.814370,9.40,2009-04-22T12:00:00+00:00
1.857900,45.813030,24.70,2009-04-22T12:00:00+00:00
1.858070,45.786500,10.30,2009-04-22T12:00:00+00:00
1.858060,45.812780,24.90,2009-04-22T12:00:00+00:00
1.858060,45.786830,11.90,2009-04-22T12:00:00+00:00
1.858050,45.798030,21.80,2009-04-22T12:00:00+00:00
1.858040,45.804630,0.70,2009-04-22T12:00:00+00:00
1.858030,45.804700,1.50,2009-04-22T12:00:00+00:00
1.858130,45.812700,24.00,2009-04-22T12:00:00+00:00
1.857730,45.799790,3.00,2009-04-22T12:00:00+00:00
1.857920,45.792430,1.70,2009-04-22T12:00:00+00:00
1.857790,45.792590,3.30,2009-04-22T12:00:00+00:00
1.857790,45.786620,10.50,2009-04-22T12:00:00+00:00
1.857780,45.804990,8.20,2009-04-22T12:00:00+00:00
1.857740,45.815040,0.80,2009-04-22T12:00:00+00:00
1.857800,45.804500,0.50,2009-04-22T12:00:00+00:00
1.857730,45.804480,1.00,2009-04-22T12:00:00+00:00
1.857800,45.813190,22.40,2009-04-22T12:00:00+00:00
1.857730,45.786740,12.10,2009-04-22T12:00:00+00:00
1.857720,45.814130,8.30,2009-04-22T12:00:00+00:00
1.857720,45.805070,10.20,2009-04-22T12:00:00+00:00
1.857720,45.792610,3.50,2009-04-22T12:00:00+00:00
1.857700,45.799730,4.90,2009-04-22T12:00:00+00:00
1.857260,45.797340,24.30,2009-04-22T12:00:00+00:00
1.857740,45.813270,20.50,2009-04-22T12:00:00+00:00
1.857860,45.813110,24.60,2009-04-22T12:00:00+00:00
1.857900,45.804850,5.10,2009-04-22T12:00:00+00:00
1.857880,45.804550,0.80,2009-04-22T12:00:00+00:00
1.857880,45.797900,22.70,2009-04-22T12:00:00+00:00
1.857880,45.792470,2.90,2009-04-22T12:00:00+00:00
1.857880,45.792120,8.70,2009-04-22T12:00:00+00:00
1.857800,45.797840,22.80,2009-04-22T12:00:00+00:00
1.857860,45.815020,1.20,2009-04-22T12:00:00+00:00
1.857700,45.792070,12.40,2009-04-22T12:00:00+00:00
1.857850,45.786760,12.30,2009-04-22T12:00:00+00:00
1.857840,45.804520,0.50,2009-04-22T12:00:00+00:00
1.857830,45.804920,6.80,2009-04-22T12:00:00+00:00
1.857830,45.792540,3.10,2009-04-22T12:00:00+00:00
1.857810,45.814180,8.50,2009-04-22T12:00:00+00:00
1.857810,45.792090,10.90,2009-04-22T12:00:00+00:00
1.857880,45.786580,10.30,2009-04-22T12:00:00+00:00
1.856880,45.814820,1.80,2009-04-22T12:00:00+00:00
1.856820,45.802800,8.10,2009-04-22T12:00:00+00:00
1.856820,45.804960,20.20,2009-04-22T12:00:00+00:00
1.856830,45.808300,27.20,2009-04-22T12:00:00+00:00
1.856840,45.791740,22.30,2009-04-22T12:00:00+00:00
1.856840,45.808130,27.10,2009-04-22T12:00:00+00:00
1.856840,45.808220,27.10,2009-04-22T12:00:00+00:00
1.856840,45.813600,6.40,2009-04-22T12:00:00+00:00
1.856850,45.786820,9.90,2009-04-22T12:00:00+00:00
1.856850,45.802420,1.80,2009-04-22T12:00:00+00:00
1.856860,45.786510,3.30,2009-04-22T12:00:00+00:00
1.856860,45.808040,26.80,2009-04-22T12:00:00+00:00
1.856860,45.814740,2.60,2009-04-22T12:00:00+00:00
1.856870,45.797010,23.80,2009-04-22T12:00:00+00:00
1.857280,45.786640,9.20,2009-04-22T12:00:00+00:00
1.856910,45.807760,27.20,2009-04-22T12:00:00+00:00
1.856930,45.813670,6.80,2009-04-22T12:00:00+00:00
1.856930,45.791780,22.10,2009-04-22T12:00:00+00:00
1.856920,45.807680,27.00,2009-04-22T12:00:00+00:00
1.856920,45.804900,18.00,2009-04-22T12:00:00+00:00
1.856920,45.792460,15.90,2009-04-22T12:00:00+00:00
1.856880,45.799830,11.30,2009-04-22T12:00:00+00:00
1.856910,45.814660,3.70,2009-04-22T12:00:00+00:00
1.856880,45.807940,27.20,2009-04-22T12:00:00+00:00
1.856910,45.802470,2.10,2009-04-22T12:00:00+00:00
1.856900,45.802760,5.80,2009-04-22T12:00:00+00:00
1.856900,45.799220,20.20,2009-04-22T12:00:00+00:00
1.856890,45.807860,27.00,2009-04-22T12:00:00+00:00
1.856890,45.781040,2.20,2009-04-22T12:00:00+00:00
1.856810,45.808400,26.90,2009-04-22T12:00:00+00:00
1.856920,45.780820,2.50,2009-04-22T12:00:00+00:00
1.856690,45.809020,27.80,2009-04-22T12:00:00+00:00
1.856820,45.799160,21.20,2009-04-22T12:00:00+00:00
1.856720,45.786850,10.00,2009-04-22T12:00:00+00:00
1.856720,45.780850,2.70,2009-04-22T12:00:00+00:00
1.856710,45.808840,27.30,2009-04-22T12:00:00+00:00
1.856710,45.781140,2.00,2009-04-22T12:00:00+00:00
1.856730,45.791690,22.40,2009-04-22T12:00:00+00:00
1.856700,45.802340,2.00,2009-04-22T12:00:00+00:00
1.856730,45.799090,22.20,2009-04-22T12:00:00+00:00
1.856690,45.792410,19.90,2009-04-22T12:00:00+00:00
1.856670,45.809110,27.90,2009-04-22T12:00:00+00:00
1.856670,45.796780,23.60,2009-04-22T12:00:00+00:00
1.856660,45.813480,6.10,2009-04-22T12:00:00+00:00
1.856660,45.781210,2.10,2009-04-22T12:00:00+00:00
1.856640,45.809200,28.30,2009-04-22T12:00:00+00:00
1.856700,45.808930,27.70,2009-04-22T12:00:00+00:00
1.856750,45.813540,6.20,2009-04-22T12:00:00+00:00
1.856940,45.807590,27.50,2009-04-22T12:00:00+00:00
1.856810,45.792440,18.10,2009-04-22T12:00:00+00:00
1.856810,45.781100,2.10,2009-04-22T12:00:00+00:00
1.856800,45.796930,23.50,2009-04-22T12:00:00+00:00
1.856790,45.808480,27.50,2009-04-22T12:00:00+00:00
1.856730,45.786490,2.40,2009-04-22T12:00:00+00:00
1.856760,45.808570,27.40,2009-04-22T12:00:00+00:00
1.856820,45.780830,2.60,2009-04-22T12:00:00+00:00
1.856750,45.799820,12.70,2009-04-22T12:00:00+00:00
1.856740,45.808660,27.70,2009-04-22T12:00:00+00:00
1.856740,45.802850,10.20,2009-04-22T12:00:00+00:00
1.856740,45.796860,23.50,2009-04-22T12:00:00+00:00
1.856730,45.808760,27.70,2009-04-22T12:00:00+00:00
1.856730,45.805000,21.00,2009-04-22T12:00:00+00:00
1.856790,45.802370,1.80,2009-04-22T12:00:00+00:00
1.857110,45.797210,24.60,2009-04-22T12:00:00+00:00
1.857070,45.814330,7.10,2009-04-22T12:00:00+00:00
1.857150,45.791850,21.60,2009-04-22T12:00:00+00:00
1.857140,45.806510,27.70,2009-04-22T12:00:00+00:00
1.857130,45.799840,8.60,2009-04-22T12:00:00+00:00
1.857120,45.814240,7.70,2009-04-22T12:00:00+00:00
1.857160,45.806420,27.60,2009-04-22T12:00:00+00:00
1.857110,45.806600,27.90,2009-04-22T12:00:00+00:00
1.857170,45.792490,12.60,2009-04-22T12:00:00+00:00
1.857100,45.806700,27.70,2009-04-22T12:00:00+00:00
1.857090,45.804800,13.90,2009-04-22T12:00:00+00:00
1.857090,45.799340,19.70,2009-04-22T12:00:00+00:00
1.857090,45.786780,10.50,2009-04-22T12:00:00+00:00
1.857080,45.806780,27.80,2009-04-22T12:00:00+00:00
1.856940,45.780980,2.20,2009-04-22T12:00:00+00:00
1.857120,45.813780,7.10,2009-04-22T12:00:00+00:00
1.857200,45.786750,10.50,2009-04-22T12:00:00+00:00
1.857260,45.791890,20.90,2009-04-22T12:00:00+00:00
1.857250,45.806070,29.40,2009-04-22T12:00:00+00:00
1.857250,45.799850,5.80,2009-04-22T12:00:00+00:00
1.857230,45.814080,7.80,2009-04-22T12:00:00+00:00
1.857230,45.806160,28.60,2009-04-22T12:00:00+00:00
1.857160,45.786620,7.10,2009-04-22T12:00:00+00:00
1.857200,45.806250,27.90,2009-04-22T12:00:00+00:00
1.857060,45.814900,1.30,2009-04-22T12:00:00+00:00
1.857180,45.814160,8.00,2009-04-22T12:00:00+00:00
1.857180,45.806340,28.50,2009-04-22T12:00:00+00:00
1.857180,45.804750,11.80,2009-04-22T12:00:00+00:00
1.857180,45.799400,19.00,2009-04-22T12:00:00+00:00
1.857180,45.797280,24.40,2009-04-22T12:00:00+00:00
1.857170,45.814940,1.40,2009-04-22T12:00:00+00:00
1.857220,45.813840,7.40,2009-04-22T12:00:00+00:00
1.856970,45.802720,3.50,2009-04-22T12:00:00+00:00
1.857080,45.802640,1.50,2009-04-22T12:00:00+00:00
1.856990,45.814500,5.80,2009-04-22T12:00:00+00:00
1.856990,45.807320,27.40,2009-04-22T12:00:00+00:00
1.856990,45.804860,16.70,2009-04-22T12:00:00+00:00
1.856990,45.799280,19.90,2009-04-22T12:00:00+00:00
1.857000,45.780930,2.10,2009-04-22T12:00:00+00:00
1.856970,45.807410,27.40,2009-04-22T12:00:00+00:00
1.857000,45.799830,10.30,2009-04-22T12:00:00+00:00
1.856970,45.786810,10.70,2009-04-22T12:00:00+00:00
1.856960,45.807500,27.10,2009-04-22T12:00:00+00:00
1.856950,45.814870,1.10,2009-04-22T12:00:00+00:00
1.856950,45.814580,4.50,2009-04-22T12:00:00+00:00
1.856950,45.786570,5.00,2009-04-22T12:00:00+00:00
1.858210,45.785610,1.30,2009-04-22T12:00:00+00:00
1.856980,45.802490,1.90,2009-04-22T12:00:00+00:00
1.857030,45.814410,6.40,2009-04-22T12:00:00+00:00
1.857060,45.806870,27.60,2009-04-22T12:00:00+00:00
1.857050,45.792480,14.20,2009-04-22T12:00:00+00:00
1.857050,45.786610,5.90,2009-04-22T12:00:00+00:00
1.857040,45.806960,27.70,2009-04-22T12:00:00+00:00
1.857040,45.802690,2.20,2009-04-22T12:00:00+00:00
1.857000,45.780860,2.10,2009-04-22T12:00:00+00:00
1.857040,45.791820,22.00,2009-04-22T12:00:00+00:00
1.856940,45.797080,24.00,2009-04-22T12:00:00+00:00
1.857020,45.813720,7.10,2009-04-22T12:00:00+00:00
1.857020,45.807050,27.60,2009-04-22T12:00:00+00:00
1.857020,45.802550,1.90,2009-04-22T12:00:00+00:00
1.857020,45.797140,24.40,2009-04-22T12:00:00+00:00
1.857010,45.807140,27.60,2009-04-22T12:00:00+00:00
1.857000,45.807230,27.40,2009-04-22T12:00:00+00:00
1.857040,45.802600,1.60,2009-04-22T12:00:00+00:00
1.859520,45.795880,15.00,2009-04-22T12:00:00+00:00
1.859400,45.816430,7.90,2009-04-22T12:00:00+00:00
1.859410,45.810860,2.70,2009-04-22T12:00:00+00:00
1.859420,45.784680,0.60,2009-04-22T12:00:00+00:00
1.859420,45.794240,1.20,2009-04-22T12:00:00+00:00
1.859440,45.795710,11.80,2009-04-22T12:00:00+00:00
1.859470,45.810780,2.60,2009-04-22T12:00:00+00:00
1.859470,45.815220,21.20,2009-04-22T12:00:00+00:00
1.859480,45.786880,4.00,2009-04-22T12:00:00+00:00
1.859480,45.795790,13.80,2009-04-22T12:00:00+00:00
1.859480,45.799180,14.40,2009-04-22T12:00:00+00:00
1.859480,45.816820,0.80,2009-04-22T12:00:00+00:00
1.859490,45.786490,6.20,2009-04-22T12:00:00+00:00
1.859500,45.816380,8.80,2009-04-22T12:00:00+00:00
1.859210,45.784620,0.70,2009-04-22T12:00:00+00:00
1.859560,45.799240,14.30,2009-04-22T12:00:00+00:00
1.859600,45.816310,9.50,2009-04-22T12:00:00+00:00
1.859590,45.816820,0.70,2009-04-22T12:00:00+00:00
1.859590,45.796060,17.80,2009-04-22T12:00:00+00:00
1.859590,45.786730,6.20,2009-04-22T12:00:00+00:00
1.859580,45.810620,2.90,2009-04-22T12:00:00+00:00
1.859510,45.784720,0.60,2009-04-22T12:00:00+00:00
1.859560,45.815280,21.50,2009-04-22T12:00:00+00:00
1.859510,45.814640,22.30,2009-04-22T12:00:00+00:00
1.859560,45.785080,1.40,2009-04-22T12:00:00+00:00
1.859550,45.795980,16.70,2009-04-22T12:00:00+00:00
1.859540,45.794240,2.40,2009-04-22T12:00:00+00:00
1.859540,45.786810,4.70,2009-04-22T12:00:00+00:00
1.859520,45.810700,2.60,2009-04-22T12:00:00+00:00
1.859400,45.795650,8.30,2009-04-22T12:00:00+00:00
1.859580,45.784750,0.60,2009-04-22T12:00:00+00:00
1.859230,45.816570,5.20,2009-04-22T12:00:00+00:00
1.859400,45.814670,22.60,2009-04-22T12:00:00+00:00
1.859280,45.816840,1.10,2009-04-22T12:00:00+00:00
1.859270,45.815090,20.80,2009-04-22T12:00:00+00:00
1.859270,45.795410,3.10,2009-04-22T12:00:00+00:00
1.859270,45.787080,0.50,2009-04-22T12:00:00+00:00
1.859300,45.784630,0.70,2009-04-22T12:00:00+00:00
1.859260,45.811100,3.30,2009-04-22T12:00:00+00:00
1.859310,45.795490,3.90,2009-04-22T12:00:00+00:00
1.859230,45.798980,15.90,2009-04-22T12:00:00+00:00
1.859220,45.795330,2.80,2009-04-22T12:00:00+00:00
1.859220,45.794310,1.20,2009-04-22T12:00:00+00:00
1.859210,45.811190,3.70,2009-04-22T12:00:00+00:00
1.859210,45.787140,0.80,2009-04-22T12:00:00+00:00
1.858180,45.812620,23.30,2009-04-22T12:00:00+00:00
1.859270,45.786430,3.90,2009-04-22T12:00:00+00:00
1.859340,45.787030,1.50,2009-04-22T12:00:00+00:00
1.859630,45.786660,5.70,2009-04-22T12:00:00+00:00
1.859400,45.786950,2.90,2009-04-22T12:00:00+00:00
1.859380,45.816830,1.00,2009-04-22T12:00:00+00:00
1.859380,45.786470,4.80,2009-04-22T12:00:00+00:00
1.859370,45.815160,21.40,2009-04-22T12:00:00+00:00
1.859290,45.814700,22.00,2009-04-22T12:00:00+00:00
1.859360,45.795570,5.50,2009-04-22T12:00:00+00:00
1.859400,45.799120,14.70,2009-04-22T12:00:00+00:00
1.859340,45.784660,0.70,2009-04-22T12:00:00+00:00
1.859330,45.785140,2.00,2009-04-22T12:00:00+00:00
1.859320,45.816500,6.30,2009-04-22T12:00:00+00:00
1.859320,45.794260,1.20,2009-04-22T12:00:00+00:00
1.859310,45.811020,2.90,2009-04-22T12:00:00+00:00
1.859310,45.799050,15.20,2009-04-22T12:00:00+00:00
1.859360,45.810940,2.70,2009-04-22T12:00:00+00:00
1.859870,45.796670,20.80,2009-04-22T12:00:00+00:00
1.859810,45.786350,3.70,2009-04-22T12:00:00+00:00
1.859900,45.810150,3.00,2009-04-22T12:00:00+00:00
1.859900,45.796760,21.20,2009-04-22T12:00:00+00:00
1.851410,45.780170,2.40,2009-04-22T12:00:00+00:00
1.859880,45.816120,13.30,2009-04-22T12:00:00+00:00
1.859910,45.816760,2.50,2009-04-22T12:00:00+00:00
1.859880,45.784830,5.60,2009-04-22T12:00:00+00:00
1.859920,45.796850,21.50,2009-04-22T12:00:00+00:00
1.859860,45.814540,22.20,2009-04-22T12:00:00+00:00
1.859860,45.786540,5.60,2009-04-22T12:00:00+00:00
1.859840,45.810220,3.10,2009-04-22T12:00:00+00:00
1.859840,45.799430,11.90,2009-04-22T12:00:00+00:00
1.859840,45.796580,20.60,2009-04-22T12:00:00+00:00
1.859620,45.786510,6.40,2009-04-22T12:00:00+00:00
1.854080,45.811950,18.20,2009-04-22T12:00:00+00:00
1.859980,45.786260,1.80,2009-04-22T12:00:00+00:00
1.860000,45.797110,21.80,2009-04-22T12:00:00+00:00
1.860000,45.784910,0.60,2009-04-22T12:00:00+00:00
1.859990,45.814500,21.90,2009-04-22T12:00:00+00:00
1.859990,45.784980,6.80,2009-04-22T12:00:00+00:00
1.859980,45.816070,14.30,2009-04-22T12:00:00+00:00
1.859910,45.785020,0.60,2009-04-22T12:00:00+00:00
1.859980,45.786530,5.50,2009-04-22T12:00:00+00:00
1.859800,45.816800,1.70,2009-04-22T12:00:00+00:00
1.859960,45.794530,10.10,2009-04-22T12:00:00+00:00
1.859950,45.810080,3.00,2009-04-22T12:00:00+00:00
1.859950,45.796940,21.50,2009-04-22T12:00:00+00:00
1.859950,45.784850,29.20,2009-04-22T12:00:00+00:00
1.859920,45.815530,21.10,2009-04-22T12:00:00+00:00
1.859920,45.799500,10.70,2009-04-22T12:00:00+00:00
1.859980,45.797020,21.70,2009-04-22T12:00:00+00:00
1.859660,45.786580,5.80,2009-04-22T12:00:00+00:00
1.859820,45.815470,21.30,2009-04-22T12:00:00+00:00
1.859690,45.816800,1.10,2009-04-22T12:00:00+00:00
1.859690,45.816250,10.70,2009-04-22T12:00:00+00:00
1.859680,45.796230,18.60,2009-04-22T12:00:00+00:00
1.859680,45.785060,1.20,2009-04-22T12:00:00+00:00
1.859720,45.794350,6.40,2009-04-22T12:00:00+00:00
1.859660,45.799310,13.90,2009-04-22T12:00:00+00:00
1.859730,45.784790,0.60,2009-04-22T12:00:00+00:00
1.859650,45.815340,21.20,2009-04-22T12:00:00+00:00
1.859650,45.784770,0.60,2009-04-22T12:00:00+00:00
1.859640,45.796140,18.40,2009-04-22T12:00:00+00:00
1.859640,45.794280,4.70,2009-04-22T12:00:00+00:00
1.859630,45.814600,22.10,2009-04-22T12:00:00+00:00
1.859190,45.795250,2.60,2009-04-22T12:00:00+00:00
1.859670,45.810460,3.20,2009-04-22T12:00:00+00:00
1.859750,45.786420,5.10,2009-04-22T12:00:00+00:00
1.859800,45.796500,20.10,2009-04-22T12:00:00+00:00
1.859800,45.794400,8.20,2009-04-22T12:00:00+00:00
1.859800,45.785040,1.00,2009-04-22T12:00:00+00:00
1.859790,45.810300,3.00,2009-04-22T12:00:00+00:00
1.859790,45.784810,4.20,2009-04-22T12:00:00+00:00
1.859700,45.786490,5.80,2009-04-22T12:00:00+00:00
1.859760,45.796410,19.70,2009-04-22T12:00:00+00:00
1.859620,45.810530,2.90,2009-04-22T12:00:00+00:00
1.859740,45.815400,21.30,2009-04-22T12:00:00+00:00
1.859740,45.814570,22.20,2009-04-22T12:00:00+00:00
1.859740,45.810380,3.10,2009-04-22T12:00:00+00:00
1.859740,45.799360,12.90,2009-04-22T12:00:00+00:00
1.859740,45.786520,5.80,2009-04-22T12:00:00+00:00
1.859730,45.796320,19.10,2009-04-22T12:00:00+00:00
1.859780,45.816180,11.90,2009-04-22T12:00:00+00:00
1.858660,45.785480,4.40,2009-04-22T12:00:00+00:00
1.858500,45.814620,19.40,2009-04-22T12:00:00+00:00
1.858530,45.785860,6.70,2009-04-22T12:00:00+00:00
1.858560,45.786080,7.50,2009-04-22T12:00:00+00:00
1.858560,45.812160,16.50,2009-04-22T12:00:00+00:00
1.858570,45.785790,6.10,2009-04-22T12:00:00+00:00
1.858570,45.798430,19.50,2009-04-22T12:00:00+00:00
1.858590,45.814680,19.20,2009-04-22T12:00:00+00:00
1.858590,45.814910,20.60,2009-04-22T12:00:00+00:00
1.858600,45.785260,2.60,2009-04-22T12:00:00+00:00
1.858600,45.785710,5.70,2009-04-22T12:00:00+00:00
1.858600,45.787020,6.50,2009-04-22T12:00:00+00:00
1.858620,45.785640,5.10,2009-04-22T12:00:00+00:00
1.858640,45.785560,4.60,2009-04-22T12:00:00+00:00
1.859210,45.785160,2.30,2009-04-22T12:00:00+00:00
1.858700,45.814880,21.20,2009-04-22T12:00:00+00:00
1.858760,45.811830,11.40,2009-04-22T12:00:00+00:00
1.858760,45.785190,3.00,2009-04-22T12:00:00+00:00
1.858750,45.785260,3.10,2009-04-22T12:00:00+00:00
1.858740,45.798580,19.20,2009-04-22T12:00:00+00:00
1.858740,45.786200,4.30,2009-04-22T12:00:00+00:00
1.858650,45.786150,6.20,2009-04-22T12:00:00+00:00
1.858710,45.811920,13.00,2009-04-22T12:00:00+00:00
1.858650,45.798510,19.50,2009-04-22T12:00:00+00:00
1.858700,45.787070,5.90,2009-04-22T12:00:00+00:00
1.858700,45.785330,3.60,2009-04-22T12:00:00+00:00
1.858680,45.814740,20.30,2009-04-22T12:00:00+00:00
1.858680,45.785410,4.00,2009-04-22T12:00:00+00:00
1.858660,45.812000,14.30,2009-04-22T12:00:00+00:00
1.858500,45.785950,7.40,2009-04-22T12:00:00+00:00
1.858720,45.785240,3.00,2009-04-22T12:00:00+00:00
1.858270,45.786900,11.80,2009-04-22T12:00:00+00:00
1.858500,45.812240,17.60,2009-04-22T12:00:00+00:00
1.858340,45.785870,6.30,2009-04-22T12:00:00+00:00
1.858320,45.786320,9.60,2009-04-22T12:00:00+00:00
1.858310,45.814490,13.60,2009-04-22T12:00:00+00:00
1.858310,45.812470,21.60,2009-04-22T12:00:00+00:00
1.858360,45.786250,9.10,2009-04-22T12:00:00+00:00
1.858310,45.785380,1.30,2009-04-22T12:00:00+00:00
1.858370,45.812390,20.00,2009-04-22T12:00:00+00:00
1.858250,45.812540,22.70,2009-04-22T12:00:00+00:00
1.858250,45.785460,1.00,2009-04-22T12:00:00+00:00
1.858240,45.786390,9.90,2009-04-22T12:00:00+00:00
1.858240,45.785530,1.10,2009-04-22T12:00:00+00:00
1.858220,45.815000,13.50,2009-04-22T12:00:00+00:00
1.858220,45.798160,21.20,2009-04-22T12:00:00+00:00
1.858310,45.798220,20.60,2009-04-22T12:00:00+00:00
1.858430,45.812310,19.00,2009-04-22T12:00:00+00:00
1.858810,45.785040,2.50,2009-04-22T12:00:00+00:00
1.858490,45.798360,20.00,2009-04-22T12:00:00+00:00
1.858490,45.785290,2.20,2009-04-22T12:00:00+00:00
1.858480,45.786020,7.50,2009-04-22T12:00:00+00:00
1.858470,45.814940,18.00,2009-04-22T12:00:00+00:00
1.858340,45.814980,17.00,2009-04-22T12:00:00+00:00
1.858450,45.786100,8.20,2009-04-22T12:00:00+00:00
1.858500,45.786980,8.80,2009-04-22T12:00:00+00:00
1.858400,45.814550,16.50,2009-04-22T12:00:00+00:00
1.858400,45.798300,20.10,2009-04-22T12:00:00+00:00
1.858400,45.786170,8.70,2009-04-22T12:00:00+00:00
1.858400,45.785940,7.00,2009-04-22T12:00:00+00:00
1.858400,45.785320,1.80,2009-04-22T12:00:00+00:00
1.858390,45.786940,11.20,2009-04-22T12:00:00+00:00
1.858470,45.786020,7.90,2009-04-22T12:00:00+00:00
1.859040,45.786350,3.20,2009-04-22T12:00:00+00:00
1.859000,45.816900,0.80,2009-04-22T12:00:00+00:00
1.859080,45.785170,2.50,2009-04-22T12:00:00+00:00
1.859070,45.795000,3.00,2009-04-22T12:00:00+00:00
1.859060,45.798860,17.70,2009-04-22T12:00:00+00:00
1.859050,45.814770,21.70,2009-04-22T12:00:00+00:00
1.859080,45.816860,1.00,2009-04-22T12:00:00+00:00
1.859040,45.794920,3.50,2009-04-22T12:00:00+00:00
1.859090,45.816710,2.80,2009-04-22T12:00:00+00:00
1.859030,45.794360,1.30,2009-04-22T12:00:00+00:00
1.859030,45.784580,0.70,2009-04-22T12:00:00+00:00
1.859020,45.816760,2.20,2009-04-22T12:00:00+00:00
1.859020,45.787180,1.40,2009-04-22T12:00:00+00:00
1.859010,45.811520,6.30,2009-04-22T12:00:00+00:00
1.858780,45.814800,20.70,2009-04-22T12:00:00+00:00
1.859050,45.811430,5.70,2009-04-22T12:00:00+00:00
1.859150,45.786390,3.00,2009-04-22T12:00:00+00:00
1.859190,45.787220,0.50,2009-04-22T12:00:00+00:00
1.859180,45.816850,1.10,2009-04-22T12:00:00+00:00
1.859180,45.815040,20.90,2009-04-22T12:00:00+00:00
1.859170,45.814740,21.80,2009-04-22T12:00:00+00:00
1.859160,45.811270,4.60,2009-04-22T12:00:00+00:00
1.859080,45.814980,20.80,2009-04-22T12:00:00+00:00
1.859150,45.798920,16.60,2009-04-22T12:00:00+00:00
1.858980,45.814920,21.30,2009-04-22T12:00:00+00:00
1.859140,45.795160,2.40,2009-04-22T12:00:00+00:00
1.859120,45.794340,1.50,2009-04-22T12:00:00+00:00
1.859120,45.784600,0.70,2009-04-22T12:00:00+00:00
1.859110,45.811350,5.10,2009-04-22T12:00:00+00:00
1.859110,45.795080,2.60,2009-04-22T12:00:00+00:00
1.859110,45.787230,0.80,2009-04-22T12:00:00+00:00
1.859150,45.816640,4.00,2009-04-22T12:00:00+00:00
1.858840,45.784900,2.10,2009-04-22T12:00:00+00:00
1.859010,45.794840,3.70,2009-04-22T12:00:00+00:00
1.858860,45.784820,1.80,2009-04-22T12:00:00+00:00
1.858860,45.784730,1.50,2009-04-22T12:00:00+00:00
1.858860,45.784640,1.20,2009-04-22T12:00:00+00:00
1.858850,45.794420,1.10,2009-04-22T12:00:00+00:00
1.858880,45.814860,20.80,2009-04-22T12:00:00+00:00
1.858840,45.785210,3.00,2009-04-22T12:00:00+00:00
1.858890,45.794590,2.80,2009-04-22T12:00:00+00:00
1.858830,45.811760,10.20,2009-04-22T12:00:00+00:00
1.858830,45.784970,2.30,2009-04-22T12:00:00+00:00
1.858820,45.814840,21.00,2009-04-22T12:00:00+00:00
1.858820,45.798650,19.00,2009-04-22T12:00:00+00:00
1.858810,45.787120,4.60,2009-04-22T12:00:00+00:00
1.859880,45.794470,9.80,2009-04-22T12:00:00+00:00
1.858840,45.786260,3.50,2009-04-22T12:00:00+00:00
1.858930,45.816860,0.70,2009-04-22T12:00:00+00:00
1.858980,45.798790,18.60,2009-04-22T12:00:00+00:00
1.858970,45.794750,3.60,2009-04-22T12:00:00+00:00
1.858960,45.811600,7.30,2009-04-22T12:00:00+00:00
1.858960,45.785190,2.80,2009-04-22T12:00:00+00:00
1.858940,45.816800,1.50,2009-04-22T12:00:00+00:00
1.858860,45.794500,2.00,2009-04-22T12:00:00+00:00
1.858940,45.786300,3.10,2009-04-22T12:00:00+00:00
1.858790,45.785110,2.90,2009-04-22T12:00:00+00:00
1.858930,45.794670,3.30,2009-04-22T12:00:00+00:00
1.858920,45.794370,1.00,2009-04-22T12:00:00+00:00
1.858920,45.787150,3.00,2009-04-22T12:00:00+00:00
1.858910,45.784580,0.90,2009-04-22T12:00:00+00:00
1.858900,45.798720,18.80,2009-04-22T12:00:00+00:00
1.858890,45.811680,9.00,2009-04-22T12:00:00+00:00
1.858940,45.814810,21.50,2009-04-22T12:00:00+00:00
1.855120,45.791040,20.60,2009-04-22T12:00:00+00:00
1.855040,45.799830,24.20,2009-04-22T12:00:00+00:00
1.855040,45.802760,28.40,2009-04-22T12:00:00+00:00
1.855060,45.781080,4.40,2009-04-22T12:00:00+00:00
1.855060,45.790700,19.40,2009-04-22T12:00:00+00:00
1.855060,45.805870,28.40,2009-04-22T12:00:00+00:00
1.855060,45.812540,30.40,2009-04-22T12:00:00+00:00
1.855070,45.792290,22.10,2009-04-22T12:00:00+00:00
1.855080,45.790780,20.20,2009-04-22T12:00:00+00:00
1.855090,45.790870,20.10,2009-04-22T12:00:00+00:00
1.855090,45.797770,25.20,2009-04-22T12:00:00+00:00
1.855100,45.788200,19.50,2009-04-22T12:00:00+00:00
1.855110,45.781380,8.20,2009-04-22T12:00:00+00:00
1.855110,45.790960,19.70,2009-04-22T12:00:00+00:00
1.854850,45.793560,23.80,2009-04-22T12:00:00+00:00
1.855140,45.792720,24.10,2009-04-22T12:00:00+00:00
1.855160,45.792810,24.00,2009-04-22T12:00:00+00:00
1.855160,45.792460,23.70,2009-04-22T12:00:00+00:00
1.855160,45.791380,21.50,2009-04-22T12:00:00+00:00
1.855160,45.791120,19.60,2009-04-22T12:00:00+00:00
1.855140,45.812600,29.30,2009-04-22T12:00:00+00:00
1.855110,45.803790,28.20,2009-04-22T12:00:00+00:00
1.855140,45.793700,23.40,2009-04-22T12:00:00+00:00
1.855110,45.814430,7.20,2009-04-22T12:00:00+00:00
1.855140,45.792640,23.60,2009-04-22T12:00:00+00:00
1.855140,45.792540,23.70,2009-04-22T12:00:00+00:00
1.855140,45.791300,21.40,2009-04-22T12:00:00+00:00
1.855140,45.791210,21.50,2009-04-22T12:00:00+00:00
1.855130,45.786940,10.40,2009-04-22T12:00:00+00:00
1.855040,45.790620,18.60,2009-04-22T12:00:00+00:00
1.855140,45.802720,28.00,2009-04-22T12:00:00+00:00
1.854900,45.788440,18.70,2009-04-22T12:00:00+00:00
1.855040,45.793660,25.50,2009-04-22T12:00:00+00:00
1.854930,45.802810,28.80,2009-04-22T12:00:00+00:00
1.854920,45.803920,28.30,2009-04-22T12:00:00+00:00
1.854920,45.791050,16.60,2009-04-22T12:00:00+00:00
1.854910,45.799830,24.50,2009-04-22T12:00:00+00:00
1.854940,45.794720,13.20,2009-04-22T12:00:00+00:00
1.854910,45.790280,17.00,2009-04-22T12:00:00+00:00
1.854950,45.793610,24.60,2009-04-22T12:00:00+00:00
1.854880,45.814350,8.80,2009-04-22T12:00:00+00:00
1.854880,45.786930,11.10,2009-04-22T12:00:00+00:00
1.854870,45.805980,28.30,2009-04-22T12:00:00+00:00
1.854870,45.790200,16.80,2009-04-22T12:00:00+00:00
1.854860,45.781410,8.90,2009-04-22T12:00:00+00:00
1.855400,45.814200,15.20,2009-04-22T12:00:00+00:00
1.854910,45.797640,25.50,2009-04-22T12:00:00+00:00
1.854980,45.790450,18.10,2009-04-22T12:00:00+00:00
1.855170,45.788130,19.50,2009-04-22T12:00:00+00:00
1.855030,45.788280,19.20,2009-04-22T12:00:00+00:00
1.855020,45.803850,29.20,2009-04-22T12:00:00+00:00
1.855020,45.790540,18.20,2009-04-22T12:00:00+00:00
1.855000,45.814390,8.10,2009-04-22T12:00:00+00:00
1.854940,45.781080,4.60,2009-04-22T12:00:00+00:00
1.855000,45.786940,10.50,2009-04-22T12:00:00+00:00
1.855040,45.791090,17.70,2009-04-22T12:00:00+00:00
1.854980,45.781400,8.60,2009-04-22T12:00:00+00:00
1.854970,45.805930,28.40,2009-04-22T12:00:00+00:00
1.854970,45.788360,19.00,2009-04-22T12:00:00+00:00
1.854960,45.792300,22.00,2009-04-22T12:00:00+00:00
1.854960,45.790360,17.50,2009-04-22T12:00:00+00:00
1.854950,45.812480,29.30,2009-04-22T12:00:00+00:00
1.855000,45.797700,25.40,2009-04-22T12:00:00+00:00
1.855290,45.794710,8.20,2009-04-22T12:00:00+00:00
1.855250,45.805760,29.20,2009-04-22T12:00:00+00:00
1.855320,45.793670,16.90,2009-04-22T12:00:00+00:00
1.855320,45.781070,2.30,2009-04-22T12:00:00+00:00
1.855310,45.792280,22.90,2009-04-22T12:00:00+00:00
1.855300,45.803660,27.70,2009-04-22T12:00:00+00:00
1.855340,45.793760,15.30,2009-04-22T12:00:00+00:00
1.855290,45.814550,5.90,2009-04-22T12:00:00+00:00
1.855340,45.793800,17.00,2009-04-22T12:00:00+00:00
1.855290,45.787960,20.00,2009-04-22T12:00:00+00:00
1.855280,45.799830,23.70,2009-04-22T12:00:00+00:00
1.855270,45.793510,21.40,2009-04-22T12:00:00+00:00
1.855270,45.791160,20.70,2009-04-22T12:00:00+00:00
1.855260,45.802670,27.80,2009-04-22T12:00:00+00:00
1.855160,45.799830,24.10,2009-04-22T12:00:00+00:00
1.855300,45.793580,18.70,2009-04-22T12:00:00+00:00
1.855380,45.786950,11.20,2009-04-22T12:00:00+00:00
1.855400,45.813820,18.10,2009-04-22T12:00:00+00:00
1.855400,45.813730,17.80,2009-04-22T12:00:00+00:00
1.855400,45.803600,27.10,2009-04-22T12:00:00+00:00
1.855400,45.794010,11.20,2009-04-22T12:00:00+00:00
1.855400,45.787810,18.90,2009-04-22T12:00:00+00:00
1.855340,45.787880,19.10,2009-04-22T12:00:00+00:00
1.855380,45.793920,12.60,2009-04-22T12:00:00+00:00
1.855250,45.786950,10.80,2009-04-22T12:00:00+00:00
1.855370,45.802630,27.60,2009-04-22T12:00:00+00:00
1.855360,45.793840,14.00,2009-04-22T12:00:00+00:00
1.855360,45.781350,7.70,2009-04-22T12:00:00+00:00
1.855350,45.805720,28.90,2009-04-22T12:00:00+00:00
1.855340,45.812730,30.70,2009-04-22T12:00:00+00:00
1.855340,45.797970,24.90,2009-04-22T12:00:00+00:00
1.855390,45.791190,21.10,2009-04-22T12:00:00+00:00
1.855180,45.792290,22.70,2009-04-22T12:00:00+00:00
1.855260,45.797900,24.60,2009-04-22T12:00:00+00:00
1.855200,45.791540,21.40,2009-04-22T12:00:00+00:00
1.855190,45.792280,22.50,2009-04-22T12:00:00+00:00
1.855190,45.792210,22.30,2009-04-22T12:00:00+00:00
1.855190,45.781070,3.50,2009-04-22T12:00:00+00:00
1.855200,45.791720,21.20,2009-04-22T12:00:00+00:00
1.855180,45.793070,24.80,2009-04-22T12:00:00+00:00
1.855200,45.791870,21.50,2009-04-22T12:00:00+00:00
1.855180,45.791460,21.30,2009-04-22T12:00:00+00:00
1.855170,45.794720,9.80,2009-04-22T12:00:00+00:00
1.855170,45.792990,24.20,2009-04-22T12:00:00+00:00
1.855170,45.792900,24.10,2009-04-22T12:00:00+00:00
1.855170,45.792380,22.50,2009-04-22T12:00:00+00:00
1.854850,45.788520,18.60,2009-04-22T12:00:00+00:00
1.855180,45.797830,25.20,2009-04-22T12:00:00+00:00
1.855210,45.792040,22.20,2009-04-22T12:00:00+00:00
1.855240,45.812670,30.10,2009-04-22T12:00:00+00:00
1.855240,45.793740,20.40,2009-04-22T12:00:00+00:00
1.855240,45.793420,23.20,2009-04-22T12:00:00+00:00
1.855240,45.788040,19.70,2009-04-22T12:00:00+00:00
1.855240,45.781360,7.90,2009-04-22T12:00:00+00:00
1.855200,45.791630,21.40,2009-04-22T12:00:00+00:00
1.855220,45.793240,24.00,2009-04-22T12:00:00+00:00
1.855160,45.805820,28.60,2009-04-22T12:00:00+00:00
1.855210,45.791960,22.00,2009-04-22T12:00:00+00:00
1.855210,45.791800,21.60,2009-04-22T12:00:00+00:00
1.855200,45.814490,6.30,2009-04-22T12:00:00+00:00
1.855200,45.803720,28.00,2009-04-22T12:00:00+00:00
1.855200,45.793160,24.10,2009-04-22T12:00:00+00:00
1.855200,45.792120,22.30,2009-04-22T12:00:00+00:00
1.855220,45.793320,23.70,2009-04-22T12:00:00+00:00
1.854370,45.786950,16.30,2009-04-22T12:00:00+00:00
1.854280,45.803080,21.10,2009-04-22T12:00:00+00:00
1.854290,45.799830,25.10,2009-04-22T12:00:00+00:00
1.854290,45.806310,27.10,2009-04-22T12:00:00+00:00
1.854300,45.781100,7.60,2009-04-22T12:00:00+00:00
1.854300,45.788940,14.20,2009-04-22T12:00:00+00:00
1.854320,45.814180,9.00,2009-04-22T12:00:00+00:00
1.854330,45.790880,13.10,2009-04-22T12:00:00+00:00
1.854330,45.804400,28.20,2009-04-22T12:00:00+00:00
1.854350,45.789030,13.80,2009-04-22T12:00:00+00:00
1.854350,45.793330,21.10,2009-04-22T12:00:00+00:00
1.854350,45.794740,24.80,2009-04-22T12:00:00+00:00
1.854360,45.781470,10.30,2009-04-22T12:00:00+00:00
1.854360,45.789020,13.70,2009-04-22T12:00:00+00:00
1.854850,45.812420,28.50,2009-04-22T12:00:00+00:00
1.854420,45.788960,14.60,2009-04-22T12:00:00+00:00
1.854440,45.814200,8.00,2009-04-22T12:00:00+00:00
1.854440,45.812200,28.50,2009-04-22T12:00:00+00:00
1.854440,45.793380,22.00,2009-04-22T12:00:00+00:00
1.854440,45.790920,13.90,2009-04-22T12:00:00+00:00
1.854440,45.781100,6.30,2009-04-22T12:00:00+00:00
1.854360,45.797270,25.90,2009-04-22T12:00:00+00:00
1.854420,45.799820,24.80,2009-04-22T12:00:00+00:00
1.854360,45.812150,25.40,2009-04-22T12:00:00+00:00
1.854400,45.804330,28.60,2009-04-22T12:00:00+00:00
1.854390,45.806260,27.30,2009-04-22T12:00:00+00:00
1.854390,45.789100,13.70,2009-04-22T12:00:00+00:00
1.854380,45.803040,22.80,2009-04-22T12:00:00+00:00
1.854380,45.792320,20.20,2009-04-22T12:00:00+00:00
1.854260,45.812080,22.20,2009-04-22T12:00:00+00:00
1.854430,45.789180,13.40,2009-04-22T12:00:00+00:00
1.854100,45.806410,26.80,2009-04-22T12:00:00+00:00
1.854280,45.797210,26.00,2009-04-22T12:00:00+00:00
1.854170,45.804550,28.00,2009-04-22T12:00:00+00:00
1.854150,45.793220,20.00,2009-04-22T12:00:00+00:00
1.854140,45.789250,12.10,2009-04-22T12:00:00+00:00
1.854130,45.788700,14.80,2009-04-22T12:00:00+00:00
1.854180,45.788790,14.30,2009-04-22T12:00:00+00:00
1.854110,45.786950,16.20,2009-04-22T12:00:00+00:00
1.854180,45.799830,25.40,2009-04-22T12:00:00+00:00
1.854100,45.804620,26.70,2009-04-22T12:00:00+00:00
1.854100,45.797080,25.90,2009-04-22T12:00:00+00:00
1.854100,45.781500,10.50,2009-04-22T12:00:00+00:00
1.856640,45.799820,14.40,2009-04-22T12:00:00+00:00
1.859890,45.786280,1.70,2009-04-22T12:00:00+00:00
1.854080,45.814140,8.40,2009-04-22T12:00:00+00:00
1.854110,45.794760,25.30,2009-04-22T12:00:00+00:00
1.854230,45.781490,10.40,2009-04-22T12:00:00+00:00
1.854460,45.794740,23.00,2009-04-22T12:00:00+00:00
1.854260,45.792330,18.40,2009-04-22T12:00:00+00:00
1.854250,45.804470,27.90,2009-04-22T12:00:00+00:00
1.854250,45.793270,20.30,2009-04-22T12:00:00+00:00
1.854240,45.788860,14.10,2009-04-22T12:00:00+00:00
1.854180,45.781090,8.20,2009-04-22T12:00:00+00:00
1.854230,45.794750,25.00,2009-04-22T12:00:00+00:00
1.854280,45.789100,13.30,2009-04-22T12:00:00+00:00
1.854200,45.790850,11.50,2009-04-22T12:00:00+00:00
1.854200,45.789170,12.90,2009-04-22T12:00:00+00:00
1.854190,45.814160,7.80,2009-04-22T12:00:00+00:00
1.854190,45.806360,26.90,2009-04-22T12:00:00+00:00
1.854190,45.797140,25.70,2009-04-22T12:00:00+00:00
1.854180,45.812020,20.20,2009-04-22T12:00:00+00:00
1.854240,45.786950,16.30,2009-04-22T12:00:00+00:00
1.854690,45.790980,15.80,2009-04-22T12:00:00+00:00
1.854650,45.812310,29.70,2009-04-22T12:00:00+00:00
1.854730,45.788670,17.40,2009-04-22T12:00:00+00:00
1.854730,45.781430,9.40,2009-04-22T12:00:00+00:00
1.854720,45.802910,27.60,2009-04-22T12:00:00+00:00
1.854720,45.797520,25.50,2009-04-22T12:00:00+00:00
1.854730,45.804050,28.70,2009-04-22T12:00:00+00:00
1.854700,45.789940,14.40,2009-04-22T12:00:00+00:00
1.854750,45.786930,12.00,2009-04-22T12:00:00+00:00
1.854690,45.781100,3.20,2009-04-22T12:00:00+00:00
1.854670,45.806080,28.30,2009-04-22T12:00:00+00:00
1.854670,45.789860,12.50,2009-04-22T12:00:00+00:00
1.854660,45.814270,8.40,2009-04-22T12:00:00+00:00
1.854660,45.799810,24.60,2009-04-22T12:00:00+00:00
1.854450,45.789260,13.30,2009-04-22T12:00:00+00:00
1.854700,45.794730,17.30,2009-04-22T12:00:00+00:00
1.854800,45.788600,17.90,2009-04-22T12:00:00+00:00
1.854840,45.792310,21.50,2009-04-22T12:00:00+00:00
1.854820,45.802860,28.30,2009-04-22T12:00:00+00:00
1.854820,45.797580,25.60,2009-04-22T12:00:00+00:00
1.854810,45.794720,15.00,2009-04-22T12:00:00+00:00
1.854810,45.790110,16.50,2009-04-22T12:00:00+00:00
1.854730,45.792310,21.60,2009-04-22T12:00:00+00:00
1.854800,45.791010,15.90,2009-04-22T12:00:00+00:00
1.854650,45.793480,22.70,2009-04-22T12:00:00+00:00
1.854790,45.799820,24.70,2009-04-22T12:00:00+00:00
1.854780,45.814320,9.20,2009-04-22T12:00:00+00:00
1.854770,45.806030,28.00,2009-04-22T12:00:00+00:00
1.854750,45.812360,29.20,2009-04-22T12:00:00+00:00
1.854750,45.793520,23.40,2009-04-22T12:00:00+00:00
1.854750,45.790020,15.70,2009-04-22T12:00:00+00:00
1.854810,45.781090,3.60,2009-04-22T12:00:00+00:00
1.854500,45.786940,14.80,2009-04-22T12:00:00+00:00
1.854660,45.788750,17.30,2009-04-22T12:00:00+00:00
1.854550,45.793420,22.50,2009-04-22T12:00:00+00:00
1.854540,45.799810,24.90,2009-04-22T12:00:00+00:00
1.854540,45.797400,25.60,2009-04-22T12:00:00+00:00
1.854540,45.789430,13.00,2009-04-22T12:00:00+00:00
1.854550,45.814230,8.00,2009-04-22T12:00:00+00:00
1.854500,45.788890,15.80,2009-04-22T12:00:00+00:00
1.854560,45.781100,4.30,2009-04-22T12:00:00+00:00
1.854490,45.802990,25.40,2009-04-22T12:00:00+00:00
1.854490,45.789350,13.30,2009-04-22T12:00:00+00:00
1.854480,45.806200,28.00,2009-04-22T12:00:00+00:00
1.854480,45.804260,28.40,2009-04-22T12:00:00+00:00
1.854480,45.781460,10.00,2009-04-22T12:00:00+00:00
1.854160,45.803130,19.90,2009-04-22T12:00:00+00:00
1.854500,45.792320,20.90,2009-04-22T12:00:00+00:00
1.854610,45.781440,9.80,2009-04-22T12:00:00+00:00
1.854640,45.804120,28.40,2009-04-22T12:00:00+00:00
1.854640,45.789770,12.00,2009-04-22T12:00:00+00:00
1.854630,45.789680,12.00,2009-04-22T12:00:00+00:00
1.854620,45.797460,25.60,2009-04-22T12:00:00+00:00
1.854620,45.792310,21.40,2009-04-22T12:00:00+00:00
1.854550,45.812260,29.60,2009-04-22T12:00:00+00:00
1.854610,45.789600,12.40,2009-04-22T12:00:00+00:00
1.854450,45.797330,25.50,2009-04-22T12:00:00+00:00
1.854580,45.794740,20.60,2009-04-22T12:00:00+00:00
1.854580,45.788820,16.60,2009-04-22T12:00:00+00:00
1.854570,45.806140,28.00,2009-04-22T12:00:00+00:00
1.854570,45.789520,12.90,2009-04-22T12:00:00+00:00
1.854560,45.804190,28.20,2009-04-22T12:00:00+00:00
1.854560,45.790950,15.10,2009-04-22T12:00:00+00:00
1.854620,45.786930,14.00,2009-04-22T12:00:00+00:00
1.856140,45.813220,8.80,2009-04-22T12:00:00+00:00
1.856060,45.791460,23.90,2009-04-22T12:00:00+00:00
1.856060,45.794230,1.60,2009-04-22T12:00:00+00:00
1.856060,45.803220,22.40,2009-04-22T12:00:00+00:00
1.856080,45.810560,30.80,2009-04-22T12:00:00+00:00
1.856110,45.786960,12.20,2009-04-22T12:00:00+00:00
1.856110,45.810480,30.80,2009-04-22T12:00:00+00:00
1.856120,45.780990,3.10,2009-04-22T12:00:00+00:00
1.856120,45.781270,5.80,2009-04-22T12:00:00+00:00
1.856120,45.786930,12.20,2009-04-22T12:00:00+00:00
1.856120,45.792320,24.00,2009-04-22T12:00:00+00:00
1.856120,45.795990,22.90,2009-04-22T12:00:00+00:00
1.856120,45.798630,23.70,2009-04-22T12:00:00+00:00
1.856120,45.805310,28.60,2009-04-22T12:00:00+00:00
1.856240,45.810130,29.70,2009-04-22T12:00:00+00:00
1.856170,45.810310,30.80,2009-04-22T12:00:00+00:00
1.855940,45.795670,21.40,2009-04-22T12:00:00+00:00
1.856230,45.796140,22.20,2009-04-22T12:00:00+00:00
1.856230,45.786920,11.60,2009-04-22T12:00:00+00:00
1.856230,45.786810,8.60,2009-04-22T12:00:00+00:00
1.856220,45.798700,23.40,2009-04-22T12:00:00+00:00
1.856130,45.810400,30.50,2009-04-22T12:00:00+00:00
1.856200,45.805260,30.60,2009-04-22T12:00:00+00:00
1.856140,45.799820,20.00,2009-04-22T12:00:00+00:00
1.856170,45.803170,21.30,2009-04-22T12:00:00+00:00
1.856170,45.796070,22.60,2009-04-22T12:00:00+00:00
1.856170,45.791500,23.80,2009-04-22T12:00:00+00:00
1.856170,45.786880,10.60,2009-04-22T12:00:00+00:00
1.856150,45.802360,15.10,2009-04-22T12:00:00+00:00
1.856040,45.810650,30.30,2009-04-22T12:00:00+00:00
1.856200,45.810220,30.70,2009-04-22T12:00:00+00:00
1.855960,45.810920,30.00,2009-04-22T12:00:00+00:00
1.856050,45.795910,22.60,2009-04-22T12:00:00+00:00
1.856000,45.792310,24.00,2009-04-22T12:00:00+00:00
1.856000,45.786930,12.70,2009-04-22T12:00:00+00:00
1.856000,45.781280,6.50,2009-04-22T12:00:00+00:00
1.855980,45.810830,29.90,2009-04-22T12:00:00+00:00
1.856010,45.781010,2.80,2009-04-22T12:00:00+00:00
1.855980,45.787120,14.20,2009-04-22T12:00:00+00:00
1.856010,45.795840,22.30,2009-04-22T12:00:00+00:00
1.855960,45.803270,24.10,2009-04-22T12:00:00+00:00
1.855960,45.798500,24.20,2009-04-22T12:00:00+00:00
1.855950,45.791410,23.30,2009-04-22T12:00:00+00:00
1.855940,45.813100,13.50,2009-04-22T12:00:00+00:00
1.855940,45.811000,29.80,2009-04-22T12:00:00+00:00
1.855940,45.805420,28.70,2009-04-22T12:00:00+00:00
1.855980,45.795750,21.80,2009-04-22T12:00:00+00:00
1.856040,45.787040,13.50,2009-04-22T12:00:00+00:00
1.856250,45.780970,2.70,2009-04-22T12:00:00+00:00
1.856040,45.805370,28.80,2009-04-22T12:00:00+00:00
1.856040,45.802390,18.90,2009-04-22T12:00:00+00:00
1.856040,45.798560,23.50,2009-04-22T12:00:00+00:00
1.856040,45.794620,0.70,2009-04-22T12:00:00+00:00
1.856000,45.794660,0.90,2009-04-22T12:00:00+00:00
1.856040,45.794300,1.00,2009-04-22T12:00:00+00:00
1.856040,45.813160,10.50,2009-04-22T12:00:00+00:00
1.856030,45.794490,0.50,2009-04-22T12:00:00+00:00
1.856030,45.794430,0.70,2009-04-22T12:00:00+00:00
1.856020,45.810740,30.50,2009-04-22T12:00:00+00:00
1.856020,45.799820,20.20,2009-04-22T12:00:00+00:00
1.856020,45.794360,1.00,2009-04-22T12:00:00+00:00
1.856020,45.794170,2.70,2009-04-22T12:00:00+00:00
1.856040,45.794560,0.60,2009-04-22T12:00:00+00:00
1.856560,45.809360,28.60,2009-04-22T12:00:00+00:00
1.856480,45.781260,2.90,2009-04-22T12:00:00+00:00
1.856480,45.786880,10.80,2009-04-22T12:00:00+00:00
1.856480,45.792370,22.70,2009-04-22T12:00:00+00:00
1.856480,45.798900,23.50,2009-04-22T12:00:00+00:00
1.856480,45.809620,28.80,2009-04-22T12:00:00+00:00
1.856490,45.780910,2.70,2009-04-22T12:00:00+00:00
1.856500,45.791620,23.10,2009-04-22T12:00:00+00:00
1.856500,45.809540,29.10,2009-04-22T12:00:00+00:00
1.856510,45.799820,16.20,2009-04-22T12:00:00+00:00
1.856510,45.805100,24.80,2009-04-22T12:00:00+00:00
1.856530,45.796540,22.80,2009-04-22T12:00:00+00:00
1.856530,45.809450,28.60,2009-04-22T12:00:00+00:00
1.856540,45.786540,1.90,2009-04-22T12:00:00+00:00
1.856240,45.792330,24.80,2009-04-22T12:00:00+00:00
1.856610,45.809280,28.50,2009-04-22T12:00:00+00:00
1.856630,45.786500,1.80,2009-04-22T12:00:00+00:00
1.856620,45.805060,22.70,2009-04-22T12:00:00+00:00
1.854150,45.792340,15.60,2009-04-22T12:00:00+00:00
1.855410,45.794100,10.00,2009-04-22T12:00:00+00:00
1.856640,45.799030,22.50,2009-04-22T12:00:00+00:00
1.856560,45.798970,22.90,2009-04-22T12:00:00+00:00
1.856620,45.791650,22.80,2009-04-22T12:00:00+00:00
1.856560,45.802950,14.30,2009-04-22T12:00:00+00:00
1.856600,45.780880,2.70,2009-04-22T12:00:00+00:00
1.856590,45.786860,10.10,2009-04-22T12:00:00+00:00
1.856570,45.796620,23.00,2009-04-22T12:00:00+00:00
1.856570,45.781230,2.40,2009-04-22T12:00:00+00:00
1.856560,45.813420,6.10,2009-04-22T12:00:00+00:00
1.856450,45.809710,28.60,2009-04-22T12:00:00+00:00
1.856620,45.796700,23.20,2009-04-22T12:00:00+00:00
1.856290,45.796220,22.40,2009-04-22T12:00:00+00:00
1.856470,45.813370,6.50,2009-04-22T12:00:00+00:00
1.856360,45.786900,11.20,2009-04-22T12:00:00+00:00
1.856330,45.809970,28.90,2009-04-22T12:00:00+00:00
1.856310,45.805220,29.50,2009-04-22T12:00:00+00:00
1.856300,45.786740,6.30,2009-04-22T12:00:00+00:00
1.856360,45.796300,22.40,2009-04-22T12:00:00+00:00
1.856290,45.798760,23.70,2009-04-22T12:00:00+00:00
1.856360,45.813320,6.90,2009-04-22T12:00:00+00:00
1.856290,45.791540,23.30,2009-04-22T12:00:00+00:00
1.856270,45.803110,19.60,2009-04-22T12:00:00+00:00
1.856270,45.802330,11.80,2009-04-22T12:00:00+00:00
1.856260,45.799810,19.20,2009-04-22T12:00:00+00:00
1.856250,45.813270,7.70,2009-04-22T12:00:00+00:00
1.856250,45.781270,5.00,2009-04-22T12:00:00+00:00
1.856290,45.810050,29.80,2009-04-22T12:00:00+00:00
1.856380,45.799810,17.70,2009-04-22T12:00:00+00:00
1.856590,45.792390,21.00,2009-04-22T12:00:00+00:00
1.856450,45.786590,2.90,2009-04-22T12:00:00+00:00
1.856410,45.809800,28.70,2009-04-22T12:00:00+00:00
1.856410,45.805160,26.70,2009-04-22T12:00:00+00:00
1.856400,45.796380,22.40,2009-04-22T12:00:00+00:00
1.856360,45.792340,23.60,2009-04-22T12:00:00+00:00
1.856380,45.802300,9.00,2009-04-22T12:00:00+00:00
1.856470,45.796460,22.60,2009-04-22T12:00:00+00:00
1.856380,45.798830,23.50,2009-04-22T12:00:00+00:00
1.856380,45.786660,4.30,2009-04-22T12:00:00+00:00
1.856380,45.780940,2.60,2009-04-22T12:00:00+00:00
1.856370,45.809880,28.80,2009-04-22T12:00:00+00:00
1.856370,45.803060,17.90,2009-04-22T12:00:00+00:00
1.856370,45.781270,4.10,2009-04-22T12:00:00+00:00
1.856400,45.791580,23.40,2009-04-22T12:00:00+00:00
1.855500,45.812810,29.20,2009-04-22T12:00:00+00:00
1.855490,45.802590,27.50,2009-04-22T12:00:00+00:00
1.855530,45.812630,30.70,2009-04-22T12:00:00+00:00
1.855530,45.793890,12.80,2009-04-22T12:00:00+00:00
1.855530,45.792280,23.40,2009-04-22T12:00:00+00:00
1.855520,45.794710,4.00,2009-04-22T12:00:00+00:00
1.855540,45.812860,29.50,2009-04-22T12:00:00+00:00
1.855510,45.812720,29.40,2009-04-22T12:00:00+00:00
1.855550,45.794680,3.90,2009-04-22T12:00:00+00:00
1.855500,45.803550,27.00,2009-04-22T12:00:00+00:00
1.855500,45.798110,24.50,2009-04-22T12:00:00+00:00
1.855500,45.794600,3.10,2009-04-22T12:00:00+00:00
1.855500,45.791240,22.20,2009-04-22T12:00:00+00:00
1.855500,45.786940,11.80,2009-04-22T12:00:00+00:00
1.855630,45.793930,10.50,2009-04-22T12:00:00+00:00
1.855520,45.787660,17.80,2009-04-22T12:00:00+00:00
1.855590,45.812360,29.80,2009-04-22T12:00:00+00:00
1.855630,45.786940,12.30,2009-04-22T12:00:00+00:00
1.855610,45.791290,22.40,2009-04-22T12:00:00+00:00
1.855610,45.781320,7.30,2009-04-22T12:00:00+00:00
1.855600,45.812270,29.80,2009-04-22T12:00:00+00:00
1.855600,45.802540,26.60,2009-04-22T12:00:00+00:00
1.855540,45.799830,23.30,2009-04-22T12:00:00+00:00
1.855600,45.787580,17.60,2009-04-22T12:00:00+00:00
1.855490,45.781330,7.30,2009-04-22T12:00:00+00:00
1.855590,45.803490,26.60,2009-04-22T12:00:00+00:00
1.855570,45.812450,29.60,2009-04-22T12:00:00+00:00
1.855570,45.798180,24.30,2009-04-22T12:00:00+00:00
1.855560,45.805620,28.40,2009-04-22T12:00:00+00:00
1.855560,45.781070,0.90,2009-04-22T12:00:00+00:00
1.855550,45.812540,30.70,2009-04-22T12:00:00+00:00
1.855600,45.794750,5.00,2009-04-22T12:00:00+00:00
1.855410,45.794710,6.40,2009-04-22T12:00:00+00:00
1.855490,45.812900,28.90,2009-04-22T12:00:00+00:00
1.855420,45.813460,21.80,2009-04-22T12:00:00+00:00
1.855420,45.798040,24.70,2009-04-22T12:00:00+00:00
1.855420,45.794180,9.00,2009-04-22T12:00:00+00:00
1.855410,45.814550,6.60,2009-04-22T12:00:00+00:00
1.855420,45.814380,10.20,2009-04-22T12:00:00+00:00
1.855410,45.814100,16.00,2009-04-22T12:00:00+00:00
1.855420,45.814470,7.90,2009-04-22T12:00:00+00:00
1.855410,45.799830,23.80,2009-04-22T12:00:00+00:00
1.855930,45.802430,21.40,2009-04-22T12:00:00+00:00
1.856610,45.802300,3.00,2009-04-22T12:00:00+00:00
1.855410,45.814010,16.50,2009-04-22T12:00:00+00:00
1.855410,45.813920,16.90,2009-04-22T12:00:00+00:00
1.855410,45.813640,18.50,2009-04-22T12:00:00+00:00
1.855410,45.814290,12.80,2009-04-22T12:00:00+00:00
1.855440,45.813270,24.30,2009-04-22T12:00:00+00:00
1.855480,45.813000,28.50,2009-04-22T12:00:00+00:00
1.855470,45.813080,28.20,2009-04-22T12:00:00+00:00
1.855460,45.794520,4.90,2009-04-22T12:00:00+00:00
1.855460,45.787730,18.50,2009-04-22T12:00:00+00:00
1.855450,45.813180,27.20,2009-04-22T12:00:00+00:00
1.855420,45.813550,20.30,2009-04-22T12:00:00+00:00
1.855450,45.794440,6.80,2009-04-22T12:00:00+00:00
1.855420,45.792280,23.00,2009-04-22T12:00:00+00:00
1.855440,45.812790,29.40,2009-04-22T12:00:00+00:00
1.855440,45.781070,1.30,2009-04-22T12:00:00+00:00
1.855430,45.813360,23.20,2009-04-22T12:00:00+00:00
1.855430,45.794350,7.60,2009-04-22T12:00:00+00:00
1.855430,45.794260,8.30,2009-04-22T12:00:00+00:00
1.855430,45.793840,14.90,2009-04-22T12:00:00+00:00
1.855450,45.805660,29.10,2009-04-22T12:00:00+00:00
1.855810,45.802460,23.90,2009-04-22T12:00:00+00:00
1.855780,45.803380,25.80,2009-04-22T12:00:00+00:00
1.855850,45.805480,30.10,2009-04-22T12:00:00+00:00
1.855840,45.813040,21.60,2009-04-22T12:00:00+00:00
1.855920,45.795580,20.80,2009-04-22T12:00:00+00:00
1.855840,45.795320,15.10,2009-04-22T12:00:00+00:00
1.855860,45.794680,2.00,2009-04-22T12:00:00+00:00
1.855820,45.795220,11.80,2009-04-22T12:00:00+00:00
1.855860,45.795400,17.80,2009-04-22T12:00:00+00:00
1.855810,45.798370,24.30,2009-04-22T12:00:00+00:00
1.855810,45.794040,6.00,2009-04-22T12:00:00+00:00
1.855800,45.795150,9.50,2009-04-22T12:00:00+00:00
1.855790,45.811540,30.90,2009-04-22T12:00:00+00:00
1.855790,45.787360,16.20,2009-04-22T12:00:00+00:00
1.855780,45.811630,29.10,2009-04-22T12:00:00+00:00
1.855820,45.811450,30.70,2009-04-22T12:00:00+00:00
1.855890,45.795500,19.60,2009-04-22T12:00:00+00:00
1.855910,45.794100,3.90,2009-04-22T12:00:00+00:00
1.855910,45.811090,29.70,2009-04-22T12:00:00+00:00
1.855630,45.812180,29.20,2009-04-22T12:00:00+00:00
1.855900,45.794660,2.20,2009-04-22T12:00:00+00:00
1.855890,45.811190,29.90,2009-04-22T12:00:00+00:00
1.855860,45.787270,15.60,2009-04-22T12:00:00+00:00
1.855900,45.799820,20.60,2009-04-22T12:00:00+00:00
1.855880,45.792290,24.50,2009-04-22T12:00:00+00:00
1.855880,45.781020,2.00,2009-04-22T12:00:00+00:00
1.855870,45.811280,30.80,2009-04-22T12:00:00+00:00
1.855870,45.786940,12.70,2009-04-22T12:00:00+00:00
1.855920,45.787200,15.00,2009-04-22T12:00:00+00:00
1.855870,45.781290,7.00,2009-04-22T12:00:00+00:00
1.855860,45.803320,25.10,2009-04-22T12:00:00+00:00
1.855890,45.798430,24.20,2009-04-22T12:00:00+00:00
1.855670,45.781060,0.90,2009-04-22T12:00:00+00:00
1.855710,45.811910,29.00,2009-04-22T12:00:00+00:00
1.855710,45.794890,5.50,2009-04-22T12:00:00+00:00
1.855700,45.802500,25.90,2009-04-22T12:00:00+00:00
1.855680,45.812000,29.60,2009-04-22T12:00:00+00:00
1.855680,45.803430,26.40,2009-04-22T12:00:00+00:00
1.855720,45.791330,22.50,2009-04-22T12:00:00+00:00
1.855670,45.794810,5.10,2009-04-22T12:00:00+00:00
1.855660,45.812080,29.30,2009-04-22T12:00:00+00:00
1.855660,45.805570,27.60,2009-04-22T12:00:00+00:00
1.855650,45.792280,23.70,2009-04-22T12:00:00+00:00
1.855660,45.787500,17.30,2009-04-22T12:00:00+00:00
1.855650,45.798240,24.30,2009-04-22T12:00:00+00:00
1.855640,45.812920,28.70,2009-04-22T12:00:00+00:00
1.855780,45.799830,21.60,2009-04-22T12:00:00+00:00
1.855640,45.794690,3.40,2009-04-22T12:00:00+00:00
1.855760,45.781040,1.30,2009-04-22T12:00:00+00:00
1.855780,45.795060,7.80,2009-04-22T12:00:00+00:00
1.855760,45.811730,29.00,2009-04-22T12:00:00+00:00
1.855660,45.799830,22.70,2009-04-22T12:00:00+00:00
1.855720,45.793990,8.10,2009-04-22T12:00:00+00:00
1.855760,45.805530,28.50,2009-04-22T12:00:00+00:00
1.855760,45.786940,12.70,2009-04-22T12:00:00+00:00
1.855740,45.812980,27.10,2009-04-22T12:00:00+00:00
1.855740,45.794690,2.70,2009-04-22T12:00:00+00:00
1.855730,45.787420,16.60,2009-04-22T12:00:00+00:00
1.855740,45.794980,6.50,2009-04-22T12:00:00+00:00
1.855730,45.798310,24.10,2009-04-22T12:00:00+00:00
1.855740,45.811820,29.20,2009-04-22T12:00:00+00:00
1.855740,45.781300,7.00,2009-04-22T12:00:00+00:00
1.855760,45.792290,23.90,2009-04-22T12:00:00+00:00
